contrast,metric,delta,mc_lo,mc_hi,split,n,set
attenuated-honest,A_own0,0.0,0.0,0.0,all,2000,beta0
attenuated-honest,B_own0,0.0,0.0,0.0,all,2000,beta0
attenuated-honest,nonc_A,0.1185,0.10433586544988445,0.13266413455011553,all,2000,beta0
attenuated-honest,nonc_B,0.000875,-0.006713893202405654,0.008463893202405655,all,2000,beta0
attenuated-honest,nonc_mutual,0.1215,0.10712342658588056,0.13587657341411943,all,2000,beta0
attenuated-honest,U_final,0.122625,0.10701434781252368,0.13823565218747633,all,2000,beta0
attenuated-honest,evidence_count,-0.0045,-0.03356157241609008,0.02456157241609008,all,2000,beta0
attenuated-honest,mean_rate,0.0009104166666666666,-0.000734080185945465,0.002554913519278798,all,2000,beta0
attenuated-honest,restrict_A,0.001083333333333333,-0.0030543109508377195,0.005220977617504385,all,2000,beta0
attenuated-honest,restrict_B,-0.000625,-0.003074097646623528,0.001824097646623528,all,2000,beta0
attenuated-honest,restrict_joint,0.0009583333333333335,-0.0028194058391398965,0.004736072505806563,all,2000,beta0
attenuated-honest,A_p_truth0,0.0,0.0,0.0,all,2000,beta0
attenuated-honest,A_p_truth,-0.1143424280270583,-0.12286895194257504,-0.10581590411154156,all,2000,beta0
attenuated-honest,B_p_truth0,0.0,0.0,0.0,all,2000,beta0
attenuated-honest,B_p_truth,-0.009585421525326264,-0.015437704785382065,-0.0037331382652704623,all,2000,beta0
attenuated-honest,A_dbelief,-0.15219569499309496,-0.15937122067132758,-0.14502016931486233,all,2000,beta0
attenuated-honest,B_dbelief,0.007863376063253812,0.002951474348161543,0.01277527777834608,all,2000,beta0
attenuated-honest,belief_gap_final,0.0892379251597734,0.08145562898661757,0.09702022133292923,all,2000,beta0
attenuated-honest,A_hidden_shift,-0.03493431343650067,-0.04057259501146142,-0.029296031861539923,all,2000,beta0
attenuated-honest,B_hidden_shift,0.004447053076183406,0.0003067240398452048,0.008587382112521608,all,2000,beta0
attenuated-honest,A_transp_err,0.022489643547782077,0.018673488466221404,0.02630579862934275,all,2000,beta0
attenuated-honest,B_transp_err,0.056324633186146,0.05122737673456995,0.06142188963772205,all,2000,beta0
attenuated-honest,A_ASSERT,0.07041666666666666,0.059862912639948355,0.08097042069338495,all,2000,beta0
attenuated-honest,A_CONCEDE,-0.096625,-0.10749156924015237,-0.08575843075984764,all,2000,beta0
attenuated-honest,A_PRESSURE,0.009666666666666665,0.006646355655202838,0.012686977678130493,all,2000,beta0
attenuated-honest,A_SILENCE,0.005,0.002104080292332952,0.007895919707667048,all,2000,beta0
attenuated-honest,A_ASK,0.005916666666666667,0.003146621397711177,0.008686711935622158,all,2000,beta0
attenuated-honest,A_REASSURE,0.005625,0.00349190697775932,0.0077580930222406795,all,2000,beta0
attenuated-honest,B_ASSERT,-0.010666666666666665,-0.016110504262772492,-0.005222829070560838,all,2000,beta0
attenuated-honest,B_CONCEDE,-0.0007083333333333328,-0.0054678634275259754,0.00405119676085931,all,2000,beta0
attenuated-honest,B_PRESSURE,0.004166666666666667,0.00248661122319268,0.005846722110140653,all,2000,beta0
attenuated-honest,B_SILENCE,0.001958333333333333,0.00035365389598161073,0.0035630127706850557,all,2000,beta0
attenuated-honest,B_ASK,0.0027916666666666667,0.0011769141123980974,0.004406419220935236,all,2000,beta0
attenuated-honest,B_REASSURE,0.002458333333333333,0.001194796152970747,0.0037218705136959195,all,2000,beta0
attenuated-honest,A_pC_true,0.0038283381947092775,-0.004938054320743122,0.012594730710161676,all,2000,beta0
attenuated-honest,A_pW_true,-0.023405048175349594,-0.03032760674244786,-0.016482489608251327,all,2000,beta0
attenuated-honest,B_pC_true,-0.12421012691020235,-0.13833089997350576,-0.11008935384689894,all,2000,beta0
attenuated-honest,B_pW_true,0.22618551585140706,0.2087819053168651,0.243589126385949,all,2000,beta0
attenuated-honest,A_own0,0.0,0.0,0.0,A_own0,1381,beta0
attenuated-honest,B_own0,0.0,0.0,0.0,A_own0,1381,beta0
attenuated-honest,nonc_A,0.1783128167994207,0.16071372863675817,0.19591190496208324,A_own0,1381,beta0
attenuated-honest,nonc_B,-0.01285300506879073,-0.021967185445025995,-0.003738824692555468,A_own0,1381,beta0
attenuated-honest,nonc_mutual,0.16527878349022448,0.14629873590443196,0.184258831076017,A_own0,1381,beta0
attenuated-honest,U_final,0.17958001448225924,0.15875165299899496,0.20040837596552352,A_own0,1381,beta0
attenuated-honest,evidence_count,-0.02606806661839247,-0.061279116772420365,0.009142983535635425,A_own0,1381,beta0
attenuated-honest,mean_rate,-0.0003590393434709147,-0.0023387399477311005,0.001620661260789271,A_own0,1381,beta0
attenuated-honest,restrict_A,0.0025343953656770456,-0.002541733311736631,0.007610524043090722,A_own0,1381,beta0
attenuated-honest,restrict_B,-0.0001810282404055034,-0.003291135869058715,0.002929079388247708,A_own0,1381,beta0
attenuated-honest,restrict_joint,0.0033791938209027273,-0.0012361826035819762,0.00799457024538743,A_own0,1381,beta0
attenuated-honest,A_p_truth0,0.0,0.0,0.0,A_own0,1381,beta0
attenuated-honest,A_p_truth,-0.12144843946695816,-0.1324923191024903,-0.11040455983142602,A_own0,1381,beta0
attenuated-honest,B_p_truth0,0.0,0.0,0.0,A_own0,1381,beta0
attenuated-honest,B_p_truth,-0.015648686445513527,-0.02259428164870645,-0.008703091242320604,A_own0,1381,beta0
attenuated-honest,A_dbelief,-0.1556308145428215,-0.16529991225926854,-0.14596171682637443,A_own0,1381,beta0
attenuated-honest,B_dbelief,0.007197374430567877,0.001188881496073625,0.01320586736506213,A_own0,1381,beta0
attenuated-honest,belief_gap_final,0.0870949037015961,0.07641965140699353,0.09777015599619868,A_own0,1381,beta0
attenuated-honest,A_hidden_shift,-0.02758929007758143,-0.033421135227435804,-0.021757444927727056,A_own0,1381,beta0
attenuated-honest,B_hidden_shift,-0.0009465500979274448,-0.005480027981593516,0.0035869277857386262,A_own0,1381,beta0
attenuated-honest,A_transp_err,0.03191688758673358,0.027029089377105752,0.03680468579636142,A_own0,1381,beta0
attenuated-honest,B_transp_err,0.041601101743429875,0.03531149026447238,0.04789071322238737,A_own0,1381,beta0
attenuated-honest,A_ASSERT,0.13088341781317886,0.1182340588019449,0.14353277682441282,A_own0,1381,beta0
attenuated-honest,A_CONCEDE,-0.14621047550084482,-0.1598448102292618,-0.13257614077242783,A_own0,1381,beta0
attenuated-honest,A_PRESSURE,0.007965242577842143,0.004191426825281544,0.011739058330402742,A_own0,1381,beta0
attenuated-honest,A_SILENCE,0.002775766352884383,-0.0006542720035531565,0.006205804709321923,A_own0,1381,beta0
attenuated-honest,A_ASK,0.0016895969104513636,-0.001575184352924236,0.004954378173826963,A_own0,1381,beta0
attenuated-honest,A_REASSURE,0.002896451846488052,0.00039127644152227173,0.005401627251453833,A_own0,1381,beta0
attenuated-honest,B_ASSERT,-0.029326574945691526,-0.035581567792001785,-0.023071582099381267,A_own0,1381,beta0
attenuated-honest,B_CONCEDE,0.010318609703113686,0.004729165439325543,0.015908053966901828,A_own0,1381,beta0
attenuated-honest,B_PRESSURE,0.005491189958966932,0.0032935817475293412,0.007688798170404524,A_own0,1381,beta0
attenuated-honest,B_SILENCE,0.0037412503017137336,0.0016607404350720452,0.005821760168355422,A_own0,1381,beta0
attenuated-honest,B_ASK,0.005792903692976104,0.0037255216210688655,0.007860285764883342,A_own0,1381,beta0
attenuated-honest,B_REASSURE,0.0039826212889210715,0.0024181557533443994,0.005547086824497744,A_own0,1381,beta0
attenuated-honest,A_pC_true,0.007002384714801497,-0.0044373686528434595,0.018442138082446453,A_own0,1381,beta0
attenuated-honest,A_pW_true,-0.0437827431748733,-0.052389692913969096,-0.03517579343577751,A_own0,1381,beta0
attenuated-honest,B_pC_true,-0.15538777178521115,-0.1725664391752504,-0.1382091043951719,A_own0,1381,beta0
attenuated-honest,B_pW_true,0.3216068534264416,0.30081816356357394,0.3423955432893092,A_own0,1381,beta0
costly-honest,A_own0,0.0,0.0,0.0,all,2000,beta0
costly-honest,B_own0,0.0,0.0,0.0,all,2000,beta0
costly-honest,nonc_A,0.38625,0.3665840046161599,0.40591599538384004,all,2000,beta0
costly-honest,nonc_B,-0.00275,-0.007698526842299077,0.002198526842299077,all,2000,beta0
costly-honest,nonc_mutual,0.38275,0.3626608370213044,0.40283916297869554,all,2000,beta0
costly-honest,U_final,0.378625,0.35742531668222643,0.39982468331777354,all,2000,beta0
costly-honest,evidence_count,0.2015,0.16187826178384354,0.24112173821615648,all,2000,beta0
costly-honest,mean_rate,0.01870208333333333,0.016445701132372037,0.020958465534294625,all,2000,beta0
costly-honest,restrict_A,0.0014166666666666672,-0.0038680664114943536,0.006701399744827688,all,2000,beta0
costly-honest,restrict_B,-0.0009999999999999998,-0.002770391265089342,0.0007703912650893424,all,2000,beta0
costly-honest,restrict_joint,-4.166666666666596e-05,-0.004637245847351883,0.004553912514018552,all,2000,beta0
costly-honest,A_p_truth0,0.0,0.0,0.0,all,2000,beta0
costly-honest,A_p_truth,0.01430097394218614,0.008666938080453945,0.019935009803918335,all,2000,beta0
costly-honest,B_p_truth0,0.0,0.0,0.0,all,2000,beta0
costly-honest,B_p_truth,-0.0006463333771094622,-0.005132420787872106,0.003839754033653181,all,2000,beta0
costly-honest,A_dbelief,0.012513979627458842,0.007845047568459683,0.017182911686458,all,2000,beta0
costly-honest,B_dbelief,0.005322423993297906,0.0015725552823226967,0.009072292704273116,all,2000,beta0
costly-honest,belief_gap_final,-0.02411658587777154,-0.027902306238116844,-0.020330865517426234,all,2000,beta0
costly-honest,A_hidden_shift,0.13807052433083328,0.12800042047253518,0.14814062818913137,all,2000,beta0
costly-honest,B_hidden_shift,0.001212325244439898,-0.0023079342536861313,0.004732584742565928,all,2000,beta0
costly-honest,A_transp_err,0.014281602730118945,0.011536305186447637,0.017026900273790252,all,2000,beta0
costly-honest,B_transp_err,-0.019518521648468942,-0.02361431152683695,-0.015422731770100933,all,2000,beta0
costly-honest,A_ASSERT,0.006499999999999999,0.0025351607069448168,0.010464839293055181,all,2000,beta0
costly-honest,A_CONCEDE,-0.3590833333333333,-0.37683426675579546,-0.34133239991087116,all,2000,beta0
costly-honest,A_PRESSURE,0.088375,0.08234802063727355,0.09440197936272644,all,2000,beta0
costly-honest,A_SILENCE,0.08804166666666666,0.08200753049554736,0.09407580283778595,all,2000,beta0
costly-honest,A_ASK,0.090125,0.08418723311965999,0.09606276688034,all,2000,beta0
costly-honest,A_REASSURE,0.08604166666666666,0.08055287310327247,0.09153046023006084,all,2000,beta0
costly-honest,B_ASSERT,-0.008666666666666666,-0.012345641403797531,-0.004987691929535802,all,2000,beta0
costly-honest,B_CONCEDE,0.004916666666666666,0.00219630501579494,0.007637028317538393,all,2000,beta0
costly-honest,B_PRESSURE,0.0010833333333333333,-0.00011070171587513017,0.002277368382541797,all,2000,beta0
costly-honest,B_SILENCE,0.0005,-0.0008715843959490564,0.0018715843959490564,all,2000,beta0
costly-honest,B_ASK,0.0010833333333333335,-0.00011070171587512995,0.002277368382541797,all,2000,beta0
costly-honest,B_REASSURE,0.0010833333333333333,0.0001389302245131071,0.0020277364421535595,all,2000,beta0
costly-honest,A_pC_true,0.007437793165646644,0.0017301062674411668,0.01314548006385212,all,2000,beta0
costly-honest,A_pW_true,-0.004846850203375386,-0.010040274588754394,0.00034657418200362364,all,2000,beta0
costly-honest,B_pC_true,-0.008305168650590687,-0.019848854517404195,0.0032385172162228224,all,2000,beta0
costly-honest,B_pW_true,-0.012093402000511547,-0.0183381480262694,-0.005848655974753696,all,2000,beta0
costly-honest,A_own0,0.0,0.0,0.0,A_own0,1381,beta0
costly-honest,B_own0,0.0,0.0,0.0,A_own0,1381,beta0
costly-honest,nonc_A,0.19297610427226647,0.1742777699701186,0.21167443857441434,A_own0,1381,beta0
costly-honest,nonc_B,-0.005430847212165098,-0.010263148443882075,-0.0005985459804481209,A_own0,1381,beta0
costly-honest,nonc_mutual,0.18700217233888486,0.16775548291983228,0.20624886175793744,A_own0,1381,beta0
costly-honest,U_final,0.20655322230267922,0.18504968273197792,0.22805676187338053,A_own0,1381,beta0
costly-honest,evidence_count,0.08979000724112962,0.051302146048414037,0.1282778684338452,A_own0,1381,beta0
costly-honest,mean_rate,0.007895848419020033,0.005806014040055609,0.009985682797984455,A_own0,1381,beta0
costly-honest,restrict_A,-0.0009051412020275163,-0.005787447156315846,0.003977164752260814,A_own0,1381,beta0
costly-honest,restrict_B,-1.2058903236334069e-19,-0.001587357306541172,0.0015873573065411715,A_own0,1381,beta0
costly-honest,restrict_joint,0.00048274197441467603,-0.0036834681471840575,0.0046489520960134095,A_own0,1381,beta0
costly-honest,A_p_truth0,0.0,0.0,0.0,A_own0,1381,beta0
costly-honest,A_p_truth,0.009831324704072948,0.0037483429261403163,0.01591430648200558,A_own0,1381,beta0
costly-honest,B_p_truth0,0.0,0.0,0.0,A_own0,1381,beta0
costly-honest,B_p_truth,0.0009818123995599252,-0.0033651338619255667,0.0053287586610454175,A_own0,1381,beta0
costly-honest,A_dbelief,0.014221317452292494,0.008839304261503504,0.019603330643081486,A_own0,1381,beta0
costly-honest,B_dbelief,0.003939037905378312,0.00018781006306049222,0.007690265747696131,A_own0,1381,beta0
costly-honest,belief_gap_final,-0.018224438168701607,-0.022539538159409445,-0.01390933817799377,A_own0,1381,beta0
costly-honest,A_hidden_shift,0.1351294293668722,0.12161837733283945,0.14864048140090494,A_own0,1381,beta0
costly-honest,B_hidden_shift,0.0002648736052083033,-0.0025695106700866686,0.003099257880503275,A_own0,1381,beta0
costly-honest,A_transp_err,0.009232521519399923,0.0062919558460496905,0.012173087192750155,A_own0,1381,beta0
costly-honest,B_transp_err,-0.014811043146260335,-0.01914367222530507,-0.0104784140672156,A_own0,1381,beta0
costly-honest,A_ASSERT,0.007784214337436639,0.0034226710452162747,0.012145757629657004,A_own0,1381,beta0
costly-honest,A_CONCEDE,-0.15526188752111997,-0.1697287885106657,-0.14079498653157424,A_own0,1381,beta0
costly-honest,A_PRESSURE,0.039343470914796036,0.03390591714091774,0.04478102468867433,A_own0,1381,beta0
costly-honest,A_SILENCE,0.03674873280231716,0.03149412420425363,0.042003341400380693,A_own0,1381,beta0
costly-honest,A_ASK,0.03783490224475018,0.032944727803354674,0.04272507668614569,A_own0,1381,beta0
costly-honest,A_REASSURE,0.03355056722181994,0.02939411756286348,0.0377070168807764,A_own0,1381,beta0
costly-honest,B_ASSERT,-0.006637702148201786,-0.010065230636859893,-0.0032101736595436785,A_own0,1381,beta0
costly-honest,B_CONCEDE,0.004525706010137582,0.0019966305407351304,0.007054781479540033,A_own0,1381,beta0
costly-honest,B_PRESSURE,-0.00024137098720733774,-0.0013256676808416367,0.0008429257064269613,A_own0,1381,beta0
costly-honest,B_SILENCE,0.0010258266956311851,-0.00039784163305871256,0.002449495024321083,A_own0,1381,beta0
costly-honest,B_ASK,0.001146512189234854,-4.099538411693948e-05,0.0023340197625866476,A_own0,1381,beta0
costly-honest,B_REASSURE,0.0001810282404055033,-0.0007580164332029317,0.0011200729140139383,A_own0,1381,beta0
costly-honest,A_pC_true,0.004861571460958368,-0.0010644318170098576,0.010787574738926595,A_own0,1381,beta0
costly-honest,A_pW_true,-0.0040601402614149264,-0.009275304894159696,0.001155024371329843,A_own0,1381,beta0
costly-honest,B_pC_true,-0.015681964873531785,-0.029197620049572385,-0.0021663096974911845,A_own0,1381,beta0
costly-honest,B_pW_true,-0.012172723940217456,-0.019015436394533614,-0.005330011485901297,A_own0,1381,beta0
access-honest,A_own0,0.0,0.0,0.0,all,2000,beta0
access-honest,B_own0,0.0,0.0,0.0,all,2000,beta0
access-honest,nonc_A,0.012375,0.004893204686169299,0.0198567953138307,all,2000,beta0
access-honest,nonc_B,0.00975,0.0033550839391190707,0.016144916060880928,all,2000,beta0
access-honest,nonc_mutual,0.022375,0.014039387502687479,0.03071061249731252,all,2000,beta0
access-honest,U_final,0.012,0.0032619520749328484,0.02073804792506715,all,2000,beta0
access-honest,evidence_count,-0.5505,-0.5878124535429485,-0.5131875464570514,all,2000,beta0
access-honest,mean_rate,-0.04416666666666666,-0.04608713868857925,-0.04224619464475407,all,2000,beta0
access-honest,restrict_A,0.21791666666666665,0.2113595028782232,0.2244738304551101,all,2000,beta0
access-honest,restrict_B,-0.0008750000000000002,-0.002746293293454663,0.0009962932934546621,all,2000,beta0
access-honest,restrict_joint,0.14229166666666665,0.13677679727950465,0.14780653605382865,all,2000,beta0
access-honest,A_p_truth0,0.0,0.0,0.0,all,2000,beta0
access-honest,A_p_truth,-0.02256507368364048,-0.02792861961332127,-0.017201527753959688,all,2000,beta0
access-honest,B_p_truth0,0.0,0.0,0.0,all,2000,beta0
access-honest,B_p_truth,-0.015072119535140994,-0.019894060932564427,-0.010250178137717562,all,2000,beta0
access-honest,A_dbelief,-0.021361026079334614,-0.02598068141264614,-0.016741370746023086,all,2000,beta0
access-honest,B_dbelief,-0.01352744770686586,-0.01749312927551175,-0.009561766138219971,all,2000,beta0
access-honest,belief_gap_final,0.016782797187416983,0.012880728829772837,0.020684865545061132,all,2000,beta0
access-honest,A_hidden_shift,-0.0021043004914512568,-0.005436512908454292,0.0012279119255517784,all,2000,beta0
access-honest,B_hidden_shift,-0.0037641238831230225,-0.006791072393877236,-0.000737175372368809,all,2000,beta0
access-honest,A_transp_err,0.00751248601371755,0.004392054955900292,0.010632917071534808,all,2000,beta0
access-honest,B_transp_err,0.008731815574599662,0.0052636937326823036,0.01219993741651702,all,2000,beta0
access-honest,A_ASSERT,0.006416666666666667,0.002101807912994285,0.010731525420339049,all,2000,beta0
access-honest,A_CONCEDE,-0.010541666666666666,-0.015219274851412192,-0.00586405848192114,all,2000,beta0
access-honest,A_PRESSURE,0.003125,0.0013461944282381324,0.004903805571761868,all,2000,beta0
access-honest,A_SILENCE,0.003,0.0012491348145039199,0.00475086518549608,all,2000,beta0
access-honest,A_ASK,-0.0028749999999999995,-0.004387026730335796,-0.0013629732696642035,all,2000,beta0
access-honest,A_REASSURE,0.000875,-0.00038726909625400464,0.0021372690962540046,all,2000,beta0
access-honest,B_ASSERT,0.0004583333333333335,-0.003487195019687621,0.004403861686354288,all,2000,beta0
access-honest,B_CONCEDE,-0.005583333333333333,-0.009322266690617732,-0.001844399976048934,all,2000,beta0
access-honest,B_PRESSURE,0.0014166666666666668,0.00012141228892357581,0.002711921044409758,all,2000,beta0
access-honest,B_SILENCE,0.0007083333333333333,-0.0007909207893949699,0.0022075874560616364,all,2000,beta0
access-honest,B_ASK,0.0016666666666666666,0.0003066317967373284,0.0030267015365960047,all,2000,beta0
access-honest,B_REASSURE,0.001333333333333333,0.00024506014850428294,0.0024216065181623834,all,2000,beta0
access-honest,A_pC_true,-0.011612649341233013,-0.018809415343291933,-0.004415883339174095,all,2000,beta0
access-honest,A_pW_true,-0.0015667512548920134,-0.006088219316274587,0.0029547168064905597,all,2000,beta0
access-honest,B_pC_true,-0.007956658104584862,-0.01671834285315895,0.0008050266439892286,all,2000,beta0
access-honest,B_pW_true,-0.0035879235454477146,-0.00878413001413059,0.001608282923235161,all,2000,beta0
access-honest,A_own0,0.0,0.0,0.0,A_own0,1381,beta0
access-honest,B_own0,0.0,0.0,0.0,A_own0,1381,beta0
access-honest,nonc_A,0.0222664735698769,0.013230764389748503,0.0313021827500053,A_own0,1381,beta0
access-honest,nonc_B,0.010499637943519189,0.002088410833536041,0.018910865053502337,A_own0,1381,beta0
access-honest,nonc_mutual,0.03294713975380159,0.022041553273970296,0.043852726233632885,A_own0,1381,beta0
access-honest,U_final,0.019188993482983346,0.007353523564637745,0.031024463401328944,A_own0,1381,beta0
access-honest,evidence_count,-0.4895003620564808,-0.5332860590374301,-0.4457146650755314,A_own0,1381,beta0
access-honest,mean_rate,-0.03886072894038136,-0.04111770036928746,-0.03660375751147526,A_own0,1381,beta0
access-honest,restrict_A,0.18235578083514362,0.175177436302334,0.18953412536795322,A_own0,1381,beta0
access-honest,restrict_B,-0.0008447984552256819,-0.0033874843440425597,0.0016978874335911956,A_own0,1381,beta0
access-honest,restrict_joint,0.12146994931209269,0.11529853774804422,0.12764136087614117,A_own0,1381,beta0
access-honest,A_p_truth0,0.0,0.0,0.0,A_own0,1381,beta0
access-honest,A_p_truth,-0.021910743869768944,-0.02850825964943204,-0.015313228090105848,A_own0,1381,beta0
access-honest,B_p_truth0,0.0,0.0,0.0,A_own0,1381,beta0
access-honest,B_p_truth,-0.017624261875604397,-0.023835704936246288,-0.011412818814962505,A_own0,1381,beta0
access-honest,A_dbelief,-0.019238949939591306,-0.02512173468661104,-0.013356165192571573,A_own0,1381,beta0
access-honest,B_dbelief,-0.015948450795948286,-0.02109228738354558,-0.010804614208350993,A_own0,1381,beta0
access-honest,belief_gap_final,0.019555153105273577,0.014549757501043523,0.02456054870950363,A_own0,1381,beta0
access-honest,A_hidden_shift,0.001521951660185662,-0.0019272759797940475,0.004971179300165371,A_own0,1381,beta0
access-honest,B_hidden_shift,-0.0030410663070869312,-0.0067016141552771235,0.000619481541103261,A_own0,1381,beta0
access-honest,A_transp_err,0.008974053925815658,0.004799310311020976,0.01314879754061034,A_own0,1381,beta0
access-honest,B_transp_err,0.005211892269888681,0.001214816444021276,0.009208968095756085,A_own0,1381,beta0
access-honest,A_ASSERT,0.012792662321988895,0.00750219165618077,0.01808313298779702,A_own0,1381,beta0
access-honest,A_CONCEDE,-0.018102824040550327,-0.02390244953860019,-0.012303198542500464,A_own0,1381,beta0
access-honest,A_PRESSURE,0.0034395365677045617,0.001249445691537265,0.0056296274438718584,A_own0,1381,beta0
access-honest,A_SILENCE,0.0032585083272990588,0.0011623400903238708,0.005354676564274246,A_own0,1381,beta0
access-honest,A_ASK,-0.002775766352884383,-0.004633222275687106,-0.0009183104300816603,A_own0,1381,beta0
access-honest,A_REASSURE,0.0013878831764421915,-2.5057754620415838e-05,0.002800824107504799,A_own0,1381,beta0
access-honest,B_ASSERT,-0.0016895969104513632,-0.00661556829468498,0.003236374473782253,A_own0,1381,beta0
access-honest,B_CONCEDE,-0.005913589186579773,-0.010821929133319233,-0.0010052492398403123,A_own0,1381,beta0
access-honest,B_PRESSURE,0.0016895969104513636,2.715093760026618e-05,0.003352042883302461,A_own0,1381,beta0
access-honest,B_SILENCE,0.001448225923244026,-0.0005720908824658369,0.003468542728953889,A_own0,1381,beta0
access-honest,B_ASK,0.0023533671252715426,0.000598881966327133,0.004107852284215952,A_own0,1381,beta0
access-honest,B_REASSURE,0.0021119961380642047,0.0007418281413512713,0.003482164134777138,A_own0,1381,beta0
access-honest,A_pC_true,-0.014985357622480707,-0.025057819528533757,-0.004912895716427657,A_own0,1381,beta0
access-honest,A_pW_true,-0.0006955891989826182,-0.006629287410753096,0.005238109012787859,A_own0,1381,beta0
access-honest,B_pC_true,-0.011550454487696055,-0.0225490278833448,-0.0005518810920473131,A_own0,1381,beta0
access-honest,B_pW_true,-0.0055740269744647755,-0.01199499996276993,0.0008469460138403797,A_own0,1381,beta0
attenuated-costly,A_own0,0.0,0.0,0.0,all,2000,beta0
attenuated-costly,B_own0,0.0,0.0,0.0,all,2000,beta0
attenuated-costly,nonc_A,-0.26775,-0.28534996896030507,-0.2501500310396949,all,2000,beta0
attenuated-costly,nonc_B,0.003625,-0.003874753838715017,0.011124753838715017,all,2000,beta0
attenuated-costly,nonc_mutual,-0.26125,-0.2797613744557804,-0.24273862554421954,all,2000,beta0
attenuated-costly,U_final,-0.256,-0.2767259374562822,-0.23527406254371783,all,2000,beta0
attenuated-costly,evidence_count,-0.206,-0.24960854714264102,-0.16239145285735895,all,2000,beta0
attenuated-costly,mean_rate,-0.017791666666666664,-0.02027506910266195,-0.015308264230671376,all,2000,beta0
attenuated-costly,restrict_A,-0.00033333333333333424,-0.00620115538064361,0.005534488713976942,all,2000,beta0
attenuated-costly,restrict_B,0.0003749999999999999,-0.00219906315411919,0.0029490631541191897,all,2000,beta0
attenuated-costly,restrict_joint,0.0009999999999999992,-0.004189356577517303,0.006189356577517301,all,2000,beta0
attenuated-costly,A_p_truth0,0.0,0.0,0.0,all,2000,beta0
attenuated-costly,A_p_truth,-0.1286434019692444,-0.1377274075031487,-0.1195593964353401,all,2000,beta0
attenuated-costly,B_p_truth0,0.0,0.0,0.0,all,2000,beta0
attenuated-costly,B_p_truth,-0.008939088148216803,-0.014795165155101452,-0.0030830111413321544,all,2000,beta0
attenuated-costly,A_dbelief,-0.16470967462055375,-0.1723911568779398,-0.1570281923631677,all,2000,beta0
attenuated-costly,B_dbelief,0.0025409520699559056,-0.0022328863506400768,0.007314790490551888,all,2000,beta0
attenuated-costly,belief_gap_final,0.11335451103754494,0.10557761774465525,0.12113140433043464,all,2000,beta0
attenuated-costly,A_hidden_shift,-0.1730048377673339,-0.1814378945621879,-0.16457178097247993,all,2000,beta0
attenuated-costly,B_hidden_shift,0.003234727831743508,-0.0008145973554162817,0.007284053018903298,all,2000,beta0
attenuated-costly,A_transp_err,0.008208040817663128,0.004256868116773163,0.012159213518553093,all,2000,beta0
attenuated-costly,B_transp_err,0.07584315483461496,0.07102499524221778,0.08066131442701213,all,2000,beta0
attenuated-costly,A_ASSERT,0.06391666666666668,0.05356545138637763,0.07426788194695572,all,2000,beta0
attenuated-costly,A_CONCEDE,0.2624583333333333,0.24547639467430732,0.27944027199235927,all,2000,beta0
attenuated-costly,A_PRESSURE,-0.07870833333333334,-0.08482823920227901,-0.07258842746438766,all,2000,beta0
attenuated-costly,A_SILENCE,-0.08304166666666667,-0.08915619261187294,-0.0769271407214604,all,2000,beta0
attenuated-costly,A_ASK,-0.08420833333333334,-0.09044057096451821,-0.07797609570214847,all,2000,beta0
attenuated-costly,A_REASSURE,-0.08041666666666668,-0.08572415928874456,-0.07510917404458879,all,2000,beta0
attenuated-costly,B_ASSERT,-0.0019999999999999996,-0.007521496298268884,0.0035214962982688855,all,2000,beta0
attenuated-costly,B_CONCEDE,-0.005624999999999999,-0.010472760659576707,-0.000777239340423291,all,2000,beta0
attenuated-costly,B_PRESSURE,0.0030833333333333333,0.0012913077056853088,0.004875358960981358,all,2000,beta0
attenuated-costly,B_SILENCE,0.0014583333333333332,-0.0003542873863224779,0.0032709540529891443,all,2000,beta0
attenuated-costly,B_ASK,0.001708333333333333,3.7918206032510346e-05,0.003378748460634156,all,2000,beta0
attenuated-costly,B_REASSURE,0.0013749999999999997,-2.7188424243358798e-06,0.0027527188424243355,all,2000,beta0
attenuated-costly,A_pC_true,-0.003609454970937369,-0.012439099476529025,0.005220189534654288,all,2000,beta0
attenuated-costly,A_pW_true,-0.01855819797197421,-0.02580053248847567,-0.011315863455472752,all,2000,beta0
attenuated-costly,B_pC_true,-0.11590495825961168,-0.12950088910211363,-0.10230902741710973,all,2000,beta0
attenuated-costly,B_pW_true,0.2382789178519186,0.22116461219626826,0.25539322350756893,all,2000,beta0
attenuated-costly,A_own0,0.0,0.0,0.0,A_own0,1381,beta0
attenuated-costly,B_own0,0.0,0.0,0.0,A_own0,1381,beta0
attenuated-costly,nonc_A,-0.014663287472845763,-0.01871414579880158,-0.010612429146889948,A_own0,1381,beta0
attenuated-costly,nonc_B,-0.007422157856625634,-0.016717234626216944,0.0018729189129656747,A_own0,1381,beta0
attenuated-costly,nonc_mutual,-0.02172338884866039,-0.03169707687856936,-0.011749700818751426,A_own0,1381,beta0
attenuated-costly,U_final,-0.026973207820419984,-0.040409247293738515,-0.013537168347101457,A_own0,1381,beta0
attenuated-costly,evidence_count,-0.11585807385952208,-0.16069832360254135,-0.07101782411650281,A_own0,1381,beta0
attenuated-costly,mean_rate,-0.008254887762490948,-0.010825445012748005,-0.00568433051223389,A_own0,1381,beta0
attenuated-costly,restrict_A,0.0034395365677045617,-0.0022772119544339302,0.009156285089843053,A_own0,1381,beta0
attenuated-costly,restrict_B,-0.0001810282404055038,-0.0032549176077011385,0.002892861126890131,A_own0,1381,beta0
attenuated-costly,restrict_joint,0.0028964518464880515,-0.0021459333303137707,0.007938837023289874,A_own0,1381,beta0
attenuated-costly,A_p_truth0,0.0,0.0,0.0,A_own0,1381,beta0
attenuated-costly,A_p_truth,-0.1312797641710311,-0.14338654436940085,-0.11917298397266135,A_own0,1381,beta0
attenuated-costly,B_p_truth0,0.0,0.0,0.0,A_own0,1381,beta0
attenuated-costly,B_p_truth,-0.016630498845073456,-0.023535246344867526,-0.009725751345279386,A_own0,1381,beta0
attenuated-costly,A_dbelief,-0.16985213199511398,-0.18038258372127422,-0.15932168026895374,A_own0,1381,beta0
attenuated-costly,B_dbelief,0.0032583365251895647,-0.0026109409841508133,0.009127614034529942,A_own0,1381,beta0
attenuated-costly,belief_gap_final,0.10531934187029769,0.09439667215086589,0.1162420115897295,A_own0,1381,beta0
attenuated-costly,A_hidden_shift,-0.16271871944445365,-0.17391537804893636,-0.15152206083997094,A_own0,1381,beta0
attenuated-costly,B_hidden_shift,-0.001211423703135749,-0.005839236870065693,0.0034163894637941955,A_own0,1381,beta0
attenuated-costly,A_transp_err,0.02268436606733366,0.018134714333499204,0.027234017801168117,A_own0,1381,beta0
attenuated-costly,B_transp_err,0.056412144889690215,0.050495072374386885,0.062329217404993545,A_own0,1381,beta0
attenuated-costly,A_ASSERT,0.12309920347574221,0.11071028250475203,0.1354881244467324,A_own0,1381,beta0
attenuated-costly,A_CONCEDE,0.009051412020275163,0.006942530661432721,0.011160293379117607,A_own0,1381,beta0
attenuated-costly,A_PRESSURE,-0.031378228336953896,-0.03695309491288176,-0.02580336176102603,A_own0,1381,beta0
attenuated-costly,A_SILENCE,-0.03397296644943278,-0.039334432218769276,-0.02861150068009629,A_own0,1381,beta0
attenuated-costly,A_ASK,-0.03614530533429882,-0.04163029230644123,-0.030660318362156408,A_own0,1381,beta0
attenuated-costly,A_REASSURE,-0.030654115375331883,-0.03473405343283876,-0.026574177317825007,A_own0,1381,beta0
attenuated-costly,B_ASSERT,-0.02268887279748974,-0.02868174849397163,-0.01669599710100785,A_own0,1381,beta0
attenuated-costly,B_CONCEDE,0.005792903692976106,0.00023170514015862474,0.011354102245793586,A_own0,1381,beta0
attenuated-costly,B_PRESSURE,0.005732560946174269,0.0035494560531886053,0.007915665839159933,A_own0,1381,beta0
attenuated-costly,B_SILENCE,0.0027154236060825485,0.0005097721401664088,0.004921075071998689,A_own0,1381,beta0
attenuated-costly,B_ASK,0.00464639150374125,0.002601543886873916,0.006691239120608584,A_own0,1381,beta0
attenuated-costly,B_REASSURE,0.0038015930485155685,0.0022225204575194676,0.005380665639511669,A_own0,1381,beta0
attenuated-costly,A_pC_true,0.0021408132538431285,-0.009206143121100616,0.013487769628786873,A_own0,1381,beta0
attenuated-costly,A_pW_true,-0.039722602913458374,-0.047932894471701765,-0.031512311355214984,A_own0,1381,beta0
attenuated-costly,B_pC_true,-0.13970580691167936,-0.15496866683276442,-0.1244429469905943,A_own0,1381,beta0
attenuated-costly,B_pW_true,0.33377957736665903,0.3127526922644062,0.35480646246891184,A_own0,1381,beta0
attenuated-access,A_own0,0.0,0.0,0.0,all,2000,beta0
attenuated-access,B_own0,0.0,0.0,0.0,all,2000,beta0
attenuated-access,nonc_A,0.106125,0.09320722660741368,0.11904277339258632,all,2000,beta0
attenuated-access,nonc_B,-0.008875,-0.017854011265677004,0.00010401126567700751,all,2000,beta0
attenuated-access,nonc_mutual,0.099125,0.08492291057416093,0.11332708942583908,all,2000,beta0
attenuated-access,U_final,0.110625,0.09508458375859971,0.1261654162414003,all,2000,beta0
attenuated-access,evidence_count,0.546,0.5045764614986723,0.5874235385013278,all,2000,beta0
attenuated-access,mean_rate,0.04507708333333332,0.04289855157694122,0.04725561508972543,all,2000,beta0
attenuated-access,restrict_A,-0.21683333333333335,-0.22371698773214468,-0.20994967893452202,all,2000,beta0
attenuated-access,restrict_B,0.0002500000000000002,-0.0024444137466756457,0.002944413746675646,all,2000,beta0
attenuated-access,restrict_joint,-0.14133333333333334,-0.14721886868204617,-0.1354477979846205,all,2000,beta0
attenuated-access,A_p_truth0,0.0,0.0,0.0,all,2000,beta0
attenuated-access,A_p_truth,-0.09177735434341781,-0.09972412669405102,-0.0838305819927846,all,2000,beta0
attenuated-access,B_p_truth0,0.0,0.0,0.0,all,2000,beta0
attenuated-access,B_p_truth,0.005486698009814729,-0.001157234171161304,0.012130630190790762,all,2000,beta0
attenuated-access,A_dbelief,-0.1308346689137603,-0.13744115935994888,-0.12422817846757171,all,2000,beta0
attenuated-access,B_dbelief,0.021390823770119673,0.015776651513444012,0.027004996026795333,all,2000,beta0
attenuated-access,belief_gap_final,0.07245512797235643,0.06492441249668998,0.07998584344802287,all,2000,beta0
attenuated-access,A_hidden_shift,-0.03283001294504942,-0.038109735719113906,-0.027550290170984936,all,2000,beta0
attenuated-access,B_hidden_shift,0.008211176959306428,0.0038310201359199403,0.012591333782692917,all,2000,beta0
attenuated-access,A_transp_err,0.014977157534064528,0.010544348511121524,0.01940996655700753,all,2000,beta0
attenuated-access,B_transp_err,0.04759281761154634,0.04275854778031331,0.052427087442779366,all,2000,beta0
attenuated-access,A_ASSERT,0.064,0.05386870868937729,0.07413129131062271,all,2000,beta0
attenuated-access,A_CONCEDE,-0.08608333333333333,-0.09609919072630398,-0.07606747594036269,all,2000,beta0
attenuated-access,A_PRESSURE,0.006541666666666666,0.0034779373513925925,0.00960539598194074,all,2000,beta0
attenuated-access,A_SILENCE,0.002,-0.0009234941400268208,0.0049234941400268205,all,2000,beta0
attenuated-access,A_ASK,0.008791666666666666,0.0060765820338946255,0.011506751299438707,all,2000,beta0
attenuated-access,A_REASSURE,0.00475,0.00271682487897412,0.006783175121025879,all,2000,beta0
attenuated-access,B_ASSERT,-0.011125,-0.017270212682899605,-0.004979787317100396,all,2000,beta0
attenuated-access,B_CONCEDE,0.004875,-0.0007013963549837602,0.01045139635498376,all,2000,beta0
attenuated-access,B_PRESSURE,0.00275,0.0008555955199147454,0.004644404480085254,all,2000,beta0
attenuated-access,B_SILENCE,0.0012499999999999998,-0.0007501664304605847,0.0032501664304605844,all,2000,beta0
attenuated-access,B_ASK,0.001125,-0.0007460365334990597,0.0029960365334990597,all,2000,beta0
attenuated-access,B_REASSURE,0.001125,-0.00036483347706872844,0.0026148334770687283,all,2000,beta0
attenuated-access,A_pC_true,0.015440987535942287,0.004920174445241518,0.025961800626643057,all,2000,beta0
attenuated-access,A_pW_true,-0.021838296920457585,-0.029368837299893084,-0.014307756541022084,all,2000,beta0
attenuated-access,B_pC_true,-0.11625346880561749,-0.13016536850311697,-0.10234156910811801,all,2000,beta0
attenuated-access,B_pW_true,0.22977343939685477,0.21218208096650434,0.2473647978272052,all,2000,beta0
attenuated-access,A_own0,0.0,0.0,0.0,A_own0,1381,beta0
attenuated-access,B_own0,0.0,0.0,0.0,A_own0,1381,beta0
attenuated-access,nonc_A,0.1560463432295438,0.1398741704293432,0.17221851602974442,A_own0,1381,beta0
attenuated-access,nonc_B,-0.02335264301230992,-0.03483742288824092,-0.011867863136378925,A_own0,1381,beta0
attenuated-access,nonc_mutual,0.1323316437364229,0.11324350786678349,0.1514197796060623,A_own0,1381,beta0
attenuated-access,U_final,0.16039102099927588,0.1392024044376205,0.18157963756093126,A_own0,1381,beta0
attenuated-access,evidence_count,0.46343229543808834,0.41521417365553587,0.5116504172206409,A_own0,1381,beta0
attenuated-access,mean_rate,0.03850168959691045,0.03593929557320052,0.04106408362062038,A_own0,1381,beta0
attenuated-access,restrict_A,-0.17982138546946658,-0.18720215813812072,-0.17244061280081244,A_own0,1381,beta0
attenuated-access,restrict_B,0.0006637702148201786,-0.0028597665062122615,0.0041873069358526185,A_own0,1381,beta0
attenuated-access,restrict_joint,-0.11809075549118997,-0.12461391284527802,-0.11156759813710192,A_own0,1381,beta0
attenuated-access,A_p_truth0,0.0,0.0,0.0,A_own0,1381,beta0
attenuated-access,A_p_truth,-0.09953769559718922,-0.10975102545483736,-0.08932436573954108,A_own0,1381,beta0
attenuated-access,B_p_truth0,0.0,0.0,0.0,A_own0,1381,beta0
attenuated-access,B_p_truth,0.0019755754300908672,-0.006326066149264625,0.01027721700944636,A_own0,1381,beta0
attenuated-access,A_dbelief,-0.1363918646032302,-0.14513260508849393,-0.12765112411796645,A_own0,1381,beta0
attenuated-access,B_dbelief,0.023145825226516162,0.016068088311230716,0.030223562141801608,A_own0,1381,beta0
attenuated-access,belief_gap_final,0.06753975059632251,0.05718880683081874,0.07789069436182629,A_own0,1381,beta0
attenuated-access,A_hidden_shift,-0.029111241737767093,-0.03482364699094148,-0.023398836484592705,A_own0,1381,beta0
attenuated-access,B_hidden_shift,0.002094516209159486,-0.0026629126253956813,0.006851945043714653,A_own0,1381,beta0
attenuated-access,A_transp_err,0.022942833660917924,0.0171122847907667,0.028773382531069147,A_own0,1381,beta0
attenuated-access,B_transp_err,0.036389209473541184,0.03049127878356094,0.042287140163521426,A_own0,1381,beta0
attenuated-access,A_ASSERT,0.11809075549118997,0.10573055325457485,0.13045095772780507,A_own0,1381,beta0
attenuated-access,A_CONCEDE,-0.12810765146029446,-0.1406050198455879,-0.11561028307500101,A_own0,1381,beta0
attenuated-access,A_PRESSURE,0.004525706010137582,0.0006756111851848345,0.00837580083509033,A_own0,1381,beta0
attenuated-access,A_SILENCE,-0.00048274197441467543,-0.003911731080764839,0.0029462471319354885,A_own0,1381,beta0
attenuated-access,A_ASK,0.004465363263335746,0.0013394496857716052,0.007591276840899887,A_own0,1381,beta0
attenuated-access,A_REASSURE,0.0015085686700458602,-0.0009235019131316228,0.0039406392532233435,A_own0,1381,beta0
attenuated-access,B_ASSERT,-0.027636978035240168,-0.035078683323032205,-0.02019527274744813,A_own0,1381,beta0
attenuated-access,B_CONCEDE,0.01623219888969346,0.009200086122932258,0.023264311656454664,A_own0,1381,beta0
attenuated-access,B_PRESSURE,0.0038015930485155677,0.001285838990496772,0.006317347106534364,A_own0,1381,beta0
attenuated-access,B_SILENCE,0.002293024378469708,-0.0003918428962959705,0.004977891653235387,A_own0,1381,beta0
attenuated-access,B_ASK,0.0034395365677045613,0.000984266123790726,0.0058948070116183965,A_own0,1381,beta0
attenuated-access,B_REASSURE,0.0018706251508568668,-9.604772941721905e-05,0.0038372980311309527,A_own0,1381,beta0
attenuated-access,A_pC_true,0.0219877423372822,0.007882308095786586,0.036093176578777815,A_own0,1381,beta0
attenuated-access,A_pW_true,-0.04308715397589068,-0.05249881815891592,-0.033675489792865436,A_own0,1381,beta0
attenuated-access,B_pC_true,-0.14383731729751506,-0.16043556908878004,-0.12723906550625008,A_own0,1381,beta0
attenuated-access,B_pW_true,0.3271808804009063,0.3062017469267546,0.348160013875058,A_own0,1381,beta0
costly-access,A_own0,0.0,0.0,0.0,all,2000,beta0
costly-access,B_own0,0.0,0.0,0.0,all,2000,beta0
costly-access,nonc_A,0.373875,0.35451677333903675,0.3932332266609633,all,2000,beta0
costly-access,nonc_B,-0.0125,-0.02008899014267991,-0.004911009857320091,all,2000,beta0
costly-access,nonc_mutual,0.360375,0.33972699818682356,0.38102300181317644,all,2000,beta0
costly-access,U_final,0.366625,0.34468174301405835,0.3885682569859416,all,2000,beta0
costly-access,evidence_count,0.752,0.7028019294903658,0.8011980705096342,all,2000,beta0
costly-access,mean_rate,0.06286874999999999,0.059925618027374644,0.06581188197262533,all,2000,beta0
costly-access,restrict_A,-0.2165,-0.22383493312396763,-0.20916506687603237,all,2000,beta0
costly-access,restrict_B,-0.00012499999999999968,-0.0024911008205347794,0.00224110082053478,all,2000,beta0
costly-access,restrict_joint,-0.1423333333333333,-0.14855522622662454,-0.1361114404400421,all,2000,beta0
costly-access,A_p_truth0,0.0,0.0,0.0,all,2000,beta0
costly-access,A_p_truth,0.03686604762582662,0.030051008682278044,0.043681086569375194,all,2000,beta0
costly-access,B_p_truth0,0.0,0.0,0.0,all,2000,beta0
costly-access,B_p_truth,0.014425786158031534,0.008409062670513886,0.02044250964554918,all,2000,beta0
costly-access,A_dbelief,0.03387500570679345,0.028097053002913392,0.03965295841067351,all,2000,beta0
costly-access,B_dbelief,0.018849871700163768,0.01387714050168051,0.023822602898647027,all,2000,beta0
costly-access,belief_gap_final,-0.04089938306518852,-0.04552456327944022,-0.03627420285093682,all,2000,beta0
costly-access,A_hidden_shift,0.1401748248222845,0.13015367991376042,0.15019596973080857,all,2000,beta0
costly-access,B_hidden_shift,0.004976449127562921,0.0008487033018081064,0.009104194953317737,all,2000,beta0
costly-access,A_transp_err,0.006769116716401398,0.003021921353606577,0.010516312079196219,all,2000,beta0
costly-access,B_transp_err,-0.028250337223068602,-0.032721006039453465,-0.02377966840668374,all,2000,beta0
costly-access,A_ASSERT,8.333333333333282e-05,-0.005272000333458558,0.005438667000125224,all,2000,beta0
costly-access,A_CONCEDE,-0.34854166666666664,-0.3661774513221756,-0.33090588201115767,all,2000,beta0
costly-access,A_PRESSURE,0.08525,0.07910066979502045,0.09139933020497956,all,2000,beta0
costly-access,A_SILENCE,0.08504166666666665,0.07889384632469172,0.09118948700864159,all,2000,beta0
costly-access,A_ASK,0.093,0.0869711340691465,0.0990288659308535,all,2000,beta0
costly-access,A_REASSURE,0.08516666666666665,0.07967778526893286,0.09065554806440045,all,2000,beta0
costly-access,B_ASSERT,-0.009125,-0.014204741490237191,-0.004045258509762809,all,2000,beta0
costly-access,B_CONCEDE,0.0105,0.006119067162040738,0.014880932837959264,all,2000,beta0
costly-access,B_PRESSURE,-0.00033333333333333327,-0.0019464579399925384,0.0012797912733258719,all,2000,beta0
costly-access,B_SILENCE,-0.00020833333333333335,-0.0020728534874755724,0.001656186820808906,all,2000,beta0
costly-access,B_ASK,-0.0005833333333333333,-0.002183862592067813,0.0010171959254011466,all,2000,beta0
costly-access,B_REASSURE,-0.00024999999999999984,-0.0015822310580444483,0.0010822310580444487,all,2000,beta0
costly-access,A_pC_true,0.019050442506879654,0.010701401435534998,0.02739948357822431,all,2000,beta0
costly-access,A_pW_true,-0.0032800989484833712,-0.00919778434295472,0.0026375864459879782,all,2000,beta0
costly-access,B_pC_true,-0.0003485105460058238,-0.012069152372045757,0.01137213128003411,all,2000,beta0
costly-access,B_pW_true,-0.008505478455063834,-0.015047331419406642,-0.0019636254907210255,all,2000,beta0
costly-access,A_own0,0.0,0.0,0.0,A_own0,1381,beta0
costly-access,B_own0,0.0,0.0,0.0,A_own0,1381,beta0
costly-access,nonc_A,0.17070963070238956,0.15325922597549246,0.18816003542928667,A_own0,1381,beta0
costly-access,nonc_B,-0.015930485155684286,-0.02495466707208174,-0.0069063032392868325,A_own0,1381,beta0
costly-access,nonc_mutual,0.15405503258508327,0.1344250098245619,0.17368505534560463,A_own0,1381,beta0
costly-access,U_final,0.18736422881969586,0.16488949124121363,0.2098389663981781,A_own0,1381,beta0
costly-access,evidence_count,0.5792903692976105,0.5264608343642396,0.6321199042309813,A_own0,1381,beta0
costly-access,mean_rate,0.046756577359401384,0.04374911471544469,0.04976404000335808,A_own0,1381,beta0
costly-access,restrict_A,-0.18326092203717115,-0.1910734860403387,-0.1754483580340036,A_own0,1381,beta0
costly-access,restrict_B,0.0008447984552256818,-0.0019295674968567173,0.0036191644073080807,A_own0,1381,beta0
costly-access,restrict_joint,-0.120987207337678,-0.12762343231297374,-0.11435098236238225,A_own0,1381,beta0
costly-access,A_p_truth0,0.0,0.0,0.0,A_own0,1381,beta0
costly-access,A_p_truth,0.031742068573841896,0.023848522509499398,0.039635614638184394,A_own0,1381,beta0
costly-access,B_p_truth0,0.0,0.0,0.0,A_own0,1381,beta0
costly-access,B_p_truth,0.01860607427516432,0.011900733817103631,0.025311414733225006,A_own0,1381,beta0
costly-access,A_dbelief,0.0334602673918838,0.02643549639430557,0.040485038389462026,A_own0,1381,beta0
costly-access,B_dbelief,0.019887488701326596,0.014092194068915893,0.0256827833337373,A_own0,1381,beta0
costly-access,belief_gap_final,-0.03777959127397518,-0.04353968304661368,-0.03201949950133667,A_own0,1381,beta0
costly-access,A_hidden_shift,0.13360747770668652,0.12021512233206468,0.14699983308130837,A_own0,1381,beta0
costly-access,B_hidden_shift,0.003305939912295235,-0.0008994180581761097,0.0075112978827665796,A_own0,1381,beta0
costly-access,A_transp_err,0.00025846759358426477,-0.004288696397741915,0.004805631584910445,A_own0,1381,beta0
costly-access,B_transp_err,-0.020022935416149017,-0.024835977444589222,-0.015209893387708813,A_own0,1381,beta0
costly-access,A_ASSERT,-0.005008447984552257,-0.011253411448504782,0.0012365154794002683,A_own0,1381,beta0
costly-access,A_CONCEDE,-0.13715906348056964,-0.1505112502939965,-0.12380687666714277,A_own0,1381,beta0
costly-access,A_PRESSURE,0.03590393434709148,0.030351150267706697,0.04145671842647626,A_own0,1381,beta0
costly-access,A_SILENCE,0.0334902244750181,0.028063263769474975,0.038917185180561226,A_own0,1381,beta0
costly-access,A_ASK,0.04061066859763456,0.035561768432161106,0.04565956876310802,A_own0,1381,beta0
costly-access,A_REASSURE,0.03216268404537775,0.028055125481040086,0.03627024260971541,A_own0,1381,beta0
costly-access,B_ASSERT,-0.004948105237750423,-0.010606379171907258,0.0007101686964064123,A_own0,1381,beta0
costly-access,B_CONCEDE,0.010439295196717354,0.005288424655221762,0.015590165738212945,A_own0,1381,beta0
costly-access,B_PRESSURE,-0.0019309678976587017,-0.0037762911851905775,-8.564461012682575e-05,A_own0,1381,beta0
costly-access,B_SILENCE,-0.0004223992276128409,-0.002707325554665634,0.0018625270994399525,A_own0,1381,beta0
costly-access,B_ASK,-0.001206854936036688,-0.003157110553988178,0.0007434006819148019,A_own0,1381,beta0
costly-access,B_REASSURE,-0.001930967897658701,-0.0034702339713530367,-0.00039170182396436543,A_own0,1381,beta0
costly-access,A_pC_true,0.01984692908343907,0.009163905112273038,0.030529953054605104,A_own0,1381,beta0
costly-access,A_pW_true,-0.0033645510624323092,-0.010374205587891861,0.003645103463027243,A_own0,1381,beta0
costly-access,B_pC_true,-0.0041315103858357285,-0.018194714101525584,0.009931693329854129,A_own0,1381,beta0
costly-access,B_pW_true,-0.00659869696575268,-0.014074083477305373,0.0008766895458000128,A_own0,1381,beta0
honest: beta0-beta1.5,A_own0,0.0,0.0,0.0,all,2000,beta0_vs_beta1.5
honest: beta0-beta1.5,B_own0,0.0,0.0,0.0,all,2000,beta0_vs_beta1.5
honest: beta0-beta1.5,nonc_A,0.008,0.0007553322087411876,0.015244667791258812,all,2000,beta0_vs_beta1.5
honest: beta0-beta1.5,nonc_B,0.00325,-0.004704728178900903,0.011204728178900902,all,2000,beta0_vs_beta1.5
honest: beta0-beta1.5,nonc_mutual,0.010875,0.0018136444463460726,0.019936355553653924,all,2000,beta0_vs_beta1.5
honest: beta0-beta1.5,U_final,0.007625,-0.0016781001458471782,0.016928100145847176,all,2000,beta0_vs_beta1.5
honest: beta0-beta1.5,evidence_count,-0.1425,-0.1724638894727665,-0.11253611052723347,all,2000,beta0_vs_beta1.5
honest: beta0-beta1.5,mean_rate,-0.01172499999999996,-0.013548483899828288,-0.00990151610017163,all,2000,beta0_vs_beta1.5
honest: beta0-beta1.5,restrict_A,0.01983333333333334,0.016353509278241782,0.0233131573884249,all,2000,beta0_vs_beta1.5
honest: beta0-beta1.5,restrict_B,0.021458333333333343,0.017757639888084185,0.0251590267785825,all,2000,beta0_vs_beta1.5
honest: beta0-beta1.5,restrict_joint,0.027125,0.023029958830524295,0.031220041169475705,all,2000,beta0_vs_beta1.5
honest: beta0-beta1.5,A_p_truth0,3.3230362905811715e-17,3.10620342307392e-17,3.539869158088423e-17,all,2000,beta0_vs_beta1.5
honest: beta0-beta1.5,A_p_truth,-0.005822530095558512,-0.01133353589681665,-0.0003115242943003745,all,2000,beta0_vs_beta1.5
honest: beta0-beta1.5,B_p_truth0,-2.10248485288389e-17,-2.3649452695434862e-17,-1.840024436224294e-17,all,2000,beta0_vs_beta1.5
honest: beta0-beta1.5,B_p_truth,-0.007276338087204262,-0.012997741600900803,-0.0015549345735077214,all,2000,beta0_vs_beta1.5
honest: beta0-beta1.5,A_dbelief,-0.005014155696487112,-0.009454689165798193,-0.0005736222271760308,all,2000,beta0_vs_beta1.5
honest: beta0-beta1.5,B_dbelief,-0.008198383848673498,-0.013012543168655008,-0.0033842245286919877,all,2000,beta0_vs_beta1.5
honest: beta0-beta1.5,belief_gap_final,0.0115605966706434,0.007273398833131141,0.01584779450815566,all,2000,beta0_vs_beta1.5
honest: beta0-beta1.5,A_hidden_shift,0.001232477148146826,-0.002747468243398495,0.005212422539692146,all,2000,beta0_vs_beta1.5
honest: beta0-beta1.5,B_hidden_shift,-0.00023739615196233466,-0.004182720961893982,0.0037079286579693124,all,2000,beta0_vs_beta1.5
honest: beta0-beta1.5,A_transp_err,0.004313124029443797,0.0008126562532881527,0.007813591805599441,all,2000,beta0_vs_beta1.5
honest: beta0-beta1.5,B_transp_err,0.0027577705690550996,-0.0009292424656648867,0.006444783603775086,all,2000,beta0_vs_beta1.5
honest: beta0-beta1.5,A_ASSERT,-0.002124999999999996,-0.007120417415165873,0.002870417415165881,all,2000,beta0_vs_beta1.5
honest: beta0-beta1.5,A_CONCEDE,0.0013333333333333355,-0.003418221557582388,0.0060848882242490595,all,2000,beta0_vs_beta1.5
honest: beta0-beta1.5,A_PRESSURE,0.002166666666666673,-0.00014184000826427973,0.004475173341597626,all,2000,beta0_vs_beta1.5
honest: beta0-beta1.5,A_SILENCE,0.001875000000000007,-0.0003531080609738759,0.00410310806097389,all,2000,beta0_vs_beta1.5
honest: beta0-beta1.5,A_ASK,-0.0051249999999999915,-0.007216309982496156,-0.003033690017503827,all,2000,beta0_vs_beta1.5
honest: beta0-beta1.5,A_REASSURE,0.001875000000000007,0.0002952732443622151,0.003454726755637799,all,2000,beta0_vs_beta1.5
honest: beta0-beta1.5,B_ASSERT,-0.005374999999999994,-0.010446630062626305,-0.00030336993737368426,all,2000,beta0_vs_beta1.5
honest: beta0-beta1.5,B_CONCEDE,0.0035416666666666687,-0.0011844716255182105,0.008267804958851547,all,2000,beta0_vs_beta1.5
honest: beta0-beta1.5,B_PRESSURE,0.0007083333333333406,-0.0014695975555509121,0.0028862642222175936,all,2000,beta0_vs_beta1.5
honest: beta0-beta1.5,B_SILENCE,0.0029583333333333397,0.0006299223652441242,0.005286744301422555,all,2000,beta0_vs_beta1.5
honest: beta0-beta1.5,B_ASK,-0.003083333333333325,-0.005183918109157056,-0.0009827485575095943,all,2000,beta0_vs_beta1.5
honest: beta0-beta1.5,B_REASSURE,0.001250000000000007,-0.00031180505639587957,0.0028118050563958937,all,2000,beta0_vs_beta1.5
honest: beta0-beta1.5,A_pC_true,-0.009020912227637753,-0.018685600705831987,0.0006437762505564805,all,2000,beta0_vs_beta1.5
honest: beta0-beta1.5,A_pW_true,-0.0041609140993089525,-0.01108172928619961,0.0027599010875817044,all,2000,beta0_vs_beta1.5
honest: beta0-beta1.5,B_pC_true,0.0002190654706963555,-0.009731887659059432,0.010170018600452144,all,2000,beta0_vs_beta1.5
honest: beta0-beta1.5,B_pW_true,-0.006399564125640396,-0.013248204704679582,0.0004490764533987904,all,2000,beta0_vs_beta1.5
honest: beta0-beta1.5,A_own0,0.0,0.0,0.0,A_own0,1381,beta0_vs_beta1.5
honest: beta0-beta1.5,B_own0,0.0,0.0,0.0,A_own0,1381,beta0_vs_beta1.5
honest: beta0-beta1.5,nonc_A,0.009594496741491673,0.0013389722656030733,0.017850021217380274,A_own0,1381,beta0_vs_beta1.5
honest: beta0-beta1.5,nonc_B,0.005611875452570601,-0.0050026923397469975,0.0162264432448882,A_own0,1381,beta0_vs_beta1.5
honest: beta0-beta1.5,nonc_mutual,0.01502534395365677,0.003019991657892034,0.027030696249421504,A_own0,1381,beta0_vs_beta1.5
honest: beta0-beta1.5,U_final,0.00995655322230268,-0.0028844195924791274,0.022797526037084487,A_own0,1381,beta0_vs_beta1.5
honest: beta0-beta1.5,evidence_count,-0.14265025343953658,-0.1794796222054721,-0.10582088467360107,A_own0,1381,beta0_vs_beta1.5
honest: beta0-beta1.5,mean_rate,-0.012140960656529046,-0.014399583077958064,-0.009882338235100027,A_own0,1381,beta0_vs_beta1.5
honest: beta0-beta1.5,restrict_A,0.020456191165821876,0.01610294560634684,0.02480943672529691,A_own0,1381,beta0_vs_beta1.5
honest: beta0-beta1.5,restrict_B,0.024921554429157628,0.02011051331320891,0.029732595545106346,A_own0,1381,beta0_vs_beta1.5
honest: beta0-beta1.5,restrict_joint,0.028723147477673187,0.023512018155857562,0.03393427679948881,A_own0,1381,beta0_vs_beta1.5
honest: beta0-beta1.5,A_p_truth0,4.5833881384099736e-17,4.2985539689586425e-17,4.8682223078613047e-17,A_own0,1381,beta0_vs_beta1.5
honest: beta0-beta1.5,A_p_truth,-0.004545882423574779,-0.011056264866431666,0.0019645000192821073,A_own0,1381,beta0_vs_beta1.5
honest: beta0-beta1.5,B_p_truth0,-5.818420811531188e-18,-8.677392108041926e-18,-2.9594495150204485e-18,A_own0,1381,beta0_vs_beta1.5
honest: beta0-beta1.5,B_p_truth,-0.006673159322095667,-0.013824354095467258,0.00047803545127592453,A_own0,1381,beta0_vs_beta1.5
honest: beta0-beta1.5,A_dbelief,-0.008350278470459993,-0.013783705542510148,-0.002916851398409838,A_own0,1381,beta0_vs_beta1.5
honest: beta0-beta1.5,B_dbelief,-0.00801896175030655,-0.014251715478170654,-0.0017862080224424438,A_own0,1381,beta0_vs_beta1.5
honest: beta0-beta1.5,belief_gap_final,0.015005810422614294,0.009341922058891849,0.02066969878633674,A_own0,1381,beta0_vs_beta1.5
honest: beta0-beta1.5,A_hidden_shift,0.00038855783745930827,-0.0038606341370271825,0.004637749811945799,A_own0,1381,beta0_vs_beta1.5
honest: beta0-beta1.5,B_hidden_shift,0.0014005931663591217,-0.003201725340975409,0.006002911673693653,A_own0,1381,beta0_vs_beta1.5
honest: beta0-beta1.5,A_transp_err,0.00594886509175611,0.001319433309515893,0.010578296873996328,A_own0,1381,beta0_vs_beta1.5
honest: beta0-beta1.5,B_transp_err,0.0020599427377552583,-0.002491248874868758,0.0066111343503792745,A_own0,1381,beta0_vs_beta1.5
honest: beta0-beta1.5,A_ASSERT,-0.0045257060101375765,-0.010917901518748128,0.0018664894984729745,A_own0,1381,beta0_vs_beta1.5
honest: beta0-beta1.5,A_CONCEDE,-0.0016292541636495268,-0.0071666721616591034,0.003908163834360051,A_own0,1381,beta0_vs_beta1.5
honest: beta0-beta1.5,A_PRESSURE,0.004042964035722912,0.0011454645035967803,0.006940463567849044,A_own0,1381,beta0_vs_beta1.5
honest: beta0-beta1.5,A_SILENCE,0.002111996138064211,-0.0006630127708392771,0.0048870050469676995,A_own0,1381,beta0_vs_beta1.5
honest: beta0-beta1.5,A_ASK,-0.002896451846488044,-0.005505635848393737,-0.00028726784458235144,A_own0,1381,beta0_vs_beta1.5
honest: beta0-beta1.5,A_REASSURE,0.0028964518464880584,0.0009801505957114057,0.004812753097264711,A_own0,1381,beta0_vs_beta1.5
honest: beta0-beta1.5,B_ASSERT,-0.006879073135409118,-0.013398831206612661,-0.0003593150642055747,A_own0,1381,beta0_vs_beta1.5
honest: beta0-beta1.5,B_CONCEDE,0.004223992276128411,-0.002054995072654364,0.010502979624911186,A_own0,1381,beta0_vs_beta1.5
honest: beta0-beta1.5,B_PRESSURE,0.002051653391262379,-0.0008684967036637395,0.004971803486188498,A_own0,1381,beta0_vs_beta1.5
honest: beta0-beta1.5,B_SILENCE,0.003379193820902736,0.000258446885244212,0.00649994075656126,A_own0,1381,beta0_vs_beta1.5
honest: beta0-beta1.5,B_ASK,-0.003741250301713724,-0.006524076024168875,-0.0009584245792585724,A_own0,1381,beta0_vs_beta1.5
honest: beta0-beta1.5,B_REASSURE,0.0009654839488293599,-0.0010899739445845774,0.003020941842243297,A_own0,1381,beta0_vs_beta1.5
honest: beta0-beta1.5,A_pC_true,-0.011541286473697895,-0.02438392976359227,0.001301356816196482,A_own0,1381,beta0_vs_beta1.5
honest: beta0-beta1.5,A_pW_true,-0.005342224574866096,-0.014553883747837216,0.0038694345981050227,A_own0,1381,beta0_vs_beta1.5
honest: beta0-beta1.5,B_pC_true,-0.007495805987219905,-0.019752454511711523,0.004760842537271714,A_own0,1381,beta0_vs_beta1.5
honest: beta0-beta1.5,B_pW_true,-0.0014770446943592173,-0.009871452906393938,0.006917363517675503,A_own0,1381,beta0_vs_beta1.5
attenuated: beta0-beta1.5,A_own0,0.0,0.0,0.0,all,2000,beta0_vs_beta1.5
attenuated: beta0-beta1.5,B_own0,0.0,0.0,0.0,all,2000,beta0_vs_beta1.5
attenuated: beta0-beta1.5,nonc_A,0.000625,-0.0026535818942217317,0.003903581894221732,all,2000,beta0_vs_beta1.5
attenuated: beta0-beta1.5,nonc_B,0.0075,-0.00020366005150113976,0.01520366005150114,all,2000,beta0_vs_beta1.5
attenuated: beta0-beta1.5,nonc_mutual,0.006875,-0.0009649980849797566,0.014714998084979756,all,2000,beta0_vs_beta1.5
attenuated: beta0-beta1.5,U_final,0.00425,-0.005383813405415591,0.013883813405415592,all,2000,beta0_vs_beta1.5
attenuated: beta0-beta1.5,evidence_count,-0.1015,-0.13088112767631233,-0.07211887232368769,all,2000,beta0_vs_beta1.5
attenuated: beta0-beta1.5,mean_rate,-0.007483333333333295,-0.00926823257237612,-0.00569843409429047,all,2000,beta0_vs_beta1.5
attenuated: beta0-beta1.5,restrict_A,0.0032083333333333395,0.00014966113543504484,0.006267005531231634,all,2000,beta0_vs_beta1.5
attenuated: beta0-beta1.5,restrict_B,0.02279166666666668,0.01903815105763911,0.02654518227569425,all,2000,beta0_vs_beta1.5
attenuated: beta0-beta1.5,restrict_joint,0.016333333333333335,0.012488683729481339,0.02017798293718533,all,2000,beta0_vs_beta1.5
attenuated: beta0-beta1.5,A_p_truth0,3.3230362905811715e-17,3.10620342307392e-17,3.539869158088423e-17,all,2000,beta0_vs_beta1.5
attenuated: beta0-beta1.5,A_p_truth,-0.0024775105092965572,-0.00399738507658688,-0.0009576359420062346,all,2000,beta0_vs_beta1.5
attenuated: beta0-beta1.5,B_p_truth0,-2.10248485288389e-17,-2.3649452695434862e-17,-1.840024436224294e-17,all,2000,beta0_vs_beta1.5
attenuated: beta0-beta1.5,B_p_truth,-0.003294419802433136,-0.008426662703390974,0.0018378230985247016,all,2000,beta0_vs_beta1.5
attenuated: beta0-beta1.5,A_dbelief,-0.0023489366146968492,-0.0036949176473339406,-0.0010029555820597576,all,2000,beta0_vs_beta1.5
attenuated: beta0-beta1.5,B_dbelief,-0.011538674574122753,-0.016102875005024657,-0.006974474143220848,all,2000,beta0_vs_beta1.5
attenuated: beta0-beta1.5,belief_gap_final,0.009843728880139204,0.005857819476974527,0.013829638283303882,all,2000,beta0_vs_beta1.5
attenuated: beta0-beta1.5,A_hidden_shift,-0.0012656672557564352,-0.0028758732087323406,0.00034453869721947023,all,2000,beta0_vs_beta1.5
attenuated: beta0-beta1.5,B_hidden_shift,-5.446343370185902e-05,-0.0038210823608802913,0.0037121554934765734,all,2000,beta0_vs_beta1.5
attenuated: beta0-beta1.5,A_transp_err,0.009282423900460628,0.005536040819148266,0.01302880698177299,all,2000,beta0_vs_beta1.5
attenuated: beta0-beta1.5,B_transp_err,0.006853507857892159,0.0041854627326729805,0.009521552983111338,all,2000,beta0_vs_beta1.5
attenuated: beta0-beta1.5,A_ASSERT,-0.014458333333333332,-0.017202819620214416,-0.011713847046452246,all,2000,beta0_vs_beta1.5
attenuated: beta0-beta1.5,A_CONCEDE,0.004708333333333335,0.0027433970953973505,0.00667326957126932,all,2000,beta0_vs_beta1.5
attenuated: beta0-beta1.5,A_PRESSURE,0.003916666666666674,0.0014503360118263598,0.006382997321506989,all,2000,beta0_vs_beta1.5
attenuated: beta0-beta1.5,A_SILENCE,0.0017500000000000085,-0.00040678363078849476,0.003906783630788512,all,2000,beta0_vs_beta1.5
attenuated: beta0-beta1.5,A_ASK,0.0019583333333333423,-0.0001015674665536103,0.004018234133220295,all,2000,beta0_vs_beta1.5
attenuated: beta0-beta1.5,A_REASSURE,0.002125000000000009,0.0008238923328893891,0.0034261076671106283,all,2000,beta0_vs_beta1.5
attenuated: beta0-beta1.5,B_ASSERT,-0.005499999999999995,-0.009736157389170517,-0.0012638426108294723,all,2000,beta0_vs_beta1.5
attenuated: beta0-beta1.5,B_CONCEDE,0.0009166666666666703,-0.003592991986900909,0.00542632532023425,all,2000,beta0_vs_beta1.5
attenuated: beta0-beta1.5,B_PRESSURE,0.003875000000000007,0.0015009034374993636,0.00624909656250065,all,2000,beta0_vs_beta1.5
attenuated: beta0-beta1.5,B_SILENCE,0.002333333333333341,-7.391746498011447e-05,0.004740584131646797,all,2000,beta0_vs_beta1.5
attenuated: beta0-beta1.5,B_ASK,-0.0037499999999999908,-0.005904976060661018,-0.0015950239393389635,all,2000,beta0_vs_beta1.5
attenuated: beta0-beta1.5,B_REASSURE,0.002125000000000008,0.0006507810944354057,0.0035992189055646102,all,2000,beta0_vs_beta1.5
attenuated: beta0-beta1.5,A_pC_true,-0.010640476471269198,-0.02051959541367534,-0.0007613575288630565,all,2000,beta0_vs_beta1.5
attenuated: beta0-beta1.5,A_pW_true,0.001492075594731324,-0.004922815507936301,0.007906966697398949,all,2000,beta0_vs_beta1.5
attenuated: beta0-beta1.5,B_pC_true,-0.0046166189288154155,-0.012251725139204216,0.0030184872815733855,all,2000,beta0_vs_beta1.5
attenuated: beta0-beta1.5,B_pW_true,0.003905689857553976,-0.0020878647381158454,0.009899244453223797,all,2000,beta0_vs_beta1.5
attenuated: beta0-beta1.5,A_own0,0.0,0.0,0.0,A_own0,1381,beta0_vs_beta1.5
attenuated: beta0-beta1.5,B_own0,0.0,0.0,0.0,A_own0,1381,beta0_vs_beta1.5
attenuated: beta0-beta1.5,nonc_A,0.0009051412020275163,-0.002834119711066735,0.004644402115121768,A_own0,1381,beta0_vs_beta1.5
attenuated: beta0-beta1.5,nonc_B,0.009775524981897175,-0.0007411723259409149,0.020292222289735266,A_own0,1381,beta0_vs_beta1.5
attenuated: beta0-beta1.5,nonc_mutual,0.010499637943519189,-0.0004953989161937122,0.02149467480323209,A_own0,1381,beta0_vs_beta1.5
attenuated: beta0-beta1.5,U_final,0.00995655322230268,-0.003384849986012385,0.023297956430617744,A_own0,1381,beta0_vs_beta1.5
attenuated: beta0-beta1.5,evidence_count,-0.10789283128167994,-0.14569524394842504,-0.07009041861493485,A_own0,1381,beta0_vs_beta1.5
attenuated: beta0-beta1.5,mean_rate,-0.007729905865314951,-0.009998054956691097,-0.005461756773938805,A_own0,1381,beta0_vs_beta1.5
attenuated: beta0-beta1.5,restrict_A,0.004284335022930251,0.0005180071487816771,0.008050662897078825,A_own0,1381,beta0_vs_beta1.5
attenuated: beta0-beta1.5,restrict_B,0.027274921554429166,0.022274730885479974,0.03227511222337836,A_own0,1381,beta0_vs_beta1.5
attenuated: beta0-beta1.5,restrict_joint,0.019188993482983346,0.014162675593529912,0.02421531137243678,A_own0,1381,beta0_vs_beta1.5
attenuated: beta0-beta1.5,A_p_truth0,4.5833881384099736e-17,4.2985539689586425e-17,4.8682223078613047e-17,A_own0,1381,beta0_vs_beta1.5
attenuated: beta0-beta1.5,A_p_truth,-0.002299303385282031,-0.004240859733086285,-0.000357747037477777,A_own0,1381,beta0_vs_beta1.5
attenuated: beta0-beta1.5,B_p_truth0,-5.818420811531188e-18,-8.677392108041926e-18,-2.9594495150204485e-18,A_own0,1381,beta0_vs_beta1.5
attenuated: beta0-beta1.5,B_p_truth,-0.004257136540659017,-0.011087836775590585,0.002573563694272551,A_own0,1381,beta0_vs_beta1.5
attenuated: beta0-beta1.5,A_dbelief,-0.002557415894928599,-0.004264502773262445,-0.0008503290165947524,A_own0,1381,beta0_vs_beta1.5
attenuated: beta0-beta1.5,B_dbelief,-0.01682133118533186,-0.022945973450179118,-0.010696688920484603,A_own0,1381,beta0_vs_beta1.5
attenuated: beta0-beta1.5,belief_gap_final,0.012799638103101396,0.0072233116681190085,0.018375964538083784,A_own0,1381,beta0_vs_beta1.5
attenuated: beta0-beta1.5,A_hidden_shift,-0.0013433734233834948,-0.0036101629258569476,0.0009234160790899581,A_own0,1381,beta0_vs_beta1.5
attenuated: beta0-beta1.5,B_hidden_shift,-0.0015382208812432154,-0.006341325451502364,0.0032648836890159334,A_own0,1381,beta0_vs_beta1.5
attenuated: beta0-beta1.5,A_transp_err,0.01315754985463879,0.00797690639697342,0.018338193312304157,A_own0,1381,beta0_vs_beta1.5
attenuated: beta0-beta1.5,B_transp_err,0.008583637832975713,0.004909069264267172,0.012258206401684252,A_own0,1381,beta0_vs_beta1.5
attenuated: beta0-beta1.5,A_ASSERT,-0.019611392710596184,-0.023475258585948625,-0.015747526835243743,A_own0,1381,beta0_vs_beta1.5
attenuated: beta0-beta1.5,A_CONCEDE,0.0007844557084238503,-0.0011118204351421677,0.002680731851989868,A_own0,1381,beta0_vs_beta1.5
attenuated: beta0-beta1.5,A_PRESSURE,0.006939415882210965,0.0038828115494808605,0.00999602021494107,A_own0,1381,beta0_vs_beta1.5
attenuated: beta0-beta1.5,A_SILENCE,0.003439536567704569,0.0007606902204209498,0.006118382914988188,A_own0,1381,beta0_vs_beta1.5
attenuated: beta0-beta1.5,A_ASK,0.003922278542119245,0.001412611858514721,0.006431945225723769,A_own0,1381,beta0_vs_beta1.5
attenuated: beta0-beta1.5,A_REASSURE,0.0045257060101375896,0.0029430875809917977,0.006108324439283381,A_own0,1381,beta0_vs_beta1.5
attenuated: beta0-beta1.5,B_ASSERT,-0.00953415399468983,-0.015173584772925432,-0.003894723216454228,A_own0,1381,beta0_vs_beta1.5
attenuated: beta0-beta1.5,B_CONCEDE,0.0033791938209027316,-0.0028181995605070322,0.009576587202312496,A_own0,1381,beta0_vs_beta1.5
attenuated: beta0-beta1.5,B_PRESSURE,0.005370504465363272,0.0021449076626130496,0.008596101268113495,A_own0,1381,beta0_vs_beta1.5
attenuated: beta0-beta1.5,B_SILENCE,0.00259473811247889,-0.0007088917272608749,0.0058983679522186545,A_own0,1381,beta0_vs_beta1.5
attenuated: beta0-beta1.5,B_ASK,-0.003499879314506386,-0.006435331961525343,-0.0005644266674874284,A_own0,1381,beta0_vs_beta1.5
attenuated: beta0-beta1.5,B_REASSURE,0.0016895969104513738,-0.00027397076278740237,0.00365316458369015,A_own0,1381,beta0_vs_beta1.5
attenuated: beta0-beta1.5,A_pC_true,-0.01710706760367495,-0.030709957229555402,-0.003504177977794499,A_own0,1381,beta0_vs_beta1.5
attenuated: beta0-beta1.5,A_pW_true,0.001794167336193532,-0.0067584591787430495,0.010346793851130114,A_own0,1381,beta0_vs_beta1.5
attenuated: beta0-beta1.5,B_pC_true,-0.01934554682558388,-0.028644993058154718,-0.010046100593013042,A_own0,1381,beta0_vs_beta1.5
attenuated: beta0-beta1.5,B_pW_true,-0.0004085121902867261,-0.007396645577323423,0.00657962119674997,A_own0,1381,beta0_vs_beta1.5
costly: beta0-beta1.5,A_own0,0.0,0.0,0.0,all,2000,beta0_vs_beta1.5
costly: beta0-beta1.5,B_own0,0.0,0.0,0.0,all,2000,beta0_vs_beta1.5
costly: beta0-beta1.5,nonc_A,-0.001125,-0.0025739629858513237,0.0003239629858513239,all,2000,beta0_vs_beta1.5
costly: beta0-beta1.5,nonc_B,0.003375,-0.004613529538631927,0.011363529538631926,all,2000,beta0_vs_beta1.5
costly: beta0-beta1.5,nonc_mutual,0.00225,-0.005854965834942971,0.010354965834942971,all,2000,beta0_vs_beta1.5
costly: beta0-beta1.5,U_final,-0.001875,-0.012924213308868303,0.009174213308868303,all,2000,beta0_vs_beta1.5
costly: beta0-beta1.5,evidence_count,-0.1685,-0.20226109109368234,-0.13473890890631768,all,2000,beta0_vs_beta1.5
costly: beta0-beta1.5,mean_rate,-0.013764583333333295,-0.015883622583573235,-0.011645544083093356,all,2000,beta0_vs_beta1.5
costly: beta0-beta1.5,restrict_A,0.021541666666666674,0.017650277212000336,0.025433056121333012,all,2000,beta0_vs_beta1.5
costly: beta0-beta1.5,restrict_B,0.02254166666666668,0.01887696535022864,0.026206367983104717,all,2000,beta0_vs_beta1.5
costly: beta0-beta1.5,restrict_joint,0.028333333333333335,0.02407086366691201,0.03259580299975466,all,2000,beta0_vs_beta1.5
costly: beta0-beta1.5,A_p_truth0,3.3230362905811715e-17,3.10620342307392e-17,3.539869158088423e-17,all,2000,beta0_vs_beta1.5
costly: beta0-beta1.5,A_p_truth,-0.0052487120990684834,-0.011088626971977277,0.0005912027738403094,all,2000,beta0_vs_beta1.5
costly: beta0-beta1.5,B_p_truth0,-2.10248485288389e-17,-2.3649452695434862e-17,-1.840024436224294e-17,all,2000,beta0_vs_beta1.5
costly: beta0-beta1.5,B_p_truth,-0.006112640099133481,-0.011607661336174361,-0.0006176188620926016,all,2000,beta0_vs_beta1.5
costly: beta0-beta1.5,A_dbelief,-0.005283055897780707,-0.010090858516597547,-0.00047525327896386603,all,2000,beta0_vs_beta1.5
costly: beta0-beta1.5,B_dbelief,-0.004561454377624868,-0.009187312264892741,6.440350964300422e-05,all,2000,beta0_vs_beta1.5
costly: beta0-beta1.5,belief_gap_final,0.008286155793519066,0.00442528724736465,0.012147024339673483,all,2000,beta0_vs_beta1.5
costly: beta0-beta1.5,A_hidden_shift,-0.004880405161959783,-0.010077930445504237,0.0003171201215846709,all,2000,beta0_vs_beta1.5
costly: beta0-beta1.5,B_hidden_shift,0.00010167755757261409,-0.0037463802242247526,0.003949735339369981,all,2000,beta0_vs_beta1.5
costly: beta0-beta1.5,A_transp_err,0.006223661020187974,0.0026673507490563323,0.009779971291319616,all,2000,beta0_vs_beta1.5
costly: beta0-beta1.5,B_transp_err,0.00452950191240163,0.0012909286479422947,0.007768075176860965,all,2000,beta0_vs_beta1.5
costly: beta0-beta1.5,A_ASSERT,-0.006916666666666662,-0.012071518230171215,-0.0017618151031621098,all,2000,beta0_vs_beta1.5
costly: beta0-beta1.5,A_CONCEDE,0.0004166666666666688,-0.00040813028174801103,0.0012414636150813486,all,2000,beta0_vs_beta1.5
costly: beta0-beta1.5,A_PRESSURE,0.005666666666666678,0.0028149189590232445,0.008518414374310113,all,2000,beta0_vs_beta1.5
costly: beta0-beta1.5,A_SILENCE,0.005583333333333344,0.0029225125451240335,0.008244154121542654,all,2000,beta0_vs_beta1.5
costly: beta0-beta1.5,A_ASK,-0.007166666666666655,-0.00980505601419946,-0.00452827731913385,all,2000,beta0_vs_beta1.5
costly: beta0-beta1.5,A_REASSURE,0.002416666666666678,0.0004454537430597185,0.004387879590273638,all,2000,beta0_vs_beta1.5
costly: beta0-beta1.5,B_ASSERT,-0.006583333333333328,-0.01181227582497555,-0.001354390841691107,all,2000,beta0_vs_beta1.5
costly: beta0-beta1.5,B_CONCEDE,0.003958333333333335,-0.0008330776334468928,0.008749744300113563,all,2000,beta0_vs_beta1.5
costly: beta0-beta1.5,B_PRESSURE,0.0019166666666666737,-0.00035144422180198327,0.004184777555135331,all,2000,beta0_vs_beta1.5
costly: beta0-beta1.5,B_SILENCE,0.0025833333333333403,9.478735391947038e-05,0.00507187931274721,all,2000,beta0_vs_beta1.5
costly: beta0-beta1.5,B_ASK,-0.0017916666666666582,-0.003940635752688476,0.00035730241935516007,all,2000,beta0_vs_beta1.5
costly: beta0-beta1.5,B_REASSURE,-8.333333333332543e-05,-0.00175342585873741,0.0015867591920707591,all,2000,beta0_vs_beta1.5
costly: beta0-beta1.5,A_pC_true,-0.004326441120421404,-0.01455333544795497,0.0059004532071121624,all,2000,beta0_vs_beta1.5
costly: beta0-beta1.5,A_pW_true,-0.005046113861182921,-0.012110010067493925,0.0020177823451280833,all,2000,beta0_vs_beta1.5
costly: beta0-beta1.5,B_pC_true,0.0042586097950178875,-0.0005356114229583767,0.009052831012994152,all,2000,beta0_vs_beta1.5
costly: beta0-beta1.5,B_pW_true,0.008938124080384231,0.0037994884901879824,0.01407675967058048,all,2000,beta0_vs_beta1.5
costly: beta0-beta1.5,A_own0,0.0,0.0,0.0,A_own0,1381,beta0_vs_beta1.5
costly: beta0-beta1.5,B_own0,0.0,0.0,0.0,A_own0,1381,beta0_vs_beta1.5
costly: beta0-beta1.5,nonc_A,0.00018102824040550325,-0.000996148697339329,0.0013582051781503353,A_own0,1381,beta0_vs_beta1.5
costly: beta0-beta1.5,nonc_B,0.001448225923244026,-0.00894838071161427,0.011844832558102321,A_own0,1381,beta0_vs_beta1.5
costly: beta0-beta1.5,nonc_mutual,0.0016292541636495294,-0.008821666614017228,0.012080174941316288,A_own0,1381,beta0_vs_beta1.5
costly: beta0-beta1.5,U_final,0.001448225923244026,-0.01094919549321093,0.013845647339698982,A_own0,1381,beta0_vs_beta1.5
costly: beta0-beta1.5,evidence_count,-0.14482259232440262,-0.18575143572481623,-0.103893748923989,A_own0,1381,beta0_vs_beta1.5
costly: beta0-beta1.5,mean_rate,-0.012005189476224922,-0.014520763565163205,-0.009489615387286638,A_own0,1381,beta0_vs_beta1.5
costly: beta0-beta1.5,restrict_A,0.01858556601496501,0.013970828735104787,0.023200303294825232,A_own0,1381,beta0_vs_beta1.5
costly: beta0-beta1.5,restrict_B,0.024921554429157625,0.02022535966907691,0.02961774918923834,A_own0,1381,beta0_vs_beta1.5
costly: beta0-beta1.5,restrict_joint,0.02811972000965484,0.022920933616656106,0.033318506402653575,A_own0,1381,beta0_vs_beta1.5
costly: beta0-beta1.5,A_p_truth0,4.5833881384099736e-17,4.2985539689586425e-17,4.8682223078613047e-17,A_own0,1381,beta0_vs_beta1.5
costly: beta0-beta1.5,A_p_truth,-0.0034485217509360273,-0.01078236223855665,0.003885318736684595,A_own0,1381,beta0_vs_beta1.5
costly: beta0-beta1.5,B_p_truth0,-5.818420811531188e-18,-8.677392108041926e-18,-2.9594495150204485e-18,A_own0,1381,beta0_vs_beta1.5
costly: beta0-beta1.5,B_p_truth,-0.00706715630586435,-0.01396564796709919,-0.00016866464462951015,A_own0,1381,beta0_vs_beta1.5
costly: beta0-beta1.5,A_dbelief,-0.005122824678397992,-0.011224127836434693,0.0009784784796387086,A_own0,1381,beta0_vs_beta1.5
costly: beta0-beta1.5,B_dbelief,-0.003756043949852865,-0.009610064211528027,0.0020979763118222972,A_own0,1381,beta0_vs_beta1.5
costly: beta0-beta1.5,belief_gap_final,0.012049248745156997,0.006823010798801648,0.017275486691512347,A_own0,1381,beta0_vs_beta1.5
costly: beta0-beta1.5,A_hidden_shift,-0.003470317378234956,-0.010030829914889277,0.003090195158419365,A_own0,1381,beta0_vs_beta1.5
costly: beta0-beta1.5,B_hidden_shift,0.001224520207370339,-0.003359685201144653,0.005808725615885331,A_own0,1381,beta0_vs_beta1.5
costly: beta0-beta1.5,A_transp_err,0.00828850321259723,0.003691960845657152,0.012885045579537308,A_own0,1381,beta0_vs_beta1.5
costly: beta0-beta1.5,B_transp_err,0.003058587590148922,-0.0008270870909013049,0.00694426227119915,A_own0,1381,beta0_vs_beta1.5
costly: beta0-beta1.5,A_ASSERT,-0.006154960173787108,-0.012672438629348741,0.00036251828177452476,A_own0,1381,beta0_vs_beta1.5
costly: beta0-beta1.5,A_CONCEDE,-0.0003017137340091712,-0.0009602693337606174,0.0003568418657422749,A_own0,1381,beta0_vs_beta1.5
costly: beta0-beta1.5,A_PRESSURE,0.0042843350229302525,0.0006504196317074639,0.007918250414153042,A_own0,1381,beta0_vs_beta1.5
costly: beta0-beta1.5,A_SILENCE,0.003922278542119245,0.0006952145328548466,0.007149342551383643,A_own0,1381,beta0_vs_beta1.5
costly: beta0-beta1.5,A_ASK,-0.004405020516533904,-0.007608576046859838,-0.00120146498620797,A_own0,1381,beta0_vs_beta1.5
costly: beta0-beta1.5,A_REASSURE,0.002655080859280723,0.0002459959585415861,0.00506416576001986,A_own0,1381,beta0_vs_beta1.5
costly: beta0-beta1.5,B_ASSERT,-0.010378952449915515,-0.01683830036257704,-0.003919604537253993,A_own0,1381,beta0_vs_beta1.5
costly: beta0-beta1.5,B_CONCEDE,0.006275645667390781,0.00020555406686577956,0.012345737267915782,A_own0,1381,beta0_vs_beta1.5
costly: beta0-beta1.5,B_PRESSURE,0.002775766352884392,-0.00014271709658785284,0.005694249802356637,A_own0,1381,beta0_vs_beta1.5
costly: beta0-beta1.5,B_SILENCE,0.004042964035722915,0.0007518826556879056,0.007334045415757924,A_own0,1381,beta0_vs_beta1.5
costly: beta0-beta1.5,B_ASK,-0.002353367125271532,-0.005137907927385166,0.000431173676842101,A_own0,1381,beta0_vs_beta1.5
costly: beta0-beta1.5,B_REASSURE,-0.0003620564808109969,-0.0024112369156265175,0.0016871239540045238,A_own0,1381,beta0_vs_beta1.5
costly: beta0-beta1.5,A_pC_true,-0.004290089571583845,-0.017674956535421914,0.009094777392254226,A_own0,1381,beta0_vs_beta1.5
costly: beta0-beta1.5,A_pW_true,-0.005364799552621834,-0.014620840807392631,0.003891241702148964,A_own0,1381,beta0_vs_beta1.5
costly: beta0-beta1.5,B_pC_true,0.004987727881306703,-0.00046619903367562526,0.010441654796289031,A_own0,1381,beta0_vs_beta1.5
costly: beta0-beta1.5,B_pW_true,0.00821242807801065,0.001993023928444403,0.014431832227576899,A_own0,1381,beta0_vs_beta1.5
access: beta0-beta1.5,A_own0,0.0,0.0,0.0,all,2000,beta0_vs_beta1.5
access: beta0-beta1.5,B_own0,0.0,0.0,0.0,all,2000,beta0_vs_beta1.5
access: beta0-beta1.5,nonc_A,0.008625,0.0016134226741910708,0.01563657732580893,all,2000,beta0_vs_beta1.5
access: beta0-beta1.5,nonc_B,0.009625,0.0016764139057346191,0.017573586094265382,all,2000,beta0_vs_beta1.5
access: beta0-beta1.5,nonc_mutual,0.018,0.008792633460141839,0.02720736653985816,all,2000,beta0_vs_beta1.5
access: beta0-beta1.5,U_final,0.007,-0.003009881600939765,0.017009881600939764,all,2000,beta0_vs_beta1.5
access: beta0-beta1.5,evidence_count,-0.074,-0.10177828496790035,-0.04622171503209964,all,2000,beta0_vs_beta1.5
access: beta0-beta1.5,mean_rate,-0.004910416666666638,-0.006326700252954838,-0.0034941330803784374,all,2000,beta0_vs_beta1.5
access: beta0-beta1.5,restrict_A,0.01225,0.008138954003117562,0.01636104599688244,all,2000,beta0_vs_beta1.5
access: beta0-beta1.5,restrict_B,0.015791666666666673,0.012115584655237228,0.019467748678096117,all,2000,beta0_vs_beta1.5
access: beta0-beta1.5,restrict_joint,0.015541666666666664,0.01194239262923627,0.019140940704097057,all,2000,beta0_vs_beta1.5
access: beta0-beta1.5,A_p_truth0,3.3230362905811715e-17,3.10620342307392e-17,3.539869158088423e-17,all,2000,beta0_vs_beta1.5
access: beta0-beta1.5,A_p_truth,-0.005810969739034817,-0.010732241198056804,-0.0008896982800128293,all,2000,beta0_vs_beta1.5
access: beta0-beta1.5,B_p_truth0,-2.10248485288389e-17,-2.3649452695434862e-17,-1.840024436224294e-17,all,2000,beta0_vs_beta1.5
access: beta0-beta1.5,B_p_truth,-0.006583118397248747,-0.011912143001358599,-0.0012540937931388944,all,2000,beta0_vs_beta1.5
access: beta0-beta1.5,A_dbelief,-0.006768848098095736,-0.011017193784062075,-0.0025205024121293957,all,2000,beta0_vs_beta1.5
access: beta0-beta1.5,B_dbelief,-0.007949392713873004,-0.012552490191498527,-0.0033462952362474808,all,2000,beta0_vs_beta1.5
access: beta0-beta1.5,belief_gap_final,0.015360271575657905,0.011109196949781179,0.01961134620153463,all,2000,beta0_vs_beta1.5
access: beta0-beta1.5,A_hidden_shift,0.0013816009923963576,-0.0024863075245212863,0.005249509509314002,all,2000,beta0_vs_beta1.5
access: beta0-beta1.5,B_hidden_shift,0.0017073881907070407,-0.002099210037207494,0.005513986418621575,all,2000,beta0_vs_beta1.5
access: beta0-beta1.5,A_transp_err,0.004571235263273064,0.0007980521381773351,0.008344418388368793,all,2000,beta0_vs_beta1.5
access: beta0-beta1.5,B_transp_err,0.005490239534175389,0.0019556269976407662,0.00902485207071001,all,2000,beta0_vs_beta1.5
access: beta0-beta1.5,A_ASSERT,-0.006833333333333328,-0.011863926568809347,-0.0018027400978573105,all,2000,beta0_vs_beta1.5
access: beta0-beta1.5,A_CONCEDE,0.0002083333333333346,-0.0046676316690895114,0.005084298335756181,all,2000,beta0_vs_beta1.5
access: beta0-beta1.5,A_PRESSURE,0.002333333333333341,6.597277881972233e-05,0.0046006938878469595,all,2000,beta0_vs_beta1.5
access: beta0-beta1.5,A_SILENCE,0.0021250000000000075,-0.0001324320337927256,0.004382432033792741,all,2000,beta0_vs_beta1.5
access: beta0-beta1.5,A_ASK,0.00183333333333334,-0.00011183510727878266,0.0037785017739454625,all,2000,beta0_vs_beta1.5
access: beta0-beta1.5,A_REASSURE,0.0003333333333333406,-0.001292153572679312,0.001958820239345993,all,2000,beta0_vs_beta1.5
access: beta0-beta1.5,B_ASSERT,-0.0009583333333333286,-0.0058722959797963955,0.003955629313129739,all,2000,beta0_vs_beta1.5
access: beta0-beta1.5,B_CONCEDE,0.00012500000000000307,-0.0044980819792156835,0.004748081979215689,all,2000,beta0_vs_beta1.5
access: beta0-beta1.5,B_PRESSURE,0.0011666666666666744,-0.0010906301298904833,0.003423963463223832,all,2000,beta0_vs_beta1.5
access: beta0-beta1.5,B_SILENCE,0.0020833333333333407,-0.00023397553189267702,0.004400642198559358,all,2000,beta0_vs_beta1.5
access: beta0-beta1.5,B_ASK,-0.0028749999999999917,-0.00493930810693778,-0.0008106918930622042,all,2000,beta0_vs_beta1.5
access: beta0-beta1.5,B_REASSURE,0.0004583333333333409,-0.0011526626447872623,0.002069329311453944,all,2000,beta0_vs_beta1.5
access: beta0-beta1.5,A_pC_true,-0.01077965710799074,-0.020841905338549502,-0.0007174088774319753,all,2000,beta0_vs_beta1.5
access: beta0-beta1.5,A_pW_true,0.003060916941288225,-0.0035021809267032585,0.00962401480927971,all,2000,beta0_vs_beta1.5
access: beta0-beta1.5,B_pC_true,-0.013317793925040466,-0.02309211859728596,-0.003543469252794973,all,2000,beta0_vs_beta1.5
access: beta0-beta1.5,B_pW_true,0.0012501166961923357,-0.005475321500246673,0.007975554892631345,all,2000,beta0_vs_beta1.5
access: beta0-beta1.5,A_own0,0.0,0.0,0.0,A_own0,1381,beta0_vs_beta1.5
access: beta0-beta1.5,B_own0,0.0,0.0,0.0,A_own0,1381,beta0_vs_beta1.5
access: beta0-beta1.5,nonc_A,0.011404779145546705,0.0028409460525307597,0.019968612238562652,A_own0,1381,beta0_vs_beta1.5
access: beta0-beta1.5,nonc_B,0.009594496741491673,-0.0007109000472449618,0.019899893530228308,A_own0,1381,beta0_vs_beta1.5
access: beta0-beta1.5,nonc_mutual,0.020999275887038378,0.008489045497167304,0.03350950627690945,A_own0,1381,beta0_vs_beta1.5
access: beta0-beta1.5,U_final,0.008508327299058652,-0.005499147290287677,0.022515801888404983,A_own0,1381,beta0_vs_beta1.5
access: beta0-beta1.5,evidence_count,-0.08110065170166546,-0.11670608388604586,-0.04549521951728506,A_own0,1381,beta0_vs_beta1.5
access: beta0-beta1.5,mean_rate,-0.00564808110065167,-0.007457312846118138,-0.003838849355185202,A_own0,1381,beta0_vs_beta1.5
access: beta0-beta1.5,restrict_A,0.012128892107168719,0.00704033811427376,0.017217446100063677,A_own0,1381,beta0_vs_beta1.5
access: beta0-beta1.5,restrict_B,0.019370021723388857,0.014479766443190573,0.02426027700358714,A_own0,1381,beta0_vs_beta1.5
access: beta0-beta1.5,restrict_joint,0.017258025585324643,0.012665389953624609,0.021850661217024676,A_own0,1381,beta0_vs_beta1.5
access: beta0-beta1.5,A_p_truth0,4.5833881384099736e-17,4.2985539689586425e-17,4.8682223078613047e-17,A_own0,1381,beta0_vs_beta1.5
access: beta0-beta1.5,A_p_truth,-0.004518042168439862,-0.010625132340289362,0.001589048003409639,A_own0,1381,beta0_vs_beta1.5
access: beta0-beta1.5,B_p_truth0,-5.818420811531188e-18,-8.677392108041926e-18,-2.9594495150204485e-18,A_own0,1381,beta0_vs_beta1.5
access: beta0-beta1.5,B_p_truth,-0.007554432467544088,-0.014152153382392752,-0.0009567115526954249,A_own0,1381,beta0_vs_beta1.5
access: beta0-beta1.5,A_dbelief,-0.008385866737281764,-0.01380961339249693,-0.002962120082066598,A_own0,1381,beta0_vs_beta1.5
access: beta0-beta1.5,B_dbelief,-0.011839719263588816,-0.01771169222884641,-0.00596774629833122,A_own0,1381,beta0_vs_beta1.5
access: beta0-beta1.5,belief_gap_final,0.019777086961293783,0.014136345506904038,0.02541782841568353,A_own0,1381,beta0_vs_beta1.5
access: beta0-beta1.5,A_hidden_shift,0.002503046885962077,-0.0017957131072245517,0.006801806879148706,A_own0,1381,beta0_vs_beta1.5
access: beta0-beta1.5,B_hidden_shift,0.00025276122371538704,-0.004354283367141797,0.004859805814572571,A_own0,1381,beta0_vs_beta1.5
access: beta0-beta1.5,A_transp_err,0.006294618574251462,0.0013689288490105443,0.011220308299492379,A_own0,1381,beta0_vs_beta1.5
access: beta0-beta1.5,B_transp_err,0.0051518900069600524,0.0009145374663027299,0.009389242547617374,A_own0,1381,beta0_vs_beta1.5
access: beta0-beta1.5,A_ASSERT,-0.007361815109823795,-0.013675009054173345,-0.001048621165474245,A_own0,1381,beta0_vs_beta1.5
access: beta0-beta1.5,A_CONCEDE,-0.003741250301713731,-0.009558212194797563,0.0020757115913701022,A_own0,1381,beta0_vs_beta1.5
access: beta0-beta1.5,A_PRESSURE,0.0033188510741009006,0.000443027766262464,0.006194674381939337,A_own0,1381,beta0_vs_beta1.5
access: beta0-beta1.5,A_SILENCE,0.0033188510741008997,0.0004822358237588551,0.006155466324442945,A_own0,1381,beta0_vs_beta1.5
access: beta0-beta1.5,A_ASK,0.0027757663528843895,0.00039629540389947817,0.0051552373018693,A_own0,1381,beta0_vs_beta1.5
access: beta0-beta1.5,A_REASSURE,0.001689596910451371,-0.0003301980362751748,0.0037093918571779166,A_own0,1381,beta0_vs_beta1.5
access: beta0-beta1.5,B_ASSERT,-0.004827419744146748,-0.010903501625477839,0.0012486621371843422,A_own0,1381,beta0_vs_beta1.5
access: beta0-beta1.5,B_CONCEDE,0.002836109099686221,-0.0031751594775131483,0.00884737767688559,A_own0,1381,beta0_vs_beta1.5
access: beta0-beta1.5,B_PRESSURE,0.0024137098720733857,-0.0006139460160179684,0.00544136576016474,A_own0,1381,beta0_vs_beta1.5
access: beta0-beta1.5,B_SILENCE,0.0030774800868935645,-1.0319960963372198e-05,0.006165280134750501,A_own0,1381,beta0_vs_beta1.5
access: beta0-beta1.5,B_ASK,-0.003861935795317393,-0.006567783923992707,-0.0011560876666420793,A_own0,1381,beta0_vs_beta1.5
access: beta0-beta1.5,B_REASSURE,0.0003620564808110158,-0.0017609376739506325,0.0024850506355726643,A_own0,1381,beta0_vs_beta1.5
access: beta0-beta1.5,A_pC_true,-0.015697257952265287,-0.029107284088674055,-0.0022872318158565184,A_own0,1381,beta0_vs_beta1.5
access: beta0-beta1.5,A_pW_true,0.0057771577000174604,-0.002881304137805213,0.014435619537840134,A_own0,1381,beta0_vs_beta1.5
access: beta0-beta1.5,B_pC_true,-0.018376567102729936,-0.031063753547655556,-0.005689380657804315,A_own0,1381,beta0_vs_beta1.5
access: beta0-beta1.5,B_pW_true,0.005244966826472117,-0.0031153401334363603,0.013605273786380594,A_own0,1381,beta0_vs_beta1.5
