mechanism,param,value,typical,n_own0,nonc_A_own0,nonc_A_own0_se,nonc_A_all,evidence_count_own0,restrict_A_own0,A_dbelief_own0,A_hidden_shift_own0,target_median_typical
attenuated,omega,0.05,0.0,1381,0.9972845763939174,0.0006975538918249406,0.737375,2.5669804489500363,0.3560825488776249,0.016458492310752443,0.016323558242317557,0.9809920347574221
attenuated,omega,0.1,0.0,1381,0.9965604634322954,0.0007839207156956534,0.734875,2.5698769007965243,0.35578083514361575,0.032987035650250046,0.03255409611159958,0.9809920347574221
attenuated,omega,0.2,1.0,1381,0.9809920347574221,0.002104249815002359,0.723125,2.5756698044895003,0.3537895244991552,0.06568021870815595,0.05694737852788963,0.9809920347574221
attenuated,omega,0.3,0.0,1381,0.9560101375814627,0.003825505024344274,0.70875,2.5756698044895003,0.35300506879073135,0.09499420785497747,0.06707870123749259,0.9809920347574221
costly,c,0.8,0.0,1381,0.9422519913106444,0.004290484977889839,0.852375,2.6922519913106444,0.33598841419261405,0.2364570674751069,0.12862097279576157,0.9809920347574221
costly,c,1.2,0.0,1381,0.9856987690079653,0.0016446749868194877,0.966,2.7306299782766112,0.3355056722181994,0.23833761018592167,0.18590849738190685,0.9809920347574221
costly,c,1.6,1.0,1381,0.99637943519189,0.000803990370777379,0.992625,2.728457639391745,0.3360487569394159,0.2380977594867393,0.22179304192719473,0.9809920347574221
costly,c,2.0,0.0,1381,0.998189717595945,0.0005705917844794599,0.997125,2.723388848660391,0.33677286990103794,0.23782648571346082,0.23040422837388982,0.9809920347574221
access,gamma,1.0,0.0,1381,0.8041274438812455,0.009651236288359807,0.602,2.322954380883418,0.4347091479604151,0.2156482878989278,0.08036898076095092,0.9809920347574221
access,gamma,2.0,1.0,1381,0.8144460535843592,0.00934736899419396,0.609,2.0854453294713977,0.5257663528843833,0.20790053415373932,0.08221219995631114,0.9809920347574221
access,gamma,4.0,0.0,1381,0.8292903692976105,0.008888521602955052,0.621,1.7675597393193339,0.6576152546463916,0.1989948556481894,0.08526409556219025,0.9809920347574221
access,gamma,8.0,0.0,1381,0.8329109341057205,0.008771574360817888,0.624875,1.5039826212889211,0.7645426019792422,0.19405824670059682,0.08363388672348651,0.9809920347574221
