run,split,n,evidence_count,evidence_count_se,mean_rate,mean_rate_se,restrict_A,restrict_A_se,restrict_B,restrict_B_se,restrict_joint,restrict_joint_se,A_p_truth,A_p_truth_se,A_dbelief,A_dbelief_se,A_hidden_shift,A_hidden_shift_se,nonc_A,nonc_A_se,nonc_B,nonc_B_se,nonc_mutual,nonc_mutual_se,A_ASK,A_ASK_se,A_CONCEDE,A_CONCEDE_se,A_REASSURE,A_REASSURE_se,A_PRESSURE,A_PRESSURE_se,B_p_truth,B_p_truth_se,B_dbelief,B_dbelief_se,belief_gap_final,belief_gap_final_se,U_final,U_final_se,A_transp_err,A_transp_err_se,B_transp_err,B_transp_err_se,A_pC_true,A_pC_true_se,A_pW_true,A_pW_true_se,B_pC_true,B_pC_true_se,B_pW_true,B_pW_true_se,set
honest,all,2000,2.6005,0.031391760006379846,0.2126583333333333,0.0012487019968549684,0.33295833333333336,0.0031523308755809945,0.33675,0.0030803393925287453,0.5550416666666668,0.0033659194641084142,0.8571613253745363,0.005068230380454884,0.22345030984874575,0.004687201281513623,0.07260808803420217,0.0028420800513630344,0.59725,0.010192431583326443,0.592125,0.010203206353761972,0.1905,0.0067362870917064485,0.03145833333333333,0.0012641200578242676,0.3647083333333333,0.009093200790457976,0.024375,0.0011653851885568749,0.022333333333333334,0.00104969351898421,0.8572984582164127,0.005064861512678972,0.22337172193103658,0.004789091797137371,0.12176359829117166,0.0032116895688567926,0.104625,0.005884066689620704,0.07167691967764457,0.002360489152308029,0.07531663239752842,0.002490318107928719,0.6050757260123164,0.0075177167145334765,0.3038962588167956,0.0040218862769702155,0.6031950405182092,0.007503081138030423,0.3063767963830269,0.004091784340271932,typical
honest,A_own0,1381,2.6364952932657495,0.03734237538523765,0.21501025826695633,0.0015190149290217473,0.33508327299058654,0.0037670566308290344,0.33194545015689114,0.0037037594090881185,0.5523775042239922,0.004087194682037636,0.850356571907655,0.006486620426591759,0.22710389582650886,0.006372240999565402,0.08280473734462825,0.0028519075672069163,0.7939898624185373,0.009929230316416486,0.4346488052136133,0.012100310163175424,0.22936278059377263,0.008835799989923548,0.030231716147719044,0.0015475569930875266,0.15936519430364468,0.00749406546988676,0.02371469949312093,0.0013990550427589378,0.022085445329471397,0.0012988924923858151,0.8275152900687242,0.006332198643268149,0.25760355427067066,0.0060364332149466255,0.14288889630179455,0.004145663965085368,0.13740043446777697,0.008053794656569616,0.08892749384859412,0.0030626641013825604,0.07007167009540603,0.002917017794979802,0.6986493859830295,0.009232580132496877,0.2948650519633139,0.005428447260634245,0.47793338105310196,0.007708566567393457,0.269771552735599,0.004765738322535222,typical
attenuated,all,2000,2.555,0.030967192050487008,0.20932708333333333,0.0012179968053095576,0.3506666666666666,0.0031524720698503745,0.33479166666666665,0.0030965788342341947,0.5667916666666666,0.0032439115280528613,0.7394738777612161,0.0056352505296670165,0.06858939577386058,0.0014628051588694124,0.040171919001604765,0.0013560924328433978,0.723125,0.009095444229963162,0.58875,0.010114364484952438,0.316,0.00858502191614269,0.030291666666666665,0.001229816978777547,0.2647083333333333,0.008684318532947237,0.029749999999999995,0.0012015020683614343,0.03025,0.0012267953451839625,0.8437311184063153,0.005019194496143891,0.2345753887197396,0.004819864212729385,0.21271839124144923,0.004258454480839775,0.230625,0.00862714573362793,0.08919726335440982,0.0026201663163801046,0.1275455282948374,0.002043257775245577,0.6105236284506571,0.007563747226924278,0.27483822094740573,0.004618728099869215,0.4838205980075186,0.006945794734984667,0.5222570582512397,0.006630043218633201,typical
attenuated,A_own0,1381,2.5756698044895003,0.03712974473464765,0.21024016413227123,0.0014857260438834693,0.3537895244991552,0.003811958785107054,0.32941105479121413,0.0037523003464280088,0.5652908520395848,0.003942813302779499,0.726661553402404,0.00773680159339292,0.06568021870815595,0.001912838087540582,0.05694737852788963,0.0017311188362286293,0.9809920347574221,0.002104249815002359,0.417632150615496,0.011793491458934706,0.39916727009413466,0.011312704401808064,0.02510258266956312,0.0014088223676494835,0.010741008930726525,0.0010011378572523718,0.024981897175959444,0.0013577205483387327,0.02715423606082549,0.0014148607701408627,0.8094505808417741,0.006111805212021241,0.2736032981362639,0.005990550540837368,0.23218997232290353,0.006005752223696438,0.3169804489500362,0.011423085909869013,0.11363569667244504,0.0033512591464886607,0.10514907674361544,0.002582423470271895,0.711217551827808,0.009213105956854477,0.24394591687738099,0.0061694779412645815,0.3343953501062548,0.0041474617176226036,0.5903098736579679,0.007919744443475553,typical
costly,all,2000,2.828,0.03361953504390392,0.23339999999999997,0.001586752799833498,0.3326666666666666,0.003094189591288103,0.3346666666666666,0.0030602131746921652,0.5537916666666667,0.0033330361663018704,0.8708884813202323,0.005078183334849886,0.23623318967749818,0.004915433508020293,0.21679149467514205,0.004883009403732479,0.992625,0.0009624930565681868,0.58925,0.01022286516765814,0.581875,0.010120960137484598,0.123625,0.0032340601990836168,0.006541666666666666,0.0005412817220944735,0.109875,0.0029552891659746705,0.10720833333333332,0.0029336748608822455,0.8554884268512324,0.005068163010481331,0.22505721645328583,0.004776404622185692,0.10092145329052446,0.0029517257634012473,0.49275,0.010741282806451197,0.08404798541701933,0.0023101455414456166,0.05402637940571296,0.0018392605899597446,0.6078190480707467,0.007548289792302664,0.2999346083752941,0.004235275464792486,0.590850327543297,0.0064704845116819575,0.2789457061764907,0.0034054712829406373,typical
costly,A_own0,1381,2.728457639391745,0.040130466106520546,0.2227703355056722,0.0017659344069509931,0.3360487569394159,0.003747243806900511,0.33194545015689114,0.0036899600216626295,0.5534636736664253,0.00402843832210068,0.859090535939089,0.006459368816998652,0.2380977594867393,0.006770163751246909,0.22179304192719473,0.006575858804835249,0.99637943519189,0.000803990370777379,0.4333816075307748,0.012099368110440777,0.42976104272266474,0.012002830990246639,0.06957518706251509,0.0030208596780915437,0.002775766352884383,0.0004288342449413339,0.05750663770214819,0.002628013246702455,0.0611875452570601,0.002786903804952565,0.8288910994520527,0.006276123159019118,0.2572796743755953,0.005990385600242309,0.12762101981055024,0.0038759676086773396,0.35246198406951484,0.012290422764600283,0.09582037724715291,0.0030507871313897395,0.05426198209675204,0.0021570541473844274,0.6962597605418739,0.009224285528074378,0.29082748667965475,0.005604097324732693,0.4497678823110436,0.005502872820148935,0.2479093560230117,0.004131202814217042,typical
access,all,2000,1.9815,0.02866164021492672,0.1616770833333333,0.0009693238177665309,0.5584583333333334,0.0035060304367365057,0.3415416666666667,0.0030602436830858095,0.7089166666666666,0.002847463880904252,0.8345846913343721,0.005297842187157601,0.20384397617101976,0.004347977482717027,0.07035466369850138,0.0027155089602958838,0.609,0.010077091539077307,0.5955,0.01014076143695633,0.20575,0.006949468778845911,0.021625,0.0010313032923152964,0.3552916666666666,0.009118822446762216,0.026791666666666665,0.0012518922229578248,0.025291666666666664,0.0011495440506449927,0.8415331189913161,0.0051709682122969116,0.20959528308937017,0.004503067578934949,0.13474672057357412,0.0032193448417266314,0.11725,0.006241650250448552,0.07893129445753286,0.0024009406012572305,0.0813159790070078,0.00240224567264471,0.5952218215514363,0.007543223176792322,0.29510767652130643,0.003964905974591849,0.6087752418093612,0.007399563258235276,0.2951391920157464,0.00399762911462605,typical
access,A_own0,1381,2.0854453294713977,0.034693851095019185,0.16965664977069755,0.00117518068290415,0.5257663528843833,0.004065982253572387,0.3366521844074342,0.003694989266804802,0.6853125754284336,0.0034697106027252998,0.8284179877827511,0.006821975409716458,0.20790053415373932,0.005846795850264005,0.08221219995631114,0.002756393190934362,0.8144460535843592,0.00934736899419396,0.44116582186821146,0.012045823348564367,0.25633598841419264,0.009205754171408218,0.021783731595462222,0.0012671289677026914,0.1433743664011586,0.007096400574466456,0.026309437605599804,0.0015107429401947225,0.02624909485879797,0.001461247113262382,0.8107723013385683,0.006354899785339214,0.24547586098800464,0.005716060495321615,0.15767277286838863,0.0041967908166986485,0.15803765387400434,0.00859219562557962,0.09755579429191441,0.0030939994490518704,0.07219161509608993,0.0028124772090266114,0.6878199998391161,0.009346109793205758,0.28305008048944774,0.005406624660991607,0.477263687680916,0.007556687287617446,0.25747551424030285,0.00464138200496689,typical
honest,all,2000,2.6005,0.031391760006379846,0.2126583333333333,0.0012487019968549684,0.33295833333333336,0.0031523308755809945,0.33675,0.0030803393925287453,0.5550416666666668,0.0033659194641084142,0.8571613253745363,0.005068230380454884,0.22345030984874575,0.004687201281513623,0.07260808803420217,0.0028420800513630344,0.59725,0.010192431583326443,0.592125,0.010203206353761972,0.1905,0.0067362870917064485,0.03145833333333333,0.0012641200578242676,0.3647083333333333,0.009093200790457976,0.024375,0.0011653851885568749,0.022333333333333334,0.00104969351898421,0.8572984582164127,0.005064861512678972,0.22337172193103658,0.004789091797137371,0.12176359829117166,0.0032116895688567926,0.104625,0.005884066689620704,0.07167691967764457,0.002360489152308029,0.07531663239752842,0.002490318107928719,0.6050757260123164,0.0075177167145334765,0.3038962588167956,0.0040218862769702155,0.6031950405182092,0.007503081138030423,0.3063767963830269,0.004091784340271932,calibrated
honest,A_own0,1381,2.6364952932657495,0.03734237538523765,0.21501025826695633,0.0015190149290217473,0.33508327299058654,0.0037670566308290344,0.33194545015689114,0.0037037594090881185,0.5523775042239922,0.004087194682037636,0.850356571907655,0.006486620426591759,0.22710389582650886,0.006372240999565402,0.08280473734462825,0.0028519075672069163,0.7939898624185373,0.009929230316416486,0.4346488052136133,0.012100310163175424,0.22936278059377263,0.008835799989923548,0.030231716147719044,0.0015475569930875266,0.15936519430364468,0.00749406546988676,0.02371469949312093,0.0013990550427589378,0.022085445329471397,0.0012988924923858151,0.8275152900687242,0.006332198643268149,0.25760355427067066,0.0060364332149466255,0.14288889630179455,0.004145663965085368,0.13740043446777697,0.008053794656569616,0.08892749384859412,0.0030626641013825604,0.07007167009540603,0.002917017794979802,0.6986493859830295,0.009232580132496877,0.2948650519633139,0.005428447260634245,0.47793338105310196,0.007708566567393457,0.269771552735599,0.004765738322535222,calibrated
attenuated,all,2000,2.555,0.030967192050487008,0.20932708333333333,0.0012179968053095576,0.3506666666666666,0.0031524720698503745,0.33479166666666665,0.0030965788342341947,0.5667916666666666,0.0032439115280528613,0.7394738777612161,0.0056352505296670165,0.06858939577386058,0.0014628051588694124,0.040171919001604765,0.0013560924328433978,0.723125,0.009095444229963162,0.58875,0.010114364484952438,0.316,0.00858502191614269,0.030291666666666665,0.001229816978777547,0.2647083333333333,0.008684318532947237,0.029749999999999995,0.0012015020683614343,0.03025,0.0012267953451839625,0.8437311184063153,0.005019194496143891,0.2345753887197396,0.004819864212729385,0.21271839124144923,0.004258454480839775,0.230625,0.00862714573362793,0.08919726335440982,0.0026201663163801046,0.1275455282948374,0.002043257775245577,0.6105236284506571,0.007563747226924278,0.27483822094740573,0.004618728099869215,0.4838205980075186,0.006945794734984667,0.5222570582512397,0.006630043218633201,calibrated
attenuated,A_own0,1381,2.5756698044895003,0.03712974473464765,0.21024016413227123,0.0014857260438834693,0.3537895244991552,0.003811958785107054,0.32941105479121413,0.0037523003464280088,0.5652908520395848,0.003942813302779499,0.726661553402404,0.00773680159339292,0.06568021870815595,0.001912838087540582,0.05694737852788963,0.0017311188362286293,0.9809920347574221,0.002104249815002359,0.417632150615496,0.011793491458934706,0.39916727009413466,0.011312704401808064,0.02510258266956312,0.0014088223676494835,0.010741008930726525,0.0010011378572523718,0.024981897175959444,0.0013577205483387327,0.02715423606082549,0.0014148607701408627,0.8094505808417741,0.006111805212021241,0.2736032981362639,0.005990550540837368,0.23218997232290353,0.006005752223696438,0.3169804489500362,0.011423085909869013,0.11363569667244504,0.0033512591464886607,0.10514907674361544,0.002582423470271895,0.711217551827808,0.009213105956854477,0.24394591687738099,0.0061694779412645815,0.3343953501062548,0.0041474617176226036,0.5903098736579679,0.007919744443475553,calibrated
costly,all,2000,2.825,0.03341774787349483,0.23280416666666662,0.001583611054757532,0.3330416666666667,0.003108500436524149,0.3340833333333334,0.0030574732740304873,0.5523333333333333,0.0033318822921425705,0.8698684075171058,0.005134360804408997,0.23609443745454103,0.004919048677417619,0.16867260531873587,0.00465917848236975,0.966,0.0021764347989813772,0.59,0.010222634255687854,0.556,0.009761769617904148,0.11775,0.0031017560036637705,0.02558333333333333,0.0012275313754645891,0.10458333333333335,0.002816196372553265,0.10291666666666666,0.002887939473527264,0.8552592959749162,0.0051104372622959,0.2252313939446462,0.004781793669858596,0.10084348859905251,0.002949161123162559,0.367875,0.010119328910372375,0.08188630672508851,0.0023231660089598335,0.05344146104062894,0.0017825445713495528,0.6079245347812857,0.00754143246927253,0.30055515135071253,0.004218384095822645,0.3139420017082762,0.004642994407109999,0.2738106379660084,0.0034642518834720657,calibrated
costly,A_own0,1381,2.7306299782766112,0.0397931609240723,0.22255913589186577,0.0017482435199607114,0.3355056722181994,0.0037606042852144114,0.3317040791696838,0.003692849923643975,0.5526188752111997,0.0040138587271415565,0.8593854700003959,0.006469411968837816,0.23833761018592167,0.00678976825626301,0.18590849738190685,0.005969240333550376,0.9856987690079653,0.0016446749868194877,0.4332005792903693,0.012094578207832805,0.41889934829833453,0.011714779298351045,0.06830798937967655,0.002961008087414007,0.008508327299058652,0.0008067293413346507,0.055334298817282156,0.0025209732290504307,0.05937726285300507,0.0027483291751371508,0.8290872076263521,0.006278218191365555,0.2576338034693528,0.005996721239118212,0.12727224816167806,0.003879864020589371,0.3144460535843592,0.011719762926427296,0.09523571315973944,0.0030607786178426127,0.0540556818639175,0.002149320603226547,0.6971486261866293,0.009221828085081957,0.29131162814830663,0.005611282280803051,0.34289861034619384,0.0034867401818691707,0.24592574787703278,0.004170805328504396,calibrated
access,all,2000,1.4655,0.02451949179201864,0.11993333333333334,0.0006714238514734912,0.7705833333333333,0.0026562341525682496,0.34675,0.0030140799185729033,0.8508333333333332,0.001911611279627151,0.81428613077099,0.0055187281372166734,0.19081335163692967,0.003995757399537597,0.07043996051115173,0.0026416050595214403,0.624875,0.009901970344120806,0.608625,0.010048826754754681,0.234625,0.007345451484848167,0.02675,0.0011473831553424918,0.3452916666666666,0.009000303339075604,0.02783333333333333,0.0012453626949201293,0.028374999999999997,0.0012497008563179459,0.8231572114216147,0.005325746473548366,0.1973345025912923,0.004261845603898194,0.15030132180713368,0.00325147887605946,0.13175,0.006635547000210004,0.08846584647245806,0.002451606376024073,0.08825674072502672,0.00242941960721505,0.5816878566343187,0.007633781823591701,0.29255052907192214,0.0041159791136817685,0.5855464990496035,0.007456117436953236,0.29103369414638497,0.004002412880982525,calibrated
access,A_own0,1381,1.5039826212889211,0.02914859545966318,0.12216690803765386,0.0008306800101771859,0.7645426019792422,0.00324003490500002,0.3434709147960415,0.0036447240596578527,0.8455829109341058,0.0023356968949076466,0.8090115029547038,0.007019461382988318,0.19405824670059682,0.005378968226089434,0.08363388672348651,0.0028217628910450184,0.8329109341057205,0.008771574360817888,0.4560101375814627,0.012031830034050629,0.28928312816799423,0.009577281882267768,0.02661115133960898,0.001395158848153976,0.13003861935795316,0.006561219315648703,0.027757663528843828,0.001506429796197962,0.030171373400917207,0.001593639046857558,0.7902783899705925,0.006431940543003988,0.22866031589392505,0.005418677465413965,0.17621937724463108,0.004156100114297011,0.17559739319333817,0.009023274802567536,0.10934800392533658,0.0030757076169786596,0.07779330420464188,0.002817408732461009,0.6683185906986417,0.009614538220808915,0.2827370281644273,0.005613524678768551,0.4521700226223858,0.007264545538937644,0.25286760532488006,0.004700802716133494,calibrated
