run,split,round,n,A_p_truth,A_p_truth_se,B_p_truth,gap,cum_signals,cum_signals_se,rate,restrict_A,A_conceded_by,A_ASK,A_CONCEDE
honest,all,0,2000,0.6804642857142855,0.006203261962829694,0.6796785714285714,0.35321428571428565,,,,,,,
honest,all,1,2000,0.7527484873181315,0.005981073663451599,0.7539563023670678,0.2501351636665188,0.3685,0.010789443036622432,0.3499999999999999,0.3165,0.2355,0.0495,0.2355
honest,all,2,2000,0.7785048261408402,0.005650987207268758,0.7779986887489242,0.21387027213665397,0.593,0.014292572855137376,0.22014999999999998,0.3215,0.346,0.034,0.295
honest,all,3,2000,0.7947818368990534,0.005448475480881809,0.791918779434867,0.19178525145482966,0.8,0.01712152368472629,0.20264999999999997,0.3345,0.409,0.032,0.339
honest,all,4,2000,0.8059924836899062,0.005291575217653913,0.8037591783091167,0.17593522969519296,0.992,0.019523283004905828,0.20202499999999998,0.3365,0.4465,0.033,0.359
honest,all,5,2000,0.8141494695033258,0.005244624159449407,0.8139469993735581,0.16238724818505765,1.1885,0.02107619458035521,0.19935,0.334,0.467,0.037,0.372
honest,all,6,2000,0.8225182914017377,0.005154679957688678,0.8220012874005558,0.15339925691823494,1.382,0.022788103230071872,0.19739999999999996,0.3385,0.48,0.031,0.378
honest,all,7,2000,0.8279802058448547,0.005190039675049479,0.8283472572923029,0.14452110156283846,1.5745,0.024403332483867016,0.19415,0.3415,0.491,0.0265,0.391
honest,all,8,2000,0.8348981426281878,0.005157922039676804,0.8343831707629183,0.1394604075645628,1.789,0.025827757094224406,0.201625,0.325,0.502,0.0245,0.396
honest,all,9,2000,0.8422248645525828,0.005064377000347259,0.8397550485115628,0.13464277755742,2.0035,0.027002007873760187,0.20089999999999997,0.352,0.5105,0.032,0.392
honest,all,10,2000,0.8469766514135914,0.0050853469634474565,0.8448178834338756,0.1305457141936897,2.199,0.028321379738196685,0.19352499999999997,0.3385,0.517,0.029,0.399
honest,all,11,2000,0.8528991531696601,0.005053260731708944,0.8530923490113326,0.1254115672542465,2.4015,0.029959934476512434,0.1959,0.329,0.522,0.0285,0.4015
honest,all,12,2000,0.8571613253745363,0.005068230380454884,0.8572984582164127,0.12176359829117166,2.6005,0.031391760006379846,0.19422499999999995,0.328,0.528,0.0205,0.4185
honest,A_own0,0,1381,0.6699337953863659,0.008583534362181278,0.6219871728561085,0.43565739112444396,,,,,,,
honest,A_own0,1,1381,0.7399531549520482,0.007788144354375382,0.6953259615298021,0.2872076975686155,0.3721940622737147,0.013012414425839123,0.3500000000000001,0.33091962346125997,0.007965242577842143,0.042722664735698766,0.007965242577842143
honest,A_own0,2,1381,0.7656928574638964,0.007415637117131906,0.7267977186211444,0.2537208227464192,0.5937726285300506,0.017158773675573485,0.21748732802317164,0.3236784938450398,0.09341057204923968,0.03258508327299059,0.08761766835626358
honest,A_own0,3,1381,0.7830697838913011,0.007168956657963059,0.7443561117315428,0.22726452294414087,0.8059377262853005,0.02064140753195074,0.2051049963794352,0.3461259956553222,0.16292541636495295,0.036205648081100654,0.1216509775524982
honest,A_own0,4,1381,0.7951104959808679,0.006927346656411015,0.7580488341884968,0.2080384500688156,1.005792903692976,0.023650088999370947,0.20423606082548879,0.32150615496017376,0.21361332367849384,0.027516292541636494,0.15351194786386677
honest,A_own0,5,1381,0.8023469737396149,0.006864304190864938,0.7716216163507869,0.1922314265928386,1.2070963070238958,0.025556904702073124,0.206480811006517,0.3425054308472122,0.23823316437364228,0.03475742215785663,0.165821868211441
honest,A_own0,6,1381,0.8111650190608612,0.006737917893944818,0.7803599898467419,0.18216821615815726,1.4069514844315714,0.027366561021592514,0.20217233888486602,0.33454018826937004,0.25706010137581464,0.03186097031136857,0.17378711078928313
honest,A_own0,7,1381,0.816211699481382,0.006801765718067277,0.7876590620166988,0.17155458512493163,1.606082548877625,0.02918889834080152,0.19659666908037654,0.3396089790007241,0.27299058653149894,0.025343953656770456,0.1889934829833454
honest,A_own0,8,1381,0.8236420163747766,0.0067341736569528155,0.7961650917326707,0.16550391180644142,1.8204199855177408,0.030864372864681203,0.206480811006517,0.32078204199855176,0.28819695872556117,0.026792179580014484,0.1889934829833454
honest,A_own0,9,1381,0.834178034854401,0.006534479942104294,0.8055663742824524,0.15864174900586356,2.0376538740043446,0.03236297628657694,0.2045619116582187,0.3569876900796524,0.2997827661115134,0.03403330919623461,0.1947863866763215
honest,A_own0,10,1381,0.8386749160586058,0.006563907748568174,0.8117799670435495,0.15409704335466654,2.231716147719044,0.03395961236881523,0.1949312092686459,0.3439536567704562,0.30919623461259954,0.024619840695148443,0.1998551774076756
honest,A_own0,11,1381,0.8448559281356001,0.006512904409615757,0.8213414748050909,0.14777053359159237,2.438088341781318,0.03572247356498919,0.19518464880521363,0.3222302679217958,0.3157132512671977,0.02896451846488052,0.2049239681390297
honest,A_own0,12,1381,0.850356571907655,0.006486620426591759,0.8275152900687242,0.14288889630179455,2.6364952932657495,0.03734237538523765,0.19688631426502531,0.3381607530774801,0.32440260680666183,0.017378711078928313,0.22447501810282405
attenuated,all,0,2000,0.6804642857142855,0.006203261962829694,0.6796785714285714,0.35321428571428565,,,,,,,
attenuated,all,1,2000,0.6998823103828851,0.006060875572173926,0.7546201278309322,0.29175791807676216,0.3685,0.010789443036622432,0.3499999999999999,0.351,0.233,0.035,0.233
attenuated,all,2,2000,0.7060121183840409,0.006016009329121083,0.7732494631915783,0.2662992347853501,0.5815,0.014134311599161493,0.20664999999999997,0.3265,0.2955,0.0345,0.2515
attenuated,all,3,2000,0.7107411622834988,0.005940925873441312,0.7842750992324312,0.25154413055794395,0.787,0.016836188066611375,0.20424999999999996,0.3665,0.3125,0.02,0.262
attenuated,all,4,2000,0.714043541443194,0.005888428376222234,0.7911356989091285,0.24281444331451663,0.9685,0.01915560867401075,0.18989999999999999,0.3515,0.3145,0.029,0.25
attenuated,all,5,2000,0.7174061664192168,0.0058497953256769165,0.8015406015643798,0.23553442918215098,1.163,0.02073476465341761,0.19825,0.3585,0.3185,0.0305,0.2645
attenuated,all,6,2000,0.7207142298290128,0.0058087230993168325,0.808567043125629,0.2292436517204886,1.349,0.022323724472792808,0.18877499999999997,0.3545,0.324,0.0235,0.2705
attenuated,all,7,2000,0.7242490137597555,0.005775342944934639,0.8141700065985894,0.225568214008168,1.5355,0.024055336301999627,0.19142499999999998,0.336,0.3315,0.0345,0.2645
attenuated,all,8,2000,0.7274510139360564,0.005748738690586744,0.8216964447456019,0.22443598138740653,1.7555,0.02564544246761362,0.20632499999999998,0.3455,0.3415,0.0255,0.273
attenuated,all,9,2000,0.7305443198100318,0.005725353358240401,0.8268080692742081,0.2205460084172367,1.97,0.02688701277062708,0.19982499999999997,0.368,0.347,0.03,0.274
attenuated,all,10,2000,0.7331506143926448,0.005706042838052239,0.8317515734473897,0.21783433114125375,2.1655,0.028159391873322434,0.18764999999999998,0.355,0.355,0.032,0.272
attenuated,all,11,2000,0.7364153772660909,0.005667641727772024,0.8376234391072551,0.21389073582345192,2.361,0.029534312888890937,0.197425,0.3495,0.3655,0.035,0.283
attenuated,all,12,2000,0.7394738777612161,0.0056352505296670165,0.8437311184063153,0.21271839124144923,2.555,0.030967192050487008,0.19144999999999998,0.3455,0.374,0.034,0.2785
attenuated,A_own0,0,1381,0.6699337953863659,0.008583534362181278,0.6219871728561085,0.43565739112444396,,,,,,,
attenuated,A_own0,1,1381,0.6885049229247785,0.008393876849951016,0.6951366324697338,0.33861911854841525,0.3721940622737147,0.013012414425839123,0.3500000000000001,0.36278059377262856,0.001448225923244026,0.023171614771904415,0.001448225923244026
attenuated,A_own0,2,1381,0.694305891746634,0.008301593846781613,0.7193819444147421,0.3030343506152678,0.5814627081824765,0.016865432817111056,0.20358435916002895,0.32078204199855176,0.002896451846488052,0.022447501810282405,0.001448225923244026
attenuated,A_own0,3,1381,0.6990836091538372,0.008193687687316995,0.7335355924902054,0.28242124328593476,0.7885590152063722,0.0202081128369024,0.20217233888486608,0.38305575669804487,0.0065170166545981175,0.017378711078928313,0.003620564808110065
attenuated,A_own0,4,1381,0.70227824287776,0.008111321267361932,0.7421539472855971,0.27070963206482807,0.9746560463432296,0.023181287269586164,0.1896813902968863,0.333091962346126,0.007965242577842143,0.01955104996379435,0.001448225923244026
attenuated,A_own0,5,1381,0.7053487660280885,0.00805243076426748,0.7557290742427003,0.26049686233842745,1.1766835626357712,0.025123285418104376,0.20745836350470673,0.3729181752353367,0.013034033309196235,0.022447501810282405,0.005792903692976104
attenuated,A_own0,6,1381,0.7084716787542333,0.008000702667783868,0.7635472411744874,0.2516614887485032,1.3692976104272268,0.0268865055969009,0.19091238233164373,0.3497465604634323,0.020999275887038378,0.0166545981173063,0.007965242577842143
attenuated,A_own0,7,1381,0.7119419508911088,0.007948510265999794,0.7703833506515683,0.24709211734094838,1.562635771180304,0.028991594455700247,0.19301230992034757,0.3454018826937002,0.03186097031136857,0.025343953656770456,0.013034033309196235
attenuated,A_own0,8,1381,0.714888948528754,0.007911892184667889,0.7797373426639718,0.24602456333845638,1.7798696596669081,0.030827086423870265,0.20691527878349023,0.3432295438088342,0.04634322954380883,0.025343953656770456,0.018102824040550327
attenuated,A_own0,9,1381,0.717966488202303,0.00787073736141749,0.7875354414808153,0.24176474347967913,1.995655322230268,0.03250802162412158,0.20409123823316438,0.3779869659666908,0.05430847212165098,0.02896451846488052,0.013758146270818247
attenuated,A_own0,10,1381,0.7205965555884472,0.007837819668788973,0.7945907284972047,0.23779429821368497,2.1853729181752355,0.03404212780763487,0.18559015206372195,0.3569876900796524,0.06589427950760318,0.02896451846488052,0.015206372194062274
attenuated,A_own0,11,1381,0.7235982192593818,0.007783745455610435,0.8016589145287828,0.23310811012461674,2.384503982621289,0.0356406502527555,0.1981535119478639,0.3432295438088342,0.08110065170166546,0.03475742215785663,0.023171614771904415
attenuated,A_own0,12,1381,0.726661553402404,0.00773680159339292,0.8094505808417741,0.23218997232290353,2.5756698044895003,0.03712974473464765,0.19131064446053583,0.3562635771180304,0.09341057204923968,0.036205648081100654,0.02389572773352643
costly,all,0,2000,0.6804642857142855,0.006203261962829694,0.6796785714285714,0.35321428571428565,,,,,,,
costly,all,1,2000,0.7563552528060677,0.005978407328539315,0.7466870955616506,0.23546649474868872,0.3685,0.010789443036622432,0.3499999999999999,0.314,0.0,0.1245,0.0
costly,all,2,2000,0.783342538683622,0.005719339876161446,0.7739551949176625,0.2014302101106369,0.6155,0.014419911300731376,0.24284999999999995,0.3245,0.0045,0.116,0.0045
costly,all,3,2000,0.7997831816876199,0.005565736952396621,0.7871445607108369,0.177677106587696,0.837,0.017359901586459118,0.22344999999999998,0.3265,0.011,0.1245,0.0065
costly,all,4,2000,0.8125553292837303,0.005435636841895431,0.7980268124539771,0.16044137770459843,1.0535,0.019900172950045453,0.22502499999999998,0.3195,0.0175,0.125,0.0065
costly,all,5,2000,0.8231658278988789,0.005381846213517974,0.8096892727215671,0.14591341006165953,1.2825,0.021750480838555138,0.23395,0.333,0.026,0.1265,0.0085
costly,all,6,2000,0.8343692596542601,0.005237803746589711,0.8180857924530539,0.1359385700499337,1.4965,0.02365953849678688,0.2175,0.343,0.0325,0.118,0.0065
costly,all,7,2000,0.8421245553660502,0.005227012257167968,0.8258454941407883,0.12652226965734406,1.7085,0.025575201278977847,0.215975,0.3375,0.0385,0.121,0.007
costly,all,8,2000,0.8465221029403911,0.005256190448097071,0.8311187381475105,0.12101811884923609,1.935,0.027216867544584734,0.221575,0.3345,0.047,0.118,0.0095
costly,all,9,2000,0.8544724291311769,0.005152815069076068,0.838318032178468,0.11495147612815317,2.177,0.028805387954124028,0.2224,0.3565,0.0515,0.129,0.0055
costly,all,10,2000,0.8594168799043344,0.005169969115864849,0.843267135605601,0.11097368565673257,2.393,0.0305490117853349,0.21555,0.346,0.0585,0.1175,0.008
costly,all,11,2000,0.864616656397054,0.005186101217592891,0.8502253394984426,0.10516457354153255,2.603,0.03208130460334376,0.206625,0.3245,0.066,0.128,0.009
costly,all,12,2000,0.8708884813202323,0.005078183334849886,0.8554884268512324,0.10092145329052446,2.828,0.03361953504390392,0.2259,0.3325,0.073,0.1355,0.007
costly,A_own0,0,1381,0.6699337953863659,0.008583534362181278,0.6219871728561085,0.43565739112444396,,,,,,,
costly,A_own0,1,1381,0.7401661934273931,0.007786555581411426,0.6951052431281681,0.28525292717714673,0.3721940622737147,0.013012414425839123,0.3500000000000001,0.332367849384504,0.0,0.04489500362056481,0.0
costly,A_own0,2,1381,0.7663998289114619,0.007424952071197725,0.7266944503872019,0.24964853511368063,0.5944967414916728,0.01718645293560083,0.21828385228095581,0.3229543808834178,0.002172338884866039,0.0499637943519189,0.002172338884866039
costly,A_own0,3,1381,0.7844375763727561,0.007176637290564519,0.7431875150418294,0.219885716906006,0.8117306299782766,0.0207056050150868,0.2114409847936278,0.3410572049239681,0.004344677769732078,0.06372194062273714,0.002172338884866039
costly,A_own0,4,1381,0.7965233521096845,0.006986425381441157,0.756501716054893,0.20050144936435832,1.0246198406951486,0.023862233513147493,0.2114409847936278,0.3149891383055757,0.0065170166545981175,0.07168718320057929,0.002172338884866039
costly,A_own0,5,1381,0.8051865322911171,0.006932013839142743,0.7707714370256513,0.18303395383697313,1.2389572773352644,0.0259478472667954,0.22165097755249816,0.331643736422882,0.008689355539464157,0.07241129616220131,0.002172338884866039
costly,A_own0,6,1381,0.8164830642429243,0.006742385837033054,0.7803889171036157,0.1718744147160741,1.448225923244026,0.028031995547157882,0.21169442433019553,0.33743664011585806,0.012309920347574221,0.07023895727733527,0.003620564808110065
costly,A_own0,7,1381,0.8234603681433922,0.006757464062008483,0.7891615005993139,0.1602696959186255,1.6625633598841418,0.030257342705823885,0.2131788559015206,0.34757422157856627,0.015206372194062274,0.07313540912382331,0.003620564808110065
costly,A_own0,8,1381,0.8291674824670758,0.006776568771657121,0.7967352062289189,0.15343704659117774,1.88124547429399,0.0320901047161746,0.21285300506879076,0.331643736422882,0.017378711078928313,0.07241129616220131,0.002896451846488052
costly,A_own0,9,1381,0.8401026481634724,0.006585319584755782,0.8067510070835674,0.14558535982213827,2.109341057204924,0.03404170367356428,0.21147719044170887,0.3606082548877625,0.01882693700217234,0.08544532947139753,0.001448225923244026
costly,A_own0,10,1381,0.8454333069496777,0.006587093627041033,0.8132004857485627,0.14080254975288495,2.3106444605358436,0.03614431939123698,0.20369297610427223,0.35336712527154235,0.02172338884866039,0.06444605358435916,0.002896451846488052
costly,A_own0,11,1381,0.8507301139129595,0.00663475242449676,0.8219133925708189,0.13367685008593935,2.5141202027516294,0.03819989182002928,0.19576393917451124,0.32512671976828383,0.027516292541636494,0.08689355539464157,0.005792903692976104
costly,A_own0,12,1381,0.859090535939089,0.006459368816998652,0.8288910994520527,0.12762101981055024,2.728457639391745,0.040130466106520546,0.2117668356263577,0.333816075307748,0.03186097031136857,0.07965242577842144,0.004344677769732078
access,all,0,2000,0.6804642857142855,0.006203261962829694,0.6796785714285714,0.35321428571428565,,,,,,,
access,all,1,2000,0.7528487034978011,0.005975428232705194,0.7550120015412486,0.24700848668540856,0.3685,0.010789443036622432,0.3499999999999999,0.6365,0.24,0.029,0.24
access,all,2,2000,0.7740705337332703,0.005650585366179208,0.7739860700763133,0.21433006055241163,0.5075,0.013306404668527156,0.13210000000000002,0.5435,0.344,0.022,0.291
access,all,3,2000,0.7874623878271314,0.005488158744186337,0.7861834937621349,0.1940800266424941,0.6585,0.015638451188586065,0.14875,0.563,0.4,0.0235,0.329
access,all,4,2000,0.7963879961527232,0.005348294080446564,0.7961807387061096,0.17957693530845623,0.796,0.01753127698818367,0.146425,0.54,0.4385,0.021,0.3535
access,all,5,2000,0.8017511877021868,0.005331742657924338,0.8047674740526202,0.16763334371232144,0.9395,0.018936714989334705,0.1472,0.5595,0.462,0.0295,0.3705
access,all,6,2000,0.8070799452846426,0.005296697311787528,0.8103046714917992,0.15996903958058942,1.079,0.020410482451352012,0.14364999999999997,0.542,0.471,0.0205,0.3665
access,all,7,2000,0.8121061203718757,0.005327383162489237,0.8162571173205875,0.15316493177219068,1.231,0.021853106853250173,0.14845,0.542,0.48,0.019,0.3755
access,all,8,2000,0.8172234960301189,0.0053189959316667,0.8209159464013176,0.14950455484267552,1.392,0.023343960037558266,0.15202499999999997,0.5615,0.4855,0.019,0.3735
access,all,9,2000,0.8222741206431443,0.0052971303256718364,0.8257926986000592,0.14531916372834908,1.549,0.024537737268850553,0.14542499999999997,0.5765,0.496,0.0225,0.384
access,all,10,2000,0.8250343187809127,0.0053172404217652685,0.8299816593132284,0.1426541146997767,1.688,0.026022424623613493,0.135825,0.547,0.5025,0.0185,0.386
access,all,11,2000,0.8302848079204884,0.005312225474649904,0.8367466919921743,0.13865835710752725,1.8375,0.027274875516071724,0.14725,0.544,0.5095,0.0215,0.387
access,all,12,2000,0.8345846913343721,0.005297842187157601,0.8415331189913161,0.13474672057357412,1.9815,0.02866164021492672,0.143025,0.546,0.5165,0.0135,0.407
access,A_own0,0,1381,0.6699337953863659,0.008583534362181278,0.6219871728561085,0.43565739112444396,,,,,,,
access,A_own0,1,1381,0.7401680195207133,0.007781587578143642,0.6965572471410946,0.2825648764778605,0.3721940622737147,0.013012414425839123,0.3500000000000001,0.5981173062997828,0.00724112961622013,0.024619840695148443,0.00724112961622013
access,A_own0,2,1381,0.7611859961407124,0.007446741083529775,0.721464218699456,0.25383818871715025,0.5264301230992035,0.016104693546577536,0.14091238233164374,0.502534395365677,0.08761766835626358,0.023171614771904415,0.08110065170166546
access,A_own0,3,1381,0.7766269924895847,0.007233887307297571,0.7377164045091547,0.22883147243105953,0.6886314265025344,0.01916669479703504,0.15887038377986967,0.5322230267921796,0.15061549601737872,0.027516292541636494,0.10934105720492397
access,A_own0,4,1381,0.7855094926995776,0.007021449748322207,0.7501194332954338,0.21287479214094276,0.833454018826937,0.021582182644337446,0.15391020999275887,0.4952932657494569,0.20275162925416365,0.01955104996379435,0.14554670528602462
access,A_own0,5,1381,0.7905168537909244,0.007001022723241576,0.7608402957184933,0.19809791264405363,0.9840695148443157,0.0233114894836062,0.15944967414916728,0.5307748008689356,0.23171614771904417,0.028240405503258507,0.1564083997103548
access,A_own0,6,1381,0.7968999185454471,0.006927669708527767,0.7675535185711746,0.18868228763812772,1.1419261404779146,0.025053149816062607,0.1551774076755974,0.5162925416364953,0.2447501810282404,0.02172338884866039,0.15423606082548877
access,A_own0,7,1381,0.8016383486846936,0.00699565099687079,0.7756070759019793,0.18038595581579078,1.3062997827661116,0.026727731742488835,0.15492396813902967,0.5162925416364953,0.25778421433743665,0.018102824040550327,0.16727009413468502
access,A_own0,8,1381,0.8073525771174646,0.00695569478396655,0.7826504428895775,0.17541285202862247,1.4699493120926865,0.028315595931979954,0.16031860970311368,0.5307748008689356,0.2657494569152788,0.020275162925416364,0.15713251267197684
access,A_own0,9,1381,0.8137732232530294,0.006855401146124815,0.7901884021429982,0.1705384630284691,1.6314265025343955,0.02970288501868096,0.15170166545981173,0.5467052860246199,0.280231716147719,0.02606806661839247,0.1774076755973932
access,A_own0,10,1381,0.8174786569258022,0.006857824550545762,0.7963921727171916,0.16782946792723533,1.776249094858798,0.03160685127673288,0.1444243301955105,0.5177407675597393,0.28964518464880523,0.018102824040550327,0.17958001448225924
access,A_own0,11,1381,0.8235909861428938,0.006839291218669479,0.8048020194342759,0.16272342500108097,1.9319333816075308,0.033065186224134326,0.15416364952932657,0.502534395365677,0.2983345401882694,0.02172338884866039,0.18392469225199132
access,A_own0,12,1381,0.8284179877827511,0.006821975409716458,0.8107723013385683,0.15767277286838863,2.0854453294713977,0.034693851095019185,0.15202751629254163,0.5199131064446053,0.30847212165097754,0.012309920347574221,0.20130340333091962
