contrast,metric,delta,mc_lo,mc_hi,generator,split,n
reassure-base,P_concede_A_late,-0.022,-0.029402765244598353,-0.014597234755401645,honest,all,2000
reassure-base,nonc_A,0.028625,0.023262806787747874,0.033987193212252124,honest,all,2000
reassure-base,evidence_count_late,0.005,-0.007003500406589967,0.017003500406589968,honest,all,2000
reassure-base,evidence_count,0.005,-0.007003500406589967,0.017003500406589968,honest,all,2000
reassure-base,A_p_truth,-0.006796625412062285,-0.010259379640604714,-0.003333871183519855,honest,all,2000
reassure-base,A_dbelief,-0.009810352716107069,-0.012807285788789098,-0.00681341964342504,honest,all,2000
reassure-base,restrict_A_late,0.0017,-0.0023976378812802677,0.005797637881280268,honest,all,2000
reassure-base,restrict_A,0.0007083333333333336,-0.0009990157838667786,0.0024156824505334458,honest,all,2000
reassure-base,A_hidden_shift,0.0070407954658628725,0.003764582471120458,0.010317008460605287,honest,all,2000
reassure-base,B_p_truth,-0.00027811937142973686,-0.002807129907365635,0.002250891164506161,honest,all,2000
reassure-base,B_pC_true,0.0004112866236499153,-0.006117810032472787,0.006940383279772617,honest,all,2000
reassure-base,B_pW_true,-0.005265024539826361,-0.008959698088839146,-0.0015703509908135743,honest,all,2000
reassure-base,B_pC_high,0.0033831935866436356,0.0011862780296568731,0.005580109143630398,honest,all,2000
reassure-base,B_pW_low,0.013799257044398931,0.008182120659360529,0.019416393429437333,honest,all,2000
reassure-base,A_ASK_late,0.0008999999999999998,-0.001617986155470194,0.0034179861554701936,honest,all,2000
placebo-base,P_concede_A_late,-0.022,-0.029402765244598353,-0.014597234755401645,honest,all,2000
placebo-base,nonc_A,0.028625,0.023262806787747874,0.033987193212252124,honest,all,2000
placebo-base,evidence_count_late,0.005,-0.007003500406589967,0.017003500406589968,honest,all,2000
placebo-base,evidence_count,0.005,-0.007003500406589967,0.017003500406589968,honest,all,2000
placebo-base,A_p_truth,-0.006796625412062285,-0.010259379640604714,-0.003333871183519855,honest,all,2000
placebo-base,A_dbelief,-0.009810352716107069,-0.012807285788789098,-0.00681341964342504,honest,all,2000
placebo-base,restrict_A_late,0.0017,-0.0023976378812802677,0.005797637881280268,honest,all,2000
placebo-base,restrict_A,0.0007083333333333336,-0.0009990157838667786,0.0024156824505334458,honest,all,2000
placebo-base,A_hidden_shift,0.0070407954658628725,0.003764582471120458,0.010317008460605287,honest,all,2000
placebo-base,B_p_truth,-0.00027811937142973686,-0.002807129907365635,0.002250891164506161,honest,all,2000
placebo-base,B_pC_true,0.0004112866236499153,-0.006117810032472787,0.006940383279772617,honest,all,2000
placebo-base,B_pW_true,-0.005265024539826361,-0.008959698088839146,-0.0015703509908135743,honest,all,2000
placebo-base,B_pC_high,0.0033831935866436356,0.0011862780296568731,0.005580109143630398,honest,all,2000
placebo-base,B_pW_low,0.013799257044398931,0.008182120659360529,0.019416393429437333,honest,all,2000
placebo-base,A_ASK_late,0.0008999999999999998,-0.001617986155470194,0.0034179861554701936,honest,all,2000
remove_c-base,P_concede_A_late,0.0,0.0,0.0,honest,all,2000
remove_c-base,nonc_A,0.0,0.0,0.0,honest,all,2000
remove_c-base,evidence_count_late,0.0,0.0,0.0,honest,all,2000
remove_c-base,evidence_count,0.0,0.0,0.0,honest,all,2000
remove_c-base,A_p_truth,0.0,0.0,0.0,honest,all,2000
remove_c-base,A_dbelief,0.0,0.0,0.0,honest,all,2000
remove_c-base,restrict_A_late,0.0,0.0,0.0,honest,all,2000
remove_c-base,restrict_A,0.0,0.0,0.0,honest,all,2000
remove_c-base,A_hidden_shift,0.0,0.0,0.0,honest,all,2000
remove_c-base,B_p_truth,0.0,0.0,0.0,honest,all,2000
remove_c-base,B_pC_true,0.0,0.0,0.0,honest,all,2000
remove_c-base,B_pW_true,0.0,0.0,0.0,honest,all,2000
remove_c-base,B_pC_high,0.0,0.0,0.0,honest,all,2000
remove_c-base,B_pW_low,0.0,0.0,0.0,honest,all,2000
remove_c-base,A_ASK_late,0.0,0.0,0.0,honest,all,2000
remove_gamma-base,P_concede_A_late,0.0,0.0,0.0,honest,all,2000
remove_gamma-base,nonc_A,0.0,0.0,0.0,honest,all,2000
remove_gamma-base,evidence_count_late,0.0,0.0,0.0,honest,all,2000
remove_gamma-base,evidence_count,0.0,0.0,0.0,honest,all,2000
remove_gamma-base,A_p_truth,0.0,0.0,0.0,honest,all,2000
remove_gamma-base,A_dbelief,0.0,0.0,0.0,honest,all,2000
remove_gamma-base,restrict_A_late,0.0,0.0,0.0,honest,all,2000
remove_gamma-base,restrict_A,0.0,0.0,0.0,honest,all,2000
remove_gamma-base,A_hidden_shift,0.0,0.0,0.0,honest,all,2000
remove_gamma-base,B_p_truth,0.0,0.0,0.0,honest,all,2000
remove_gamma-base,B_pC_true,0.0,0.0,0.0,honest,all,2000
remove_gamma-base,B_pW_true,0.0,0.0,0.0,honest,all,2000
remove_gamma-base,B_pC_high,0.0,0.0,0.0,honest,all,2000
remove_gamma-base,B_pW_low,0.0,0.0,0.0,honest,all,2000
remove_gamma-base,A_ASK_late,0.0,0.0,0.0,honest,all,2000
force_open_B-base,P_concede_A_late,0.0055,4.7554642163747524e-05,0.010952445357836252,honest,all,2000
force_open_B-base,nonc_A,-0.00175,-0.005820540775020015,0.0023205407750200155,honest,all,2000
force_open_B-base,evidence_count_late,0.3215,0.29689066437508016,0.34610933562491986,honest,all,2000
force_open_B-base,evidence_count,0.3215,0.29689066437508016,0.34610933562491986,honest,all,2000
force_open_B-base,A_p_truth,0.008645169646608894,0.005111752886176284,0.012178586407041505,honest,all,2000
force_open_B-base,A_dbelief,0.007505906419492305,0.004286566321493397,0.010725246517491214,honest,all,2000
force_open_B-base,restrict_A_late,-0.0043,-0.007114348359095436,-0.001485651640904564,honest,all,2000
force_open_B-base,restrict_A,-0.0017916666666666669,-0.002964311816289765,-0.000619021517043569,honest,all,2000
force_open_B-base,A_hidden_shift,0.0008455387361762936,-0.0019196457351986199,0.003610723207551207,honest,all,2000
force_open_B-base,B_p_truth,0.0070124257153318425,0.004001449683345447,0.010023401747318238,honest,all,2000
force_open_B-base,B_pC_true,0.0004125667617660377,-0.0036287776428731164,0.004453911166405192,honest,all,2000
force_open_B-base,B_pW_true,-0.00028620524670334535,-0.0024480736343174036,0.001875663140910713,honest,all,2000
force_open_B-base,B_pC_high,-0.0012405455434135106,-0.0028340475973112032,0.00035295651048418224,honest,all,2000
force_open_B-base,B_pW_low,-0.004339150762748331,-0.007813377816911495,-0.0008649237085851659,honest,all,2000
force_open_B-base,A_ASK_late,0.0013,-0.000374073806483686,0.002974073806483686,honest,all,2000
bypass-base,P_concede_A_late,0.02,0.008686765509487635,0.03131323449051236,honest,all,2000
bypass-base,nonc_A,-0.030625,-0.04053404734559022,-0.02071595265440978,honest,all,2000
bypass-base,evidence_count_late,3.5265,3.4813810796152174,3.5716189203847826,honest,all,2000
bypass-base,evidence_count,3.5265,3.4813810796152174,3.5716189203847826,honest,all,2000
bypass-base,A_p_truth,0.06458756186830945,0.05656885281723599,0.07260627091938292,honest,all,2000
bypass-base,A_dbelief,0.04665831452583528,0.03975710988737262,0.053559519164297936,honest,all,2000
bypass-base,restrict_A_late,0.017799999999999996,0.012502474009614541,0.02309752599038545,honest,all,2000
bypass-base,restrict_A,0.007416666666666668,0.005209364170672728,0.009623969162660607,honest,all,2000
bypass-base,A_hidden_shift,0.003673903955404884,-0.0011530431256288266,0.008500851036438595,honest,all,2000
bypass-base,B_p_truth,0.05955830736661908,0.05164178847696927,0.0674748262562689,honest,all,2000
bypass-base,B_pC_true,0.029509616328369993,0.020737169822201734,0.03828206283453825,honest,all,2000
bypass-base,B_pW_true,0.00011928083671755152,-0.005380860571275825,0.0056194222447109275,honest,all,2000
bypass-base,B_pC_high,-0.006986685740071161,-0.010094555003327944,-0.0038788164768143786,honest,all,2000
bypass-base,B_pW_low,-0.005854921750496449,-0.01363466730480135,0.0019248238038084538,honest,all,2000
bypass-base,A_ASK_late,-0.006700000000000001,-0.010019865967629042,-0.00338013403237096,honest,all,2000
external_obs-base,P_concede_A_late,0.009,-0.004926312731414105,0.022926312731414104,honest,all,2000
external_obs-base,nonc_A,-0.063,-0.0763350086624649,-0.049664991337535096,honest,all,2000
external_obs-base,evidence_count_late,-0.0445,-0.06353391396272375,-0.025466086037276247,honest,all,2000
external_obs-base,evidence_count,-0.0445,-0.06353391396272375,-0.025466086037276247,honest,all,2000
external_obs-base,A_p_truth,0.1027241798851893,0.09284637998584505,0.11260197978453354,honest,all,2000
external_obs-base,A_dbelief,0.07546799270193032,0.06759789199123431,0.08333809341262632,honest,all,2000
external_obs-base,restrict_A_late,0.0138,0.00827406706379749,0.01932593293620251,honest,all,2000
external_obs-base,restrict_A,0.00575,0.003447527943248954,0.008052472056751046,honest,all,2000
external_obs-base,A_hidden_shift,0.007803523697152375,0.0020133865400678323,0.013593660854236918,honest,all,2000
external_obs-base,B_p_truth,0.09943685112398895,0.0897350897576467,0.1091386124903312,honest,all,2000
external_obs-base,B_pC_true,0.055713643636533146,0.04548364917816587,0.06594363809490042,honest,all,2000
external_obs-base,B_pW_true,0.008167501429548214,0.0007761678730807131,0.015558834986015714,honest,all,2000
external_obs-base,B_pC_high,-0.011728204160767986,-0.015138990761394465,-0.008317417560141508,honest,all,2000
external_obs-base,B_pW_low,-0.03944749858687033,-0.05000000102702673,-0.028894996146713925,honest,all,2000
external_obs-base,A_ASK_late,-0.0152,-0.018698516568074038,-0.011701483431925962,honest,all,2000
reassure-placebo,P_concede_A_late,0.0,0.0,0.0,honest,all,2000
reassure-placebo,nonc_A,0.0,0.0,0.0,honest,all,2000
reassure-placebo,evidence_count_late,0.0,0.0,0.0,honest,all,2000
reassure-placebo,evidence_count,0.0,0.0,0.0,honest,all,2000
reassure-placebo,A_p_truth,0.0,0.0,0.0,honest,all,2000
reassure-placebo,A_dbelief,0.0,0.0,0.0,honest,all,2000
reassure-placebo,restrict_A_late,0.0,0.0,0.0,honest,all,2000
reassure-placebo,restrict_A,0.0,0.0,0.0,honest,all,2000
reassure-placebo,A_hidden_shift,0.0,0.0,0.0,honest,all,2000
reassure-placebo,B_p_truth,0.0,0.0,0.0,honest,all,2000
reassure-placebo,B_pC_true,0.0,0.0,0.0,honest,all,2000
reassure-placebo,B_pW_true,0.0,0.0,0.0,honest,all,2000
reassure-placebo,B_pC_high,0.0,0.0,0.0,honest,all,2000
reassure-placebo,B_pW_low,0.0,0.0,0.0,honest,all,2000
reassure-placebo,A_ASK_late,0.0,0.0,0.0,honest,all,2000
reassure-base,P_concede_A_late,-0.02724014336917563,-0.037274119427638266,-0.017206167310712995,honest,A_own0,1395
reassure-base,nonc_A,0.03369175627240143,0.026746645547578884,0.04063686699722398,honest,A_own0,1395
reassure-base,evidence_count_late,0.007885304659498209,-0.007181551997350183,0.0229521613163466,honest,A_own0,1395
reassure-base,evidence_count,0.007885304659498209,-0.007181551997350183,0.0229521613163466,honest,A_own0,1395
reassure-base,A_p_truth,-0.007895352745713671,-0.012294098661762093,-0.00349660682966525,honest,A_own0,1395
reassure-base,A_dbelief,-0.013968192753061931,-0.017730756827169934,-0.010205628678953929,honest,A_own0,1395
reassure-base,restrict_A_late,0.0030107526881720426,-0.002162513599487263,0.008184018975831348,honest,A_own0,1395
reassure-base,restrict_A,0.0012544802867383517,-0.0009010473331196929,0.0034100079065963965,honest,A_own0,1395
reassure-base,A_hidden_shift,0.008078505310304017,0.004278100566536662,0.011878910054071372,honest,A_own0,1395
reassure-base,B_p_truth,-0.00052005013225853,-0.003391869939605514,0.0023517696750884544,honest,A_own0,1395
reassure-base,B_pC_true,0.000861917504469974,-0.0074306234981282296,0.009154458507068178,honest,A_own0,1395
reassure-base,B_pW_true,-0.004695096750720937,-0.009216076304843664,-0.00017411719659821048,honest,A_own0,1395
reassure-base,B_pC_high,0.004868022793760946,0.0017212846128378586,0.008014760974684034,honest,A_own0,1395
reassure-base,B_pW_low,0.014393026073786779,0.0070413417234538225,0.021744710424119733,honest,A_own0,1395
reassure-base,A_ASK_late,0.00014336917562724012,-0.0030493537062559256,0.003336092057510406,honest,A_own0,1395
placebo-base,P_concede_A_late,-0.02724014336917563,-0.037274119427638266,-0.017206167310712995,honest,A_own0,1395
placebo-base,nonc_A,0.03369175627240143,0.026746645547578884,0.04063686699722398,honest,A_own0,1395
placebo-base,evidence_count_late,0.007885304659498209,-0.007181551997350183,0.0229521613163466,honest,A_own0,1395
placebo-base,evidence_count,0.007885304659498209,-0.007181551997350183,0.0229521613163466,honest,A_own0,1395
placebo-base,A_p_truth,-0.007895352745713671,-0.012294098661762093,-0.00349660682966525,honest,A_own0,1395
placebo-base,A_dbelief,-0.013968192753061931,-0.017730756827169934,-0.010205628678953929,honest,A_own0,1395
placebo-base,restrict_A_late,0.0030107526881720426,-0.002162513599487263,0.008184018975831348,honest,A_own0,1395
placebo-base,restrict_A,0.0012544802867383517,-0.0009010473331196929,0.0034100079065963965,honest,A_own0,1395
placebo-base,A_hidden_shift,0.008078505310304017,0.004278100566536662,0.011878910054071372,honest,A_own0,1395
placebo-base,B_p_truth,-0.00052005013225853,-0.003391869939605514,0.0023517696750884544,honest,A_own0,1395
placebo-base,B_pC_true,0.000861917504469974,-0.0074306234981282296,0.009154458507068178,honest,A_own0,1395
placebo-base,B_pW_true,-0.004695096750720937,-0.009216076304843664,-0.00017411719659821048,honest,A_own0,1395
placebo-base,B_pC_high,0.004868022793760946,0.0017212846128378586,0.008014760974684034,honest,A_own0,1395
placebo-base,B_pW_low,0.014393026073786779,0.0070413417234538225,0.021744710424119733,honest,A_own0,1395
placebo-base,A_ASK_late,0.00014336917562724012,-0.0030493537062559256,0.003336092057510406,honest,A_own0,1395
remove_c-base,P_concede_A_late,0.0,0.0,0.0,honest,A_own0,1395
remove_c-base,nonc_A,0.0,0.0,0.0,honest,A_own0,1395
remove_c-base,evidence_count_late,0.0,0.0,0.0,honest,A_own0,1395
remove_c-base,evidence_count,0.0,0.0,0.0,honest,A_own0,1395
remove_c-base,A_p_truth,0.0,0.0,0.0,honest,A_own0,1395
remove_c-base,A_dbelief,0.0,0.0,0.0,honest,A_own0,1395
remove_c-base,restrict_A_late,0.0,0.0,0.0,honest,A_own0,1395
remove_c-base,restrict_A,0.0,0.0,0.0,honest,A_own0,1395
remove_c-base,A_hidden_shift,0.0,0.0,0.0,honest,A_own0,1395
remove_c-base,B_p_truth,0.0,0.0,0.0,honest,A_own0,1395
remove_c-base,B_pC_true,0.0,0.0,0.0,honest,A_own0,1395
remove_c-base,B_pW_true,0.0,0.0,0.0,honest,A_own0,1395
remove_c-base,B_pC_high,0.0,0.0,0.0,honest,A_own0,1395
remove_c-base,B_pW_low,0.0,0.0,0.0,honest,A_own0,1395
remove_c-base,A_ASK_late,0.0,0.0,0.0,honest,A_own0,1395
remove_gamma-base,P_concede_A_late,0.0,0.0,0.0,honest,A_own0,1395
remove_gamma-base,nonc_A,0.0,0.0,0.0,honest,A_own0,1395
remove_gamma-base,evidence_count_late,0.0,0.0,0.0,honest,A_own0,1395
remove_gamma-base,evidence_count,0.0,0.0,0.0,honest,A_own0,1395
remove_gamma-base,A_p_truth,0.0,0.0,0.0,honest,A_own0,1395
remove_gamma-base,A_dbelief,0.0,0.0,0.0,honest,A_own0,1395
remove_gamma-base,restrict_A_late,0.0,0.0,0.0,honest,A_own0,1395
remove_gamma-base,restrict_A,0.0,0.0,0.0,honest,A_own0,1395
remove_gamma-base,A_hidden_shift,0.0,0.0,0.0,honest,A_own0,1395
remove_gamma-base,B_p_truth,0.0,0.0,0.0,honest,A_own0,1395
remove_gamma-base,B_pC_true,0.0,0.0,0.0,honest,A_own0,1395
remove_gamma-base,B_pW_true,0.0,0.0,0.0,honest,A_own0,1395
remove_gamma-base,B_pC_high,0.0,0.0,0.0,honest,A_own0,1395
remove_gamma-base,B_pW_low,0.0,0.0,0.0,honest,A_own0,1395
remove_gamma-base,A_ASK_late,0.0,0.0,0.0,honest,A_own0,1395
force_open_B-base,P_concede_A_late,0.0064516129032258064,-0.0008438352699908823,0.013747061076442496,honest,A_own0,1395
force_open_B-base,nonc_A,-0.001971326164874552,-0.007074372753423029,0.0031317204236739242,honest,A_own0,1395
force_open_B-base,evidence_count_late,0.31899641577060933,0.28988322471180183,0.34810960682941683,honest,A_own0,1395
force_open_B-base,evidence_count,0.31899641577060933,0.28988322471180183,0.34810960682941683,honest,A_own0,1395
force_open_B-base,A_p_truth,0.0081063043092866,0.003860228708156086,0.012352379910417113,honest,A_own0,1395
force_open_B-base,A_dbelief,0.006515911169709311,0.002603623412760446,0.010428198926658177,honest,A_own0,1395
force_open_B-base,restrict_A_late,-0.004444444444444444,-0.008003619823191933,-0.0008852690656969541,honest,A_own0,1395
force_open_B-base,restrict_A,-0.001851851851851852,-0.0033348415929966395,-0.00036886211070706436,honest,A_own0,1395
force_open_B-base,A_hidden_shift,-0.001017145285043147,-0.004098921603690817,0.0020646310336045236,honest,A_own0,1395
force_open_B-base,B_p_truth,0.00749961378971191,0.0037411710122041497,0.01125805656721967,honest,A_own0,1395
force_open_B-base,B_pC_true,-0.0018738438853793,-0.0068882638727977355,0.003140576102039135,honest,A_own0,1395
force_open_B-base,B_pW_true,0.0017467703674016236,-0.0006640781527293396,0.0041576188875325866,honest,A_own0,1395
force_open_B-base,B_pC_high,-0.0015346259490320595,-0.0037675997938719464,0.0006983478958078274,honest,A_own0,1395
force_open_B-base,B_pW_low,-0.006880653434222618,-0.011340732868072675,-0.0024205740003725605,honest,A_own0,1395
force_open_B-base,A_ASK_late,0.00043010752688172043,-0.0016544959019317179,0.0025147109556951587,honest,A_own0,1395
bypass-base,P_concede_A_late,0.02939068100358423,0.014663187943769591,0.044118174063398866,honest,A_own0,1395
bypass-base,nonc_A,-0.043548387096774194,-0.05598482756950782,-0.031111946624040567,honest,A_own0,1395
bypass-base,evidence_count_late,3.503942652329749,3.449602767765023,3.5582825368944753,honest,A_own0,1395
bypass-base,evidence_count,3.503942652329749,3.449602767765023,3.5582825368944753,honest,A_own0,1395
bypass-base,A_p_truth,0.06613596396447535,0.056126803629005795,0.07614512429994491,honest,A_own0,1395
bypass-base,A_dbelief,0.04800167546095618,0.03909364257774515,0.056909708344167205,honest,A_own0,1395
bypass-base,restrict_A_late,0.016917562724014335,0.010433741975583569,0.0234013834724451,honest,A_own0,1395
bypass-base,restrict_A,0.007048984468339306,0.004347392489826487,0.009750576446852125,honest,A_own0,1395
bypass-base,A_hidden_shift,0.0006461309861879914,-0.004266817224670572,0.005559079197046555,honest,A_own0,1395
bypass-base,B_p_truth,0.07285397229856934,0.06289320228564713,0.08281474231149155,honest,A_own0,1395
bypass-base,B_pC_true,0.033959926586067245,0.023475414603710287,0.0444444385684242,honest,A_own0,1395
bypass-base,B_pW_true,0.004515605044653494,-0.0022887944273276483,0.011320004516634636,honest,A_own0,1395
bypass-base,B_pC_high,-0.00884624866840281,-0.013151326628510058,-0.004541170708295562,honest,A_own0,1395
bypass-base,B_pW_low,-0.009961682605235146,-0.019917192953584004,-6.172256886287017e-06,honest,A_own0,1395
bypass-base,A_ASK_late,-0.00874551971326165,-0.012860916452896935,-0.004630122973626365,honest,A_own0,1395
external_obs-base,P_concede_A_late,0.03082437275985663,0.013400746031508315,0.04824799948820495,honest,A_own0,1395
external_obs-base,nonc_A,-0.08727598566308244,-0.10325118907782095,-0.07130078224834392,honest,A_own0,1395
external_obs-base,evidence_count_late,-0.04516129032258064,-0.06893725394783946,-0.021385326697321825,honest,A_own0,1395
external_obs-base,evidence_count,-0.04516129032258064,-0.06893725394783946,-0.021385326697321825,honest,A_own0,1395
external_obs-base,A_p_truth,0.10681043096609834,0.09497291578828553,0.11864794614391115,honest,A_own0,1395
external_obs-base,A_dbelief,0.07777401006261969,0.06784448196796139,0.087703538157278,honest,A_own0,1395
external_obs-base,restrict_A_late,0.014910394265232973,0.008174166072052106,0.02164662245841384,honest,A_own0,1395
external_obs-base,restrict_A,0.006212664277180407,0.0034059025300217116,0.009019426024339102,honest,A_own0,1395
external_obs-base,A_hidden_shift,-0.00090143545025234,-0.005913098333679912,0.004110227433175233,honest,A_own0,1395
external_obs-base,B_p_truth,0.11719902428572986,0.10531119711981501,0.1290868514516447,honest,A_own0,1395
external_obs-base,B_pC_true,0.05983673327490578,0.0476875313557964,0.07198593519401517,honest,A_own0,1395
external_obs-base,B_pW_true,0.02094993571906714,0.011770498011717777,0.0301293734264165,honest,A_own0,1395
external_obs-base,B_pC_high,-0.015247126025287553,-0.01997466921222347,-0.01051958283835164,honest,A_own0,1395
external_obs-base,B_pW_low,-0.06362175740098011,-0.07694486000284312,-0.050298654799117104,honest,A_own0,1395
external_obs-base,A_ASK_late,-0.01849462365591398,-0.022948783770094187,-0.014040463541733775,honest,A_own0,1395
reassure-placebo,P_concede_A_late,0.0,0.0,0.0,honest,A_own0,1395
reassure-placebo,nonc_A,0.0,0.0,0.0,honest,A_own0,1395
reassure-placebo,evidence_count_late,0.0,0.0,0.0,honest,A_own0,1395
reassure-placebo,evidence_count,0.0,0.0,0.0,honest,A_own0,1395
reassure-placebo,A_p_truth,0.0,0.0,0.0,honest,A_own0,1395
reassure-placebo,A_dbelief,0.0,0.0,0.0,honest,A_own0,1395
reassure-placebo,restrict_A_late,0.0,0.0,0.0,honest,A_own0,1395
reassure-placebo,restrict_A,0.0,0.0,0.0,honest,A_own0,1395
reassure-placebo,A_hidden_shift,0.0,0.0,0.0,honest,A_own0,1395
reassure-placebo,B_p_truth,0.0,0.0,0.0,honest,A_own0,1395
reassure-placebo,B_pC_true,0.0,0.0,0.0,honest,A_own0,1395
reassure-placebo,B_pW_true,0.0,0.0,0.0,honest,A_own0,1395
reassure-placebo,B_pC_high,0.0,0.0,0.0,honest,A_own0,1395
reassure-placebo,B_pW_low,0.0,0.0,0.0,honest,A_own0,1395
reassure-placebo,A_ASK_late,0.0,0.0,0.0,honest,A_own0,1395
reassure-base,P_concede_A_late,-0.009,-0.016582688427061402,-0.001417311572938596,attenuated,all,2000
reassure-base,nonc_A,0.004375,0.0018712040449365107,0.00687879595506349,attenuated,all,2000
reassure-base,evidence_count_late,-0.009,-0.021315171412670704,0.0033151714126707036,attenuated,all,2000
reassure-base,evidence_count,-0.009,-0.021315171412670704,0.0033151714126707036,attenuated,all,2000
reassure-base,A_p_truth,-0.002737332474618898,-0.0034430680368395116,-0.002031596912398284,attenuated,all,2000
reassure-base,A_dbelief,-0.002517052608597108,-0.003210407339690975,-0.0018236978775032413,attenuated,all,2000
reassure-base,restrict_A_late,-0.0006999999999999999,-0.004645291049939709,0.0032452910499397086,attenuated,all,2000
reassure-base,restrict_A,-0.00029166666666666653,-0.0019355379374748783,0.001352204604141545,attenuated,all,2000
reassure-base,A_hidden_shift,0.00014366722394327155,-0.0010230456036838499,0.001310380051570393,attenuated,all,2000
reassure-base,B_p_truth,-0.0030615113636701503,-0.005338135040088485,-0.0007848876872518151,attenuated,all,2000
reassure-base,B_pC_true,0.0023483491348736583,-0.002767677025125537,0.007464375294872854,attenuated,all,2000
reassure-base,B_pW_true,0.0024778719407395375,-0.0007212911475484632,0.005677035029027538,attenuated,all,2000
reassure-base,B_pC_high,0.004642188494809524,0.0014832112925466058,0.007801165697072443,attenuated,all,2000
reassure-base,B_pW_low,0.0024778719407395375,-0.0007212911475484632,0.005677035029027538,attenuated,all,2000
reassure-base,A_ASK_late,-0.00030000000000000003,-0.002420553583796192,0.0018205535837961923,attenuated,all,2000
placebo-base,P_concede_A_late,-0.009,-0.016582688427061402,-0.001417311572938596,attenuated,all,2000
placebo-base,nonc_A,0.004375,0.0018712040449365107,0.00687879595506349,attenuated,all,2000
placebo-base,evidence_count_late,-0.009,-0.021315171412670704,0.0033151714126707036,attenuated,all,2000
placebo-base,evidence_count,-0.009,-0.021315171412670704,0.0033151714126707036,attenuated,all,2000
placebo-base,A_p_truth,-0.002737332474618898,-0.0034430680368395116,-0.002031596912398284,attenuated,all,2000
placebo-base,A_dbelief,-0.002517052608597108,-0.003210407339690975,-0.0018236978775032413,attenuated,all,2000
placebo-base,restrict_A_late,-0.0006999999999999999,-0.004645291049939709,0.0032452910499397086,attenuated,all,2000
placebo-base,restrict_A,-0.00029166666666666653,-0.0019355379374748783,0.001352204604141545,attenuated,all,2000
placebo-base,A_hidden_shift,0.00014366722394327155,-0.0010230456036838499,0.001310380051570393,attenuated,all,2000
placebo-base,B_p_truth,-0.0030615113636701503,-0.005338135040088485,-0.0007848876872518151,attenuated,all,2000
placebo-base,B_pC_true,0.0023483491348736583,-0.002767677025125537,0.007464375294872854,attenuated,all,2000
placebo-base,B_pW_true,0.0024778719407395375,-0.0007212911475484632,0.005677035029027538,attenuated,all,2000
placebo-base,B_pC_high,0.004642188494809524,0.0014832112925466058,0.007801165697072443,attenuated,all,2000
placebo-base,B_pW_low,0.0024778719407395375,-0.0007212911475484632,0.005677035029027538,attenuated,all,2000
placebo-base,A_ASK_late,-0.00030000000000000003,-0.002420553583796192,0.0018205535837961923,attenuated,all,2000
remove_c-base,P_concede_A_late,0.0,0.0,0.0,attenuated,all,2000
remove_c-base,nonc_A,0.0,0.0,0.0,attenuated,all,2000
remove_c-base,evidence_count_late,0.0,0.0,0.0,attenuated,all,2000
remove_c-base,evidence_count,0.0,0.0,0.0,attenuated,all,2000
remove_c-base,A_p_truth,0.0,0.0,0.0,attenuated,all,2000
remove_c-base,A_dbelief,0.0,0.0,0.0,attenuated,all,2000
remove_c-base,restrict_A_late,0.0,0.0,0.0,attenuated,all,2000
remove_c-base,restrict_A,0.0,0.0,0.0,attenuated,all,2000
remove_c-base,A_hidden_shift,0.0,0.0,0.0,attenuated,all,2000
remove_c-base,B_p_truth,0.0,0.0,0.0,attenuated,all,2000
remove_c-base,B_pC_true,0.0,0.0,0.0,attenuated,all,2000
remove_c-base,B_pW_true,0.0,0.0,0.0,attenuated,all,2000
remove_c-base,B_pC_high,0.0,0.0,0.0,attenuated,all,2000
remove_c-base,B_pW_low,0.0,0.0,0.0,attenuated,all,2000
remove_c-base,A_ASK_late,0.0,0.0,0.0,attenuated,all,2000
remove_gamma-base,P_concede_A_late,0.0,0.0,0.0,attenuated,all,2000
remove_gamma-base,nonc_A,0.0,0.0,0.0,attenuated,all,2000
remove_gamma-base,evidence_count_late,0.0,0.0,0.0,attenuated,all,2000
remove_gamma-base,evidence_count,0.0,0.0,0.0,attenuated,all,2000
remove_gamma-base,A_p_truth,0.0,0.0,0.0,attenuated,all,2000
remove_gamma-base,A_dbelief,0.0,0.0,0.0,attenuated,all,2000
remove_gamma-base,restrict_A_late,0.0,0.0,0.0,attenuated,all,2000
remove_gamma-base,restrict_A,0.0,0.0,0.0,attenuated,all,2000
remove_gamma-base,A_hidden_shift,0.0,0.0,0.0,attenuated,all,2000
remove_gamma-base,B_p_truth,0.0,0.0,0.0,attenuated,all,2000
remove_gamma-base,B_pC_true,0.0,0.0,0.0,attenuated,all,2000
remove_gamma-base,B_pW_true,0.0,0.0,0.0,attenuated,all,2000
remove_gamma-base,B_pC_high,0.0,0.0,0.0,attenuated,all,2000
remove_gamma-base,B_pW_low,0.0,0.0,0.0,attenuated,all,2000
remove_gamma-base,A_ASK_late,0.0,0.0,0.0,attenuated,all,2000
force_open_B-base,P_concede_A_late,0.001,-0.00292073529872157,0.00492073529872157,attenuated,all,2000
force_open_B-base,nonc_A,-0.001625,-0.003599462493583832,0.00034946249358383205,attenuated,all,2000
force_open_B-base,evidence_count_late,0.317,0.29316931642735,0.34083068357265,attenuated,all,2000
force_open_B-base,evidence_count,0.317,0.29316931642735,0.34083068357265,attenuated,all,2000
force_open_B-base,A_p_truth,0.004457038568140225,0.0035834413912466763,0.005330635745033774,attenuated,all,2000
force_open_B-base,A_dbelief,0.004110207859870966,0.0032661523468480546,0.004954263372893878,attenuated,all,2000
force_open_B-base,restrict_A_late,0.00019999999999999985,-0.00215257188311699,0.0025525718831169893,attenuated,all,2000
force_open_B-base,restrict_A,8.333333333333343e-05,-0.0008969049512987453,0.0010635716179654123,attenuated,all,2000
force_open_B-base,A_hidden_shift,0.0022059967407020336,0.00104568612372333,0.0033663073576807373,attenuated,all,2000
force_open_B-base,B_p_truth,0.008451359385483284,0.005590738013344868,0.0113119807576217,attenuated,all,2000
force_open_B-base,B_pC_true,0.0014947556267344275,-0.0009834567645628067,0.0039729680180316616,attenuated,all,2000
force_open_B-base,B_pW_true,-0.0007775190305593083,-0.0026108788397756783,0.001055840778657062,attenuated,all,2000
force_open_B-base,B_pC_high,-5.775659331770966e-05,-0.0014923098424380315,0.0013767966558026123,attenuated,all,2000
force_open_B-base,B_pW_low,-0.0007775190305593083,-0.0026108788397756783,0.001055840778657062,attenuated,all,2000
force_open_B-base,A_ASK_late,0.0004,-0.0007088820864911067,0.0015088820864911066,attenuated,all,2000
bypass-base,P_concede_A_late,0.0375,0.025729403223530373,0.049270596776469625,attenuated,all,2000
bypass-base,nonc_A,-0.0225,-0.027867904824146993,-0.017132095175853006,attenuated,all,2000
bypass-base,evidence_count_late,3.5365,3.4914158064677516,3.5815841935322488,attenuated,all,2000
bypass-base,evidence_count,3.5365,3.4914158064677516,3.5815841935322488,attenuated,all,2000
bypass-base,A_p_truth,0.04226822966532591,0.0396298962127775,0.04490656311787432,attenuated,all,2000
bypass-base,A_dbelief,0.03934721649343975,0.03682070178624447,0.041873731200635034,attenuated,all,2000
bypass-base,restrict_A_late,0.0016999999999999997,-0.0037431607442223965,0.007143160744222396,attenuated,all,2000
bypass-base,restrict_A,0.0007083333333333337,-0.0015596503100926648,0.0029763169767593324,attenuated,all,2000
bypass-base,A_hidden_shift,0.012681410525085462,0.009760890368364285,0.015601930681806639,attenuated,all,2000
bypass-base,B_p_truth,0.07025563783878329,0.06263120602203741,0.07788006965552917,attenuated,all,2000
bypass-base,B_pC_true,0.009519434697325035,0.0027569630747747223,0.016281906319875347,attenuated,all,2000
bypass-base,B_pW_true,-0.0017902953883921393,-0.006888301228657255,0.003307710451872976,attenuated,all,2000
bypass-base,B_pC_high,-0.010397441335820136,-0.014661029047363007,-0.006133853624277265,attenuated,all,2000
bypass-base,B_pW_low,-0.0017902953883921393,-0.006888301228657255,0.003307710451872976,attenuated,all,2000
bypass-base,A_ASK_late,0.0011,-0.002312263999869061,0.004512263999869061,attenuated,all,2000
external_obs-base,P_concede_A_late,0.063,0.04970106862985624,0.07629893137014376,attenuated,all,2000
external_obs-base,nonc_A,-0.037875,-0.04499062530275622,-0.030759374697243776,attenuated,all,2000
external_obs-base,evidence_count_late,-0.029,-0.050794047293899414,-0.007205952706100589,attenuated,all,2000
external_obs-base,evidence_count,-0.029,-0.050794047293899414,-0.007205952706100589,attenuated,all,2000
external_obs-base,A_p_truth,0.062348681368510996,0.059477987096195464,0.06521937564082653,attenuated,all,2000
external_obs-base,A_dbelief,0.05717834418832886,0.054479838090961324,0.05987685028569639,attenuated,all,2000
external_obs-base,restrict_A_late,0.0039000000000000003,-0.0025673581927241726,0.010367358192724174,attenuated,all,2000
external_obs-base,restrict_A,0.0016250000000000001,-0.0010697325803017388,0.004319732580301739,attenuated,all,2000
external_obs-base,A_hidden_shift,0.01797263844866015,0.014613471639461705,0.021331805257858594,attenuated,all,2000
external_obs-base,B_p_truth,0.11461963761495343,0.10533326112945941,0.12390601410044745,attenuated,all,2000
external_obs-base,B_pC_true,0.021642187889182093,0.013067098751605834,0.030217277026758353,attenuated,all,2000
external_obs-base,B_pW_true,-0.02478860747822928,-0.03169264346986592,-0.017884571486592636,attenuated,all,2000
external_obs-base,B_pC_high,-0.021483656754429873,-0.026301704021252266,-0.01666560948760748,attenuated,all,2000
external_obs-base,B_pW_low,-0.02478860747822928,-0.03169264346986592,-0.017884571486592636,attenuated,all,2000
external_obs-base,A_ASK_late,0.0046,0.00047391563851645856,0.008726084361483541,attenuated,all,2000
reassure-placebo,P_concede_A_late,0.0,0.0,0.0,attenuated,all,2000
reassure-placebo,nonc_A,0.0,0.0,0.0,attenuated,all,2000
reassure-placebo,evidence_count_late,0.0,0.0,0.0,attenuated,all,2000
reassure-placebo,evidence_count,0.0,0.0,0.0,attenuated,all,2000
reassure-placebo,A_p_truth,0.0,0.0,0.0,attenuated,all,2000
reassure-placebo,A_dbelief,0.0,0.0,0.0,attenuated,all,2000
reassure-placebo,restrict_A_late,0.0,0.0,0.0,attenuated,all,2000
reassure-placebo,restrict_A,0.0,0.0,0.0,attenuated,all,2000
reassure-placebo,A_hidden_shift,0.0,0.0,0.0,attenuated,all,2000
reassure-placebo,B_p_truth,0.0,0.0,0.0,attenuated,all,2000
reassure-placebo,B_pC_true,0.0,0.0,0.0,attenuated,all,2000
reassure-placebo,B_pW_true,0.0,0.0,0.0,attenuated,all,2000
reassure-placebo,B_pC_high,0.0,0.0,0.0,attenuated,all,2000
reassure-placebo,B_pW_low,0.0,0.0,0.0,attenuated,all,2000
reassure-placebo,A_ASK_late,0.0,0.0,0.0,attenuated,all,2000
reassure-base,P_concede_A_late,-0.012186379928315413,-0.02296342673590323,-0.001409333120727595,attenuated,A_own0,1395
reassure-base,nonc_A,0.003942652329749104,0.000690663861831804,0.007194640797666405,attenuated,A_own0,1395
reassure-base,evidence_count_late,-0.010752688172043012,-0.02743278623102159,0.005927409886935568,attenuated,A_own0,1395
reassure-base,evidence_count,-0.010752688172043012,-0.02743278623102159,0.005927409886935568,attenuated,A_own0,1395
reassure-base,A_p_truth,-0.0023628957841993854,-0.0032929654183814243,-0.0014328261500173463,attenuated,A_own0,1395
reassure-base,A_dbelief,-0.002591301567050588,-0.003502372944576797,-0.0016802301895243793,attenuated,A_own0,1395
reassure-base,restrict_A_late,0.0007168458781362011,-0.0043194121078805325,0.005753103864152934,attenuated,A_own0,1395
reassure-base,restrict_A,0.00029868578255675033,-0.0017997550449502216,0.002397126610063722,attenuated,A_own0,1395
reassure-base,A_hidden_shift,0.00012160987778272156,-0.0015374016815304804,0.0017806214370959233,attenuated,A_own0,1395
reassure-base,B_p_truth,-0.0038618106056605033,-0.007039150050935876,-0.0006844711603851308,attenuated,A_own0,1395
reassure-base,B_pC_true,0.0034807137013011377,-0.002136230953996984,0.009097658356599259,attenuated,A_own0,1395
reassure-base,B_pW_true,0.00048183583598347446,-0.002811349573957304,0.003775021245924253,attenuated,A_own0,1395
reassure-base,B_pC_high,0.006655459307994445,0.002130046336645523,0.011180872279343366,attenuated,A_own0,1395
reassure-base,B_pW_low,0.00048183583598347446,-0.002811349573957304,0.003775021245924253,attenuated,A_own0,1395
reassure-base,A_ASK_late,-0.00043010752688172016,-0.003198572289999792,0.002338357236236352,attenuated,A_own0,1395
placebo-base,P_concede_A_late,-0.012186379928315413,-0.02296342673590323,-0.001409333120727595,attenuated,A_own0,1395
placebo-base,nonc_A,0.003942652329749104,0.000690663861831804,0.007194640797666405,attenuated,A_own0,1395
placebo-base,evidence_count_late,-0.010752688172043012,-0.02743278623102159,0.005927409886935568,attenuated,A_own0,1395
placebo-base,evidence_count,-0.010752688172043012,-0.02743278623102159,0.005927409886935568,attenuated,A_own0,1395
placebo-base,A_p_truth,-0.0023628957841993854,-0.0032929654183814243,-0.0014328261500173463,attenuated,A_own0,1395
placebo-base,A_dbelief,-0.002591301567050588,-0.003502372944576797,-0.0016802301895243793,attenuated,A_own0,1395
placebo-base,restrict_A_late,0.0007168458781362011,-0.0043194121078805325,0.005753103864152934,attenuated,A_own0,1395
placebo-base,restrict_A,0.00029868578255675033,-0.0017997550449502216,0.002397126610063722,attenuated,A_own0,1395
placebo-base,A_hidden_shift,0.00012160987778272156,-0.0015374016815304804,0.0017806214370959233,attenuated,A_own0,1395
placebo-base,B_p_truth,-0.0038618106056605033,-0.007039150050935876,-0.0006844711603851308,attenuated,A_own0,1395
placebo-base,B_pC_true,0.0034807137013011377,-0.002136230953996984,0.009097658356599259,attenuated,A_own0,1395
placebo-base,B_pW_true,0.00048183583598347446,-0.002811349573957304,0.003775021245924253,attenuated,A_own0,1395
placebo-base,B_pC_high,0.006655459307994445,0.002130046336645523,0.011180872279343366,attenuated,A_own0,1395
placebo-base,B_pW_low,0.00048183583598347446,-0.002811349573957304,0.003775021245924253,attenuated,A_own0,1395
placebo-base,A_ASK_late,-0.00043010752688172016,-0.003198572289999792,0.002338357236236352,attenuated,A_own0,1395
remove_c-base,P_concede_A_late,0.0,0.0,0.0,attenuated,A_own0,1395
remove_c-base,nonc_A,0.0,0.0,0.0,attenuated,A_own0,1395
remove_c-base,evidence_count_late,0.0,0.0,0.0,attenuated,A_own0,1395
remove_c-base,evidence_count,0.0,0.0,0.0,attenuated,A_own0,1395
remove_c-base,A_p_truth,0.0,0.0,0.0,attenuated,A_own0,1395
remove_c-base,A_dbelief,0.0,0.0,0.0,attenuated,A_own0,1395
remove_c-base,restrict_A_late,0.0,0.0,0.0,attenuated,A_own0,1395
remove_c-base,restrict_A,0.0,0.0,0.0,attenuated,A_own0,1395
remove_c-base,A_hidden_shift,0.0,0.0,0.0,attenuated,A_own0,1395
remove_c-base,B_p_truth,0.0,0.0,0.0,attenuated,A_own0,1395
remove_c-base,B_pC_true,0.0,0.0,0.0,attenuated,A_own0,1395
remove_c-base,B_pW_true,0.0,0.0,0.0,attenuated,A_own0,1395
remove_c-base,B_pC_high,0.0,0.0,0.0,attenuated,A_own0,1395
remove_c-base,B_pW_low,0.0,0.0,0.0,attenuated,A_own0,1395
remove_c-base,A_ASK_late,0.0,0.0,0.0,attenuated,A_own0,1395
remove_gamma-base,P_concede_A_late,0.0,0.0,0.0,attenuated,A_own0,1395
remove_gamma-base,nonc_A,0.0,0.0,0.0,attenuated,A_own0,1395
remove_gamma-base,evidence_count_late,0.0,0.0,0.0,attenuated,A_own0,1395
remove_gamma-base,evidence_count,0.0,0.0,0.0,attenuated,A_own0,1395
remove_gamma-base,A_p_truth,0.0,0.0,0.0,attenuated,A_own0,1395
remove_gamma-base,A_dbelief,0.0,0.0,0.0,attenuated,A_own0,1395
remove_gamma-base,restrict_A_late,0.0,0.0,0.0,attenuated,A_own0,1395
remove_gamma-base,restrict_A,0.0,0.0,0.0,attenuated,A_own0,1395
remove_gamma-base,A_hidden_shift,0.0,0.0,0.0,attenuated,A_own0,1395
remove_gamma-base,B_p_truth,0.0,0.0,0.0,attenuated,A_own0,1395
remove_gamma-base,B_pC_true,0.0,0.0,0.0,attenuated,A_own0,1395
remove_gamma-base,B_pW_true,0.0,0.0,0.0,attenuated,A_own0,1395
remove_gamma-base,B_pC_high,0.0,0.0,0.0,attenuated,A_own0,1395
remove_gamma-base,B_pW_low,0.0,0.0,0.0,attenuated,A_own0,1395
remove_gamma-base,A_ASK_late,0.0,0.0,0.0,attenuated,A_own0,1395
force_open_B-base,P_concede_A_late,0.0035842293906810036,-0.001479957235872389,0.008648416017234397,attenuated,A_own0,1395
force_open_B-base,nonc_A,-0.0016129032258064516,-0.0035032495401664493,0.00027744308855354605,attenuated,A_own0,1395
force_open_B-base,evidence_count_late,0.3118279569892473,0.28332132653570685,0.3403345874427878,attenuated,A_own0,1395
force_open_B-base,evidence_count,0.3118279569892473,0.28332132653570685,0.3403345874427878,attenuated,A_own0,1395
force_open_B-base,A_p_truth,0.0036891561433526317,0.00263829303828621,0.004740019248419053,attenuated,A_own0,1395
force_open_B-base,A_dbelief,0.003674585971459773,0.002651360471655937,0.004697811471263609,attenuated,A_own0,1395
force_open_B-base,restrict_A_late,0.0012903225806451609,-0.0013607453997101743,0.0039413905610004955,attenuated,A_own0,1395
force_open_B-base,restrict_A,0.000537634408602151,-0.0005669772498792388,0.0016422460670835407,attenuated,A_own0,1395
force_open_B-base,A_hidden_shift,0.0022716652601070275,0.0008820523383516632,0.003661278181862392,attenuated,A_own0,1395
force_open_B-base,B_p_truth,0.009435094468454088,0.005537661929990126,0.01333252700691805,attenuated,A_own0,1395
force_open_B-base,B_pC_true,0.0008537188065873183,-0.0023503717174657027,0.004057809330640339,attenuated,A_own0,1395
force_open_B-base,B_pW_true,-0.0019046799617270017,-0.004102408360358916,0.00029304843690491304,attenuated,A_own0,1395
force_open_B-base,B_pC_high,-8.288515530013651e-05,-0.0021398140634526584,0.0019740437528523854,attenuated,A_own0,1395
force_open_B-base,B_pW_low,-0.0019046799617270017,-0.004102408360358916,0.00029304843690491304,attenuated,A_own0,1395
force_open_B-base,A_ASK_late,0.00043010752688172043,-0.0009178325158809752,0.001778047569644416,attenuated,A_own0,1395
bypass-base,P_concede_A_late,0.05949820788530466,0.04322437474386516,0.07577204102674416,attenuated,A_own0,1395
bypass-base,nonc_A,-0.025627240143369177,-0.031797356890983806,-0.019457123395754547,attenuated,A_own0,1395
bypass-base,evidence_count_late,3.5168458781362006,3.462731388943745,3.5709603673286563,attenuated,A_own0,1395
bypass-base,evidence_count,3.5168458781362006,3.462731388943745,3.5709603673286563,attenuated,A_own0,1395
bypass-base,A_p_truth,0.0379973095452264,0.03473748625621143,0.041257132834241365,attenuated,A_own0,1395
bypass-base,A_dbelief,0.0357448684812649,0.032626071450805066,0.03886366551172474,attenuated,A_own0,1395
bypass-base,restrict_A_late,0.002867383512544803,-0.0037113789327326,0.009446145957822207,attenuated,A_own0,1395
bypass-base,restrict_A,0.0011947431302270013,-0.0015464078886385834,0.003935894149092586,attenuated,A_own0,1395
bypass-base,A_hidden_shift,0.015004518926963868,0.011270973132538673,0.018738064721389065,attenuated,A_own0,1395
bypass-base,B_p_truth,0.08896121104734414,0.07884908808701631,0.09907333400767197,attenuated,A_own0,1395
bypass-base,B_pC_true,0.0034131058014800317,-0.005013072088672065,0.011839283691632127,attenuated,A_own0,1395
bypass-base,B_pW_true,-0.007637457217969146,-0.013978448654793585,-0.0012964657811447055,attenuated,A_own0,1395
bypass-base,B_pC_high,-0.014906827949623575,-0.021004991541045993,-0.008808664358201155,attenuated,A_own0,1395
bypass-base,B_pW_low,-0.007637457217969146,-0.013978448654793585,-0.0012964657811447055,attenuated,A_own0,1395
bypass-base,A_ASK_late,0.0035842293906810036,-0.000552419372236595,0.007720878153598602,attenuated,A_own0,1395
external_obs-base,P_concede_A_late,0.1025089605734767,0.08471141266428575,0.12030650848266766,attenuated,A_own0,1395
external_obs-base,nonc_A,-0.04838709677419355,-0.056397815243122706,-0.04037637830526439,attenuated,A_own0,1395
external_obs-base,evidence_count_late,-0.03870967741935484,-0.06559557429490218,-0.011823780543807508,attenuated,A_own0,1395
external_obs-base,evidence_count,-0.03870967741935484,-0.06559557429490218,-0.011823780543807508,attenuated,A_own0,1395
external_obs-base,A_p_truth,0.05806136424082505,0.05450313119944097,0.061619597282209136,attenuated,A_own0,1395
external_obs-base,A_dbelief,0.053502390964052855,0.05012908248743609,0.05687569944066962,attenuated,A_own0,1395
external_obs-base,restrict_A_late,0.004587813620071685,-0.0035266420877048,0.01270226932784817,attenuated,A_own0,1395
external_obs-base,restrict_A,0.0019115890083632014,-0.0014694342032103333,0.005292612219936736,attenuated,A_own0,1395
external_obs-base,A_hidden_shift,0.020449636943588173,0.016159885313953782,0.024739388573222564,attenuated,A_own0,1395
external_obs-base,B_p_truth,0.14227629760859287,0.13038604044842014,0.1541665547687656,attenuated,A_own0,1395
external_obs-base,B_pC_true,0.017770583646784372,0.007808970739090711,0.027732196554478034,attenuated,A_own0,1395
external_obs-base,B_pW_true,-0.036444045679127554,-0.04489700382329784,-0.027991087534957267,attenuated,A_own0,1395
external_obs-base,B_pC_high,-0.030828530412600388,-0.03767894464379417,-0.023978116181406606,attenuated,A_own0,1395
external_obs-base,B_pW_low,-0.036444045679127554,-0.04489700382329784,-0.027991087534957267,attenuated,A_own0,1395
external_obs-base,A_ASK_late,0.00860215053763441,0.0036895001986787506,0.01351480087659007,attenuated,A_own0,1395
reassure-placebo,P_concede_A_late,0.0,0.0,0.0,attenuated,A_own0,1395
reassure-placebo,nonc_A,0.0,0.0,0.0,attenuated,A_own0,1395
reassure-placebo,evidence_count_late,0.0,0.0,0.0,attenuated,A_own0,1395
reassure-placebo,evidence_count,0.0,0.0,0.0,attenuated,A_own0,1395
reassure-placebo,A_p_truth,0.0,0.0,0.0,attenuated,A_own0,1395
reassure-placebo,A_dbelief,0.0,0.0,0.0,attenuated,A_own0,1395
reassure-placebo,restrict_A_late,0.0,0.0,0.0,attenuated,A_own0,1395
reassure-placebo,restrict_A,0.0,0.0,0.0,attenuated,A_own0,1395
reassure-placebo,A_hidden_shift,0.0,0.0,0.0,attenuated,A_own0,1395
reassure-placebo,B_p_truth,0.0,0.0,0.0,attenuated,A_own0,1395
reassure-placebo,B_pC_true,0.0,0.0,0.0,attenuated,A_own0,1395
reassure-placebo,B_pW_true,0.0,0.0,0.0,attenuated,A_own0,1395
reassure-placebo,B_pC_high,0.0,0.0,0.0,attenuated,A_own0,1395
reassure-placebo,B_pW_low,0.0,0.0,0.0,attenuated,A_own0,1395
reassure-placebo,A_ASK_late,0.0,0.0,0.0,attenuated,A_own0,1395
reassure-base,P_concede_A_late,0.3255,0.3048659106665375,0.3461340893334625,costly,all,2000
reassure-base,nonc_A,-0.08725,-0.09250825204390951,-0.08199174795609047,costly,all,2000
reassure-base,evidence_count_late,-0.032,-0.04816518968273306,-0.015834810317266943,costly,all,2000
reassure-base,evidence_count,-0.032,-0.04816518968273306,-0.015834810317266943,costly,all,2000
reassure-base,A_p_truth,-0.015275539205404753,-0.01881059195105482,-0.011740486459754689,costly,all,2000
reassure-base,A_dbelief,-0.016809459336672647,-0.019885941753174645,-0.013732976920170649,costly,all,2000
reassure-base,restrict_A_late,0.005299999999999999,-9.981419867651116e-06,0.010609981419867649,costly,all,2000
reassure-base,restrict_A,0.0022083333333333334,-4.158924944854415e-06,0.004420825591611522,costly,all,2000
reassure-base,A_hidden_shift,-0.10988683758826326,-0.11903650687813712,-0.1007371682983894,costly,all,2000
reassure-base,B_p_truth,-0.002333357528189865,-0.0048449672623478435,0.00017825220596811306,costly,all,2000
reassure-base,B_pC_true,-0.013114394833394855,-0.016158157676798776,-0.010070631989990935,costly,all,2000
reassure-base,B_pW_true,-0.005606705899160678,-0.008625444395863166,-0.0025879674024581905,costly,all,2000
reassure-base,B_pC_high,-0.013114394833394855,-0.016158157676798776,-0.010070631989990935,costly,all,2000
reassure-base,B_pW_low,0.00969174123979524,0.004063345398574772,0.015320137081015707,costly,all,2000
reassure-base,A_ASK_late,-0.0225,-0.026299951422769467,-0.01870004857723053,costly,all,2000
placebo-base,P_concede_A_late,-0.0215,-0.028296676217372863,-0.014703323782627134,costly,all,2000
placebo-base,nonc_A,0.004375,0.0027423051314569274,0.0060076948685430735,costly,all,2000
placebo-base,evidence_count_late,-0.005,-0.019067456296833898,0.009067456296833896,costly,all,2000
placebo-base,evidence_count,-0.0035,-0.017939096715410507,0.010939096715410507,costly,all,2000
placebo-base,A_p_truth,-0.013342504363343572,-0.01679573655017452,-0.009889272176512625,costly,all,2000
placebo-base,A_dbelief,-0.014483290935861108,-0.01745703136092762,-0.011509550510794598,costly,all,2000
placebo-base,restrict_A_late,0.0027000000000000006,-0.0016602090637422144,0.007060209063742216,costly,all,2000
placebo-base,restrict_A,0.0009583333333333339,-0.000948208196366164,0.0028648748630328317,costly,all,2000
placebo-base,A_hidden_shift,-0.007028864630756145,-0.010841315536349618,-0.0032164137251626734,costly,all,2000
placebo-base,B_p_truth,-0.00326725678935803,-0.005952401638805188,-0.000582111939910872,costly,all,2000
placebo-base,B_pC_true,-0.05015596265884104,-0.054602836645326065,-0.04570908867235602,costly,all,2000
placebo-base,B_pW_true,-0.05167903058226091,-0.05592054196438849,-0.047437519200133324,costly,all,2000
placebo-base,B_pC_high,-0.05015596265884104,-0.054602836645326065,-0.04570908867235602,costly,all,2000
placebo-base,B_pW_low,0.10249050608668096,0.09402619541671145,0.11095481675665048,costly,all,2000
placebo-base,A_ASK_late,-0.0021000000000000003,-0.004973168428827347,0.0007731684288273468,costly,all,2000
remove_c-base,P_concede_A_late,0.4375,0.4157529693596842,0.4592470306403158,costly,all,2000
remove_c-base,nonc_A,-0.4025,-0.4224477467725217,-0.3825522532274783,costly,all,2000
remove_c-base,evidence_count_late,-0.0985,-0.12168845338493262,-0.07531154661506739,costly,all,2000
remove_c-base,evidence_count,-0.0985,-0.12168845338493262,-0.07531154661506739,costly,all,2000
remove_c-base,A_p_truth,-0.0044809748744390815,-0.007573133927144355,-0.0013888158217338076,costly,all,2000
remove_c-base,A_dbelief,-0.004788814590925455,-0.007533741620524157,-0.0020438875613267527,costly,all,2000
remove_c-base,restrict_A_late,0.008199999999999999,-3.554767643083878e-05,0.016435547676430837,costly,all,2000
remove_c-base,restrict_A,0.003416666666666667,-1.481153184618167e-05,0.006848144865179515,costly,all,2000
remove_c-base,A_hidden_shift,-0.1553064894884294,-0.16586442964459416,-0.14474854933226464,costly,all,2000
remove_c-base,B_p_truth,-0.0032638855029753343,-0.005708495939893116,-0.000819275066057553,costly,all,2000
remove_c-base,B_pC_true,-0.40506999342614336,-0.42462272574628085,-0.38551726110600587,costly,all,2000
remove_c-base,B_pW_true,-0.045679294838881564,-0.05003366301279589,-0.04132492666496724,costly,all,2000
remove_c-base,B_pC_high,-0.40506999342614336,-0.42462272574628085,-0.38551726110600587,costly,all,2000
remove_c-base,B_pW_low,0.02512230957459465,0.01882286584610396,0.03142175330308534,costly,all,2000
remove_c-base,A_ASK_late,-0.1031,-0.11110091272382139,-0.0950990872761786,costly,all,2000
remove_gamma-base,P_concede_A_late,0.0,0.0,0.0,costly,all,2000
remove_gamma-base,nonc_A,0.0,0.0,0.0,costly,all,2000
remove_gamma-base,evidence_count_late,0.0,0.0,0.0,costly,all,2000
remove_gamma-base,evidence_count,0.0,0.0,0.0,costly,all,2000
remove_gamma-base,A_p_truth,0.0,0.0,0.0,costly,all,2000
remove_gamma-base,A_dbelief,0.0,0.0,0.0,costly,all,2000
remove_gamma-base,restrict_A_late,0.0,0.0,0.0,costly,all,2000
remove_gamma-base,restrict_A,0.0,0.0,0.0,costly,all,2000
remove_gamma-base,A_hidden_shift,0.0,0.0,0.0,costly,all,2000
remove_gamma-base,B_p_truth,0.0,0.0,0.0,costly,all,2000
remove_gamma-base,B_pC_true,0.0,0.0,0.0,costly,all,2000
remove_gamma-base,B_pW_true,0.0,0.0,0.0,costly,all,2000
remove_gamma-base,B_pC_high,0.0,0.0,0.0,costly,all,2000
remove_gamma-base,B_pW_low,0.0,0.0,0.0,costly,all,2000
remove_gamma-base,A_ASK_late,0.0,0.0,0.0,costly,all,2000
force_open_B-base,P_concede_A_late,0.0005,-0.002751031282870268,0.003751031282870268,costly,all,2000
force_open_B-base,nonc_A,-0.000125,-0.000937757820717567,0.000687757820717567,costly,all,2000
force_open_B-base,evidence_count_late,0.368,0.3418961633865255,0.3941038366134745,costly,all,2000
force_open_B-base,evidence_count,0.368,0.3418961633865255,0.3941038366134745,costly,all,2000
force_open_B-base,A_p_truth,0.007060046940018301,0.004031267287473515,0.010088826592563088,costly,all,2000
force_open_B-base,A_dbelief,0.00546511095946784,0.002704698947901327,0.008225522971034353,costly,all,2000
force_open_B-base,restrict_A_late,-0.0037,-0.006474737795345077,-0.0009252622046549237,costly,all,2000
force_open_B-base,restrict_A,-0.0015416666666666667,-0.0026978074147271155,-0.00038552591860621763,costly,all,2000
force_open_B-base,A_hidden_shift,0.004498540990374484,0.001490513913885288,0.007506568066863681,costly,all,2000
force_open_B-base,B_p_truth,0.00638874137860019,0.0034718891155339627,0.009305593641666417,costly,all,2000
force_open_B-base,B_pC_true,0.00053137381286483,-0.0008375378820633351,0.0019002855077929952,costly,all,2000
force_open_B-base,B_pW_true,-0.00017710269379810306,-0.00153225699124417,0.0011780516036479637,costly,all,2000
force_open_B-base,B_pC_high,0.00053137381286483,-0.0008375378820633351,0.0019002855077929952,costly,all,2000
force_open_B-base,B_pW_low,-0.002026555517663584,-0.005011100176080653,0.0009579891407534846,costly,all,2000
force_open_B-base,A_ASK_late,0.0033,0.0015414993175079054,0.005058500682492095,costly,all,2000
bypass-base,P_concede_A_late,0.009,0.002509770671357661,0.015490229328642337,costly,all,2000
bypass-base,nonc_A,-0.00175,-0.0034461002116514166,-5.389978834858351e-05,costly,all,2000
bypass-base,evidence_count_late,3.399,3.352280260207883,3.445719739792117,costly,all,2000
bypass-base,evidence_count,3.399,3.352280260207883,3.445719739792117,costly,all,2000
bypass-base,A_p_truth,0.048459198453454776,0.04139487240246824,0.05552352450444131,costly,all,2000
bypass-base,A_dbelief,0.03794722524880233,0.0317532476238861,0.04414120287371855,costly,all,2000
bypass-base,restrict_A_late,0.018799999999999997,0.013178046991853015,0.02442195300814698,costly,all,2000
bypass-base,restrict_A,0.007833333333333333,0.00549085291327209,0.010175813753394575,costly,all,2000
bypass-base,A_hidden_shift,0.030552835986337328,0.02387708682104909,0.03722858515162557,costly,all,2000
bypass-base,B_p_truth,0.0557548051083284,0.0481284435861406,0.0633811666305162,costly,all,2000
bypass-base,B_pC_true,0.003785067592727844,-1.2533703118106608e-05,0.007582668888573794,costly,all,2000
bypass-base,B_pW_true,0.0038744333386810407,0.00042459144369139806,0.007324275233670683,costly,all,2000
bypass-base,B_pC_high,0.003785067592727844,-1.2533703118106608e-05,0.007582668888573794,costly,all,2000
bypass-base,B_pW_low,-0.0077226658478436365,-0.014105941258160695,-0.0013393904375265794,costly,all,2000
bypass-base,A_ASK_late,-0.004,-0.007877609718443087,-0.00012239028155691233,costly,all,2000
external_obs-base,P_concede_A_late,0.0145,0.006501566449007982,0.02249843355099202,costly,all,2000
external_obs-base,nonc_A,-0.00225,-0.004208007366284206,-0.0002919926337157943,costly,all,2000
external_obs-base,evidence_count_late,-0.035,-0.05536339740752973,-0.014636602592470276,costly,all,2000
external_obs-base,evidence_count,-0.035,-0.05536339740752973,-0.014636602592470276,costly,all,2000
external_obs-base,A_p_truth,0.08309503275507268,0.07410807494788972,0.09208199056225565,costly,all,2000
external_obs-base,A_dbelief,0.06201168795684845,0.05480071103603307,0.06922266487766383,costly,all,2000
external_obs-base,restrict_A_late,0.0155,0.009903195383885956,0.021096804616114045,costly,all,2000
external_obs-base,restrict_A,0.006458333333333334,0.004126331409952482,0.008790335256714186,costly,all,2000
external_obs-base,A_hidden_shift,0.04855417751424287,0.0406183848290274,0.05648997019945833,costly,all,2000
external_obs-base,B_p_truth,0.09536601751764169,0.0860377396177871,0.10469429541749628,costly,all,2000
external_obs-base,B_pC_true,0.0018917220378043375,-0.002887974236497754,0.006671418312106429,costly,all,2000
external_obs-base,B_pW_true,0.008814478574818265,0.004312992706137278,0.01331596444349925,costly,all,2000
external_obs-base,B_pC_high,0.0018917220378043375,-0.002887974236497754,0.006671418312106429,costly,all,2000
external_obs-base,B_pW_low,-0.03177026170846166,-0.04014696592140956,-0.023393557495513757,costly,all,2000
external_obs-base,A_ASK_late,0.0011,-0.003476556376374387,0.0056765563763743875,costly,all,2000
reassure-placebo,P_concede_A_late,0.347,0.3261324721238995,0.36786752787610044,costly,all,2000
reassure-placebo,nonc_A,-0.091625,-0.09707371848732131,-0.08617628151267868,costly,all,2000
reassure-placebo,evidence_count_late,-0.027,-0.039950443768338534,-0.014049556231661464,costly,all,2000
reassure-placebo,evidence_count,-0.0285,-0.04191810168863179,-0.015081898311368214,costly,all,2000
reassure-placebo,A_p_truth,-0.0019330348420611803,-0.0037393823723328246,-0.00012668731178953592,costly,all,2000
reassure-placebo,A_dbelief,-0.0023261684008115354,-0.003993661224692479,-0.0006586755769305923,costly,all,2000
reassure-placebo,restrict_A_late,0.0026000000000000007,-0.0017204773641725226,0.006920477364172524,costly,all,2000
reassure-placebo,restrict_A,0.0012499999999999996,-0.0006190998919511864,0.003119099891951186,costly,all,2000
reassure-placebo,A_hidden_shift,-0.10285797295750712,-0.11150511212307732,-0.09421083379193693,costly,all,2000
reassure-placebo,B_p_truth,0.0009338992611681642,-0.0007207127493044126,0.002588511271640741,costly,all,2000
reassure-placebo,B_pC_true,0.037041567825446195,0.033224073029191205,0.040859062621701185,costly,all,2000
reassure-placebo,B_pW_true,0.046072324683100234,0.04227384868441076,0.04987080068178971,costly,all,2000
reassure-placebo,B_pC_high,0.037041567825446195,0.033224073029191205,0.040859062621701185,costly,all,2000
reassure-placebo,B_pW_low,-0.09279876484688572,-0.10055620627679493,-0.08504132341697651,costly,all,2000
reassure-placebo,A_ASK_late,-0.020399999999999998,-0.023580541116366274,-0.017219458883633722,costly,all,2000
reassure-base,P_concede_A_late,0.14910394265232976,0.13030005824289606,0.16790782706176346,costly,A_own0,1395
reassure-base,nonc_A,-0.03870967741935484,-0.043509010020973106,-0.033910344817736575,costly,A_own0,1395
reassure-base,evidence_count_late,-0.02724014336917563,-0.04462349191518784,-0.009856794823163414,costly,A_own0,1395
reassure-base,evidence_count,-0.02724014336917563,-0.04462349191518784,-0.009856794823163414,costly,A_own0,1395
reassure-base,A_p_truth,-0.013485711476616091,-0.01792695701636637,-0.009044465936865812,costly,A_own0,1395
reassure-base,A_dbelief,-0.018145607191608598,-0.022102928297876998,-0.014188286085340198,costly,A_own0,1395
reassure-base,restrict_A_late,0.005878136200716845,0.00010491389733049711,0.011651358504103194,costly,A_own0,1395
reassure-base,restrict_A,0.002449223416965353,4.371412388770764e-05,0.004854732710042998,costly,A_own0,1395
reassure-base,A_hidden_shift,-0.09625837757727154,-0.10859249566456461,-0.08392425948997848,costly,A_own0,1395
reassure-base,B_p_truth,-0.002549904069759243,-0.005269755216923682,0.00016994707740519612,costly,A_own0,1395
reassure-base,B_pC_true,-0.01344918329737697,-0.016667896640342197,-0.010230469954411745,costly,A_own0,1395
reassure-base,B_pW_true,-0.004356696750730893,-0.007907168322887478,-0.0008062251785743088,costly,A_own0,1395
reassure-base,B_pC_high,-0.01344918329737697,-0.016667896640342197,-0.010230469954411745,costly,A_own0,1395
reassure-base,B_pW_low,0.009041052153759773,0.002291278145080908,0.01579082616243864,costly,A_own0,1395
reassure-base,A_ASK_late,-0.013333333333333334,-0.017491397960966742,-0.009175268705699926,costly,A_own0,1395
placebo-base,P_concede_A_late,-0.005734767025089606,-0.010169209825424382,-0.0013003242247548296,costly,A_own0,1395
placebo-base,nonc_A,0.001075268817204301,8.301911866482616e-05,0.0020675185157437758,costly,A_own0,1395
placebo-base,evidence_count_late,-0.017204301075268817,-0.03416325356410167,-0.0002453485864359582,costly,A_own0,1395
placebo-base,evidence_count,-0.015053763440860216,-0.03207647584503249,0.0019689489633120585,costly,A_own0,1395
placebo-base,A_p_truth,-0.012315001725770176,-0.016660928188816898,-0.007969075262723453,costly,A_own0,1395
placebo-base,A_dbelief,-0.015564752260337907,-0.01931581424074969,-0.01181369027992612,costly,A_own0,1395
placebo-base,restrict_A_late,0.005734767025089605,0.0003506605307004489,0.01111887351947876,costly,A_own0,1395
placebo-base,restrict_A,0.0020908004778972525,-0.00022855258341110017,0.0044101535392056055,costly,A_own0,1395
placebo-base,A_hidden_shift,-0.010999432217149841,-0.01569743306208616,-0.006301431372213525,costly,A_own0,1395
placebo-base,B_p_truth,-0.0018561498995535676,-0.0047086779658614825,0.0009963781667543473,costly,A_own0,1395
placebo-base,B_pC_true,-0.03721350750119396,-0.04180878115882716,-0.03261823384356076,costly,A_own0,1395
placebo-base,B_pW_true,-0.027491313206538182,-0.031981769206183945,-0.02300085720689242,costly,A_own0,1395
placebo-base,B_pC_high,-0.03721350750119396,-0.04180878115882716,-0.03261823384356076,costly,A_own0,1395
placebo-base,B_pW_low,0.06691427675408551,0.056953975970071534,0.07687457753809948,costly,A_own0,1395
placebo-base,A_ASK_late,-0.004157706093189965,-0.007673164545463237,-0.0006422476409166937,costly,A_own0,1395
remove_c-base,P_concede_A_late,0.2745519713261649,0.25112370673831885,0.2979802359140109,costly,A_own0,1395
remove_c-base,nonc_A,-0.21039426523297491,-0.2298189262821683,-0.19096960418378153,costly,A_own0,1395
remove_c-base,evidence_count_late,-0.05806451612903226,-0.08074080462881864,-0.03538822762924589,costly,A_own0,1395
remove_c-base,evidence_count,-0.05806451612903226,-0.08074080462881864,-0.03538822762924589,costly,A_own0,1395
remove_c-base,A_p_truth,-0.005093354062111663,-0.008741772367066714,-0.0014449357571566113,costly,A_own0,1395
remove_c-base,A_dbelief,-0.007251594345258888,-0.01067473324711584,-0.0038284554434019373,costly,A_own0,1395
remove_c-base,restrict_A_late,0.005878136200716847,-0.0018703307829191062,0.0136266031843528,costly,A_own0,1395
remove_c-base,restrict_A,0.0024492234169653524,-0.0007793044928829612,0.005677751326813666,costly,A_own0,1395
remove_c-base,A_hidden_shift,-0.1549763379206699,-0.1695911101148595,-0.1403615657264803,costly,A_own0,1395
remove_c-base,B_p_truth,-0.0013163110495410526,-0.0036911834436530906,0.0010585613445709856,costly,A_own0,1395
remove_c-base,B_pC_true,-0.20401689474662826,-0.22197620851135308,-0.18605758098190345,costly,A_own0,1395
remove_c-base,B_pW_true,-0.018862695058197862,-0.022968735145392577,-0.014756654971003145,costly,A_own0,1395
remove_c-base,B_pC_high,-0.20401689474662826,-0.22197620851135308,-0.18605758098190345,costly,A_own0,1395
remove_c-base,B_pW_low,0.012595638738387952,0.0056476255263641275,0.01954365195041178,costly,A_own0,1395
remove_c-base,A_ASK_late,-0.05290322580645162,-0.06051588029105939,-0.045290571321843845,costly,A_own0,1395
remove_gamma-base,P_concede_A_late,0.0,0.0,0.0,costly,A_own0,1395
remove_gamma-base,nonc_A,0.0,0.0,0.0,costly,A_own0,1395
remove_gamma-base,evidence_count_late,0.0,0.0,0.0,costly,A_own0,1395
remove_gamma-base,evidence_count,0.0,0.0,0.0,costly,A_own0,1395
remove_gamma-base,A_p_truth,0.0,0.0,0.0,costly,A_own0,1395
remove_gamma-base,A_dbelief,0.0,0.0,0.0,costly,A_own0,1395
remove_gamma-base,restrict_A_late,0.0,0.0,0.0,costly,A_own0,1395
remove_gamma-base,restrict_A,0.0,0.0,0.0,costly,A_own0,1395
remove_gamma-base,A_hidden_shift,0.0,0.0,0.0,costly,A_own0,1395
remove_gamma-base,B_p_truth,0.0,0.0,0.0,costly,A_own0,1395
remove_gamma-base,B_pC_true,0.0,0.0,0.0,costly,A_own0,1395
remove_gamma-base,B_pW_true,0.0,0.0,0.0,costly,A_own0,1395
remove_gamma-base,B_pC_high,0.0,0.0,0.0,costly,A_own0,1395
remove_gamma-base,B_pW_low,0.0,0.0,0.0,costly,A_own0,1395
remove_gamma-base,A_ASK_late,0.0,0.0,0.0,costly,A_own0,1395
force_open_B-base,P_concede_A_late,0.0007168458781362007,-0.0024257710704313853,0.0038594628267037867,costly,A_own0,1395
force_open_B-base,nonc_A,-0.00017921146953405018,-0.0009648657066759467,0.0006064427676078463,costly,A_own0,1395
force_open_B-base,evidence_count_late,0.3333333333333333,0.3033854931327747,0.36328117353389194,costly,A_own0,1395
force_open_B-base,evidence_count,0.3333333333333333,0.3033854931327747,0.36328117353389194,costly,A_own0,1395
force_open_B-base,A_p_truth,0.005819726621745311,0.0020690414396431285,0.009570411803847495,costly,A_own0,1395
force_open_B-base,A_dbelief,0.006165160514585904,0.0026856123063386684,0.009644708722833139,costly,A_own0,1395
force_open_B-base,restrict_A_late,-0.0031541218637992827,-0.006476069509007771,0.0001678257814092055,costly,A_own0,1395
force_open_B-base,restrict_A,-0.0013142174432497012,-0.002698362295419905,6.992740892050229e-05,costly,A_own0,1395
force_open_B-base,A_hidden_shift,0.005096420317702448,0.0012366010593556826,0.008956239576049213,costly,A_own0,1395
force_open_B-base,B_p_truth,0.006802375841600025,0.0029611946368323433,0.010643557046367706,costly,A_own0,1395
force_open_B-base,B_pC_true,0.00038127068650298273,-0.0014116877481804115,0.002174229121186377,costly,A_own0,1395
force_open_B-base,B_pW_true,-0.0006145735707927949,-0.0022712732166789845,0.001042126075093395,costly,A_own0,1395
force_open_B-base,B_pC_high,0.00038127068650298273,-0.0014116877481804115,0.002174229121186377,costly,A_own0,1395
force_open_B-base,B_pW_low,-0.002091208556882397,-0.006155254193846332,0.001972837080081538,costly,A_own0,1395
force_open_B-base,A_ASK_late,0.0022939068100358423,0.0001198142505419793,0.004467999369529706,costly,A_own0,1395
bypass-base,P_concede_A_late,0.01003584229390681,0.003772275455441787,0.016299409132371833,costly,A_own0,1395
bypass-base,nonc_A,-0.002150537634408602,-0.0036370378229539767,-0.0006640374458632275,costly,A_own0,1395
bypass-base,evidence_count_late,3.4279569892473116,3.372026587148954,3.4838873913456694,costly,A_own0,1395
bypass-base,evidence_count,3.4279569892473116,3.372026587148954,3.4838873913456694,costly,A_own0,1395
bypass-base,A_p_truth,0.052226035398194,0.043304788508404524,0.06114728228798348,costly,A_own0,1395
bypass-base,A_dbelief,0.04164285599077585,0.0335741028786975,0.0497116091028542,costly,A_own0,1395
bypass-base,restrict_A_late,0.0189247311827957,0.011871814040589117,0.02597764832500228,costly,A_own0,1395
bypass-base,restrict_A,0.007885304659498209,0.004946589183578799,0.010824020135417618,costly,A_own0,1395
bypass-base,A_hidden_shift,0.032969742689646725,0.024254030868677442,0.041685454510616005,costly,A_own0,1395
bypass-base,B_p_truth,0.06756047519886801,0.05800049412312462,0.07712045627461141,costly,A_own0,1395
bypass-base,B_pC_true,0.008001326517445884,0.0034721763864039752,0.012530476648487793,costly,A_own0,1395
bypass-base,B_pW_true,0.004723878638428384,0.0007547160198201983,0.00869304125703657,costly,A_own0,1395
bypass-base,B_pC_high,0.008001326517445884,0.0034721763864039752,0.012530476648487793,costly,A_own0,1395
bypass-base,B_pW_low,-0.010409424082022788,-0.018441009936510912,-0.002377838227534663,costly,A_own0,1395
bypass-base,A_ASK_late,-0.0027240143369175627,-0.007582659138271456,0.0021346304644363307,costly,A_own0,1395
external_obs-base,P_concede_A_late,0.02078853046594982,0.012309012470150439,0.0292680484617492,costly,A_own0,1395
external_obs-base,nonc_A,-0.0035842293906810036,-0.005434015059285438,-0.0017344437220765696,costly,A_own0,1395
external_obs-base,evidence_count_late,-0.03799283154121864,-0.06333070487753414,-0.012654958204903127,costly,A_own0,1395
external_obs-base,evidence_count,-0.03799283154121864,-0.06333070487753414,-0.012654958204903127,costly,A_own0,1395
external_obs-base,A_p_truth,0.09214787496669856,0.08111467964524685,0.10318107028815027,costly,A_own0,1395
external_obs-base,A_dbelief,0.0678398882743736,0.05850345686356743,0.07717631968517977,costly,A_own0,1395
external_obs-base,restrict_A_late,0.019784946236559135,0.012783537937145586,0.02678635453597268,costly,A_own0,1395
external_obs-base,restrict_A,0.008243727598566309,0.005326474140477331,0.011160981056655287,costly,A_own0,1395
external_obs-base,A_hidden_shift,0.05120888883148499,0.04091752804505512,0.061500249617914865,costly,A_own0,1395
external_obs-base,B_p_truth,0.11301589404565422,0.1014317507815168,0.12460003730979165,costly,A_own0,1395
external_obs-base,B_pC_true,0.0103702259290274,0.0049077752324729685,0.015832676625581833,costly,A_own0,1395
external_obs-base,B_pW_true,0.014696024953605924,0.009330141845320043,0.020061908061891804,costly,A_own0,1395
external_obs-base,B_pC_high,0.0103702259290274,0.0049077752324729685,0.015832676625581833,costly,A_own0,1395
external_obs-base,B_pW_low,-0.04821869849479266,-0.058699528907590795,-0.03773786808199453,costly,A_own0,1395
external_obs-base,A_ASK_late,0.0064516129032258064,0.0005715683063604376,0.012331657500091176,costly,A_own0,1395
reassure-placebo,P_concede_A_late,0.15483870967741936,0.1358483034466771,0.17382911590816164,costly,A_own0,1395
reassure-placebo,nonc_A,-0.03978494623655914,-0.0446875656799196,-0.034882326793198686,costly,A_own0,1395
reassure-placebo,evidence_count_late,-0.01003584229390681,-0.021614091758315513,0.001542407170501893,costly,A_own0,1395
reassure-placebo,evidence_count,-0.012186379928315413,-0.024012226015297063,-0.00036053384133376276,costly,A_own0,1395
reassure-placebo,A_p_truth,-0.001170709750845911,-0.0032149963551349747,0.0008735768534431528,costly,A_own0,1395
reassure-placebo,A_dbelief,-0.002580854931270694,-0.004454580589001222,-0.0007071292735401659,costly,A_own0,1395
reassure-placebo,restrict_A_late,0.0001433691756272402,-0.003680056032146703,0.003966794383401183,costly,A_own0,1395
reassure-placebo,restrict_A,0.00035842293906810014,-0.0012644247467900741,0.001981270624926274,costly,A_own0,1395
reassure-placebo,A_hidden_shift,-0.0852589453601217,-0.0969243692616912,-0.07359352145855219,costly,A_own0,1395
reassure-placebo,B_p_truth,-0.0006937541702056748,-0.002000342042114335,0.0006128337017029851,costly,A_own0,1395
reassure-placebo,B_pC_true,0.02376432420381699,0.019980578332161398,0.027548070075472584,costly,A_own0,1395
reassure-placebo,B_pW_true,0.023134616455807288,0.01922833095763227,0.027040901953982305,costly,A_own0,1395
reassure-placebo,B_pC_high,0.02376432420381699,0.019980578332161398,0.027548070075472584,costly,A_own0,1395
reassure-placebo,B_pW_low,-0.05787322460032574,-0.06669636933689939,-0.049050079863752094,costly,A_own0,1395
reassure-placebo,A_ASK_late,-0.00917562724014337,-0.012164650976209187,-0.006186603504077551,costly,A_own0,1395
reassure-base,P_concede_A_late,-0.018,-0.025924358556329,-0.010075641443671,access,all,2000
reassure-base,nonc_A,0.03225,0.026416110638472712,0.03808388936152729,access,all,2000
reassure-base,evidence_count_late,0.0035,-0.007458399219627309,0.014458399219627308,access,all,2000
reassure-base,evidence_count,0.0035,-0.007458399219627309,0.014458399219627308,access,all,2000
reassure-base,A_p_truth,-0.008878267298984404,-0.012311019509178216,-0.005445515088790591,access,all,2000
reassure-base,A_dbelief,-0.0118754418980182,-0.014950676369110405,-0.008800207426925995,access,all,2000
reassure-base,restrict_A_late,-0.004,-0.008406526062100166,0.0004065260621001652,access,all,2000
reassure-base,restrict_A,-0.0016666666666666666,-0.003502719192541735,0.0001693858592084019,access,all,2000
reassure-base,A_hidden_shift,0.005266429226936712,0.001916880285041232,0.008615978168832191,access,all,2000
reassure-base,B_p_truth,0.0019032316301543385,-0.0006985104606200827,0.00450497372092876,access,all,2000
reassure-base,B_pC_true,0.004167643205691596,-0.0028888903310693766,0.011224176742452569,access,all,2000
reassure-base,B_pW_true,-0.008416290702579612,-0.012664788957046081,-0.004167792448113144,access,all,2000
reassure-base,B_pC_high,0.0025450175593734236,0.0002979848085906552,0.0047920503101561915,access,all,2000
reassure-base,B_pW_low,0.020318987801196557,0.014036682645487164,0.02660129295690595,access,all,2000
reassure-base,A_ASK_late,0.00040000000000000013,-0.002110591206489629,0.0029105912064896293,access,all,2000
placebo-base,P_concede_A_late,-0.018,-0.025924358556329,-0.010075641443671,access,all,2000
placebo-base,nonc_A,0.03225,0.026416110638472712,0.03808388936152729,access,all,2000
placebo-base,evidence_count_late,0.0035,-0.007458399219627309,0.014458399219627308,access,all,2000
placebo-base,evidence_count,0.0035,-0.007458399219627309,0.014458399219627308,access,all,2000
placebo-base,A_p_truth,-0.008878267298984404,-0.012311019509178216,-0.005445515088790591,access,all,2000
placebo-base,A_dbelief,-0.0118754418980182,-0.014950676369110405,-0.008800207426925995,access,all,2000
placebo-base,restrict_A_late,-0.004,-0.008406526062100166,0.0004065260621001652,access,all,2000
placebo-base,restrict_A,-0.0016666666666666666,-0.003502719192541735,0.0001693858592084019,access,all,2000
placebo-base,A_hidden_shift,0.005266429226936712,0.001916880285041232,0.008615978168832191,access,all,2000
placebo-base,B_p_truth,0.0019032316301543385,-0.0006985104606200827,0.00450497372092876,access,all,2000
placebo-base,B_pC_true,0.004167643205691596,-0.0028888903310693766,0.011224176742452569,access,all,2000
placebo-base,B_pW_true,-0.008416290702579612,-0.012664788957046081,-0.004167792448113144,access,all,2000
placebo-base,B_pC_high,0.0025450175593734236,0.0002979848085906552,0.0047920503101561915,access,all,2000
placebo-base,B_pW_low,0.020318987801196557,0.014036682645487164,0.02660129295690595,access,all,2000
placebo-base,A_ASK_late,0.00040000000000000013,-0.002110591206489629,0.0029105912064896293,access,all,2000
remove_c-base,P_concede_A_late,0.0,0.0,0.0,access,all,2000
remove_c-base,nonc_A,0.0,0.0,0.0,access,all,2000
remove_c-base,evidence_count_late,0.0,0.0,0.0,access,all,2000
remove_c-base,evidence_count,0.0,0.0,0.0,access,all,2000
remove_c-base,A_p_truth,0.0,0.0,0.0,access,all,2000
remove_c-base,A_dbelief,0.0,0.0,0.0,access,all,2000
remove_c-base,restrict_A_late,0.0,0.0,0.0,access,all,2000
remove_c-base,restrict_A,0.0,0.0,0.0,access,all,2000
remove_c-base,A_hidden_shift,0.0,0.0,0.0,access,all,2000
remove_c-base,B_p_truth,0.0,0.0,0.0,access,all,2000
remove_c-base,B_pC_true,0.0,0.0,0.0,access,all,2000
remove_c-base,B_pW_true,0.0,0.0,0.0,access,all,2000
remove_c-base,B_pC_high,0.0,0.0,0.0,access,all,2000
remove_c-base,B_pW_low,0.0,0.0,0.0,access,all,2000
remove_c-base,A_ASK_late,0.0,0.0,0.0,access,all,2000
remove_gamma-base,P_concede_A_late,-0.0005,-0.006621589395603415,0.005621589395603414,access,all,2000
remove_gamma-base,nonc_A,0.001625,-0.0025259900321035833,0.005775990032103583,access,all,2000
remove_gamma-base,evidence_count_late,0.2175,0.19566037913516446,0.23933962086483554,access,all,2000
remove_gamma-base,evidence_count,0.2175,0.19566037913516446,0.23933962086483554,access,all,2000
remove_gamma-base,A_p_truth,0.006788810904223196,0.003568909579406763,0.010008712229039629,access,all,2000
remove_gamma-base,A_dbelief,0.005730232883942045,0.0029900750345413433,0.008470390733342745,access,all,2000
remove_gamma-base,restrict_A_late,-0.2179,-0.2270051620776475,-0.2087948379223525,access,all,2000
remove_gamma-base,restrict_A,-0.09079166666666666,-0.09458548419901978,-0.08699784913431353,access,all,2000
remove_gamma-base,A_hidden_shift,0.0012677594949256981,-0.001330596879192419,0.003866115869043815,access,all,2000
remove_gamma-base,B_p_truth,0.007890056058718032,0.0048773896713900046,0.010902722446046058,access,all,2000
remove_gamma-base,B_pC_true,0.002123751378627832,-0.0023029849890694493,0.0065504877463251135,access,all,2000
remove_gamma-base,B_pW_true,-0.0006006133315306186,-0.002851293681671022,0.0016500670186097848,access,all,2000
remove_gamma-base,B_pC_high,-0.0010685629930225545,-0.0027886734392592134,0.0006515474532141046,access,all,2000
remove_gamma-base,B_pW_low,0.000660947672266399,-0.0029517157081934155,0.004273611052726213,access,all,2000
remove_gamma-base,A_ASK_late,0.009,0.006615363666044104,0.011384636333955894,access,all,2000
force_open_B-base,P_concede_A_late,0.002,-0.002596920995766693,0.006596920995766693,access,all,2000
force_open_B-base,nonc_A,-0.001625,-0.005184007748738092,0.0019340077487380928,access,all,2000
force_open_B-base,evidence_count_late,0.096,0.0742224924034324,0.1177775075965676,access,all,2000
force_open_B-base,evidence_count,0.096,0.0742224924034324,0.1177775075965676,access,all,2000
force_open_B-base,A_p_truth,-0.00028885141203960666,-0.00334581076993504,0.002768107945855827,access,all,2000
force_open_B-base,A_dbelief,0.0016010761865555623,-0.001076773726815656,0.004278926099926781,access,all,2000
force_open_B-base,restrict_A_late,0.0866,0.08047202699266802,0.09272797300733197,access,all,2000
force_open_B-base,restrict_A,0.03608333333333333,0.033530011246945005,0.03863665541972165,access,all,2000
force_open_B-base,A_hidden_shift,0.000754767748234491,-0.0016059505418585154,0.003115486038327497,access,all,2000
force_open_B-base,B_p_truth,0.00018187288900639736,-0.0026865631073265607,0.003050308885339355,access,all,2000
force_open_B-base,B_pC_true,0.0019487756296785595,-0.001554867074948436,0.005452418334305555,access,all,2000
force_open_B-base,B_pW_true,-0.0009061983068167065,-0.002722289169782098,0.000909892556148685,access,all,2000
force_open_B-base,B_pC_high,-0.0007863947716302746,-0.0021972680818704527,0.0006244785386099038,access,all,2000
force_open_B-base,B_pW_low,0.00016618852126350786,-0.002664551090099487,0.002996928132626503,access,all,2000
force_open_B-base,A_ASK_late,-0.0022,-0.003637428408030851,-0.0007625715919691489,access,all,2000
bypass-base,P_concede_A_late,0.0305,0.01829055648051363,0.04270944351948637,access,all,2000
bypass-base,nonc_A,-0.034125,-0.044515527172138934,-0.02373447282786107,access,all,2000
bypass-base,evidence_count_late,3.7725,3.7305037616325163,3.8144962383674836,access,all,2000
bypass-base,evidence_count,3.7725,3.7305037616325163,3.8144962383674836,access,all,2000
bypass-base,A_p_truth,0.07677470570775714,0.06814712501682679,0.0854022863986875,access,all,2000
bypass-base,A_dbelief,0.06015839855569213,0.05277010716506602,0.06754668994631824,access,all,2000
bypass-base,restrict_A_late,-0.1979,-0.2068943125418817,-0.18890568745811828,access,all,2000
bypass-base,restrict_A,-0.08245833333333334,-0.08620596355911739,-0.0787107031075493,access,all,2000
bypass-base,A_hidden_shift,0.0036366958818172465,-0.0015033549902192713,0.008776746753853764,access,all,2000
bypass-base,B_p_truth,0.07488805084400289,0.06644009470843606,0.08333600697956972,access,all,2000
bypass-base,B_pC_true,0.0388463812280517,0.029390906028939075,0.04830185642716433,access,all,2000
bypass-base,B_pW_true,-0.0034558346532167915,-0.009289464830461147,0.0023777955240275634,access,all,2000
bypass-base,B_pC_high,-0.011515603874535315,-0.014995981988213135,-0.008035225760857495,access,all,2000
bypass-base,B_pW_low,-0.011580837027948624,-0.020100707660275996,-0.003060966395621253,access,all,2000
bypass-base,A_ASK_late,-0.0017,-0.004878507250608544,0.0014785072506085441,access,all,2000
external_obs-base,P_concede_A_late,0.0145,-0.0005772880222888032,0.029577288022288803,access,all,2000
external_obs-base,nonc_A,-0.073,-0.08686161530953354,-0.05913838469046645,access,all,2000
external_obs-base,evidence_count_late,-0.035,-0.05337926872210588,-0.01662073127789412,access,all,2000
external_obs-base,evidence_count,-0.035,-0.05337926872210588,-0.01662073127789412,access,all,2000
external_obs-base,A_p_truth,0.1159238971905411,0.10568754147264604,0.12616025290843616,access,all,2000
external_obs-base,A_dbelief,0.09139161317812382,0.08337183938563267,0.09941138697061497,access,all,2000
external_obs-base,restrict_A_late,0.0128,0.005841480428617546,0.019758519571382454,access,all,2000
external_obs-base,restrict_A,0.005333333333333333,0.0024339501785906447,0.008232716488076022,access,all,2000
external_obs-base,A_hidden_shift,0.008253711969986244,0.002359090582427453,0.014148333357545036,access,all,2000
external_obs-base,B_p_truth,0.1143188235560696,0.10420829514686569,0.1244293519652735,access,all,2000
external_obs-base,B_pC_true,0.07109755538341651,0.060055591727994864,0.08213951903883816,access,all,2000
external_obs-base,B_pW_true,0.011755286920691369,0.0036525101778301077,0.01985806366355263,access,all,2000
external_obs-base,B_pC_high,-0.01676581777810916,-0.020548247733595267,-0.01298338782262305,access,all,2000
external_obs-base,B_pW_low,-0.05000089810561609,-0.06138156412359063,-0.038620232087641544,access,all,2000
external_obs-base,A_ASK_late,-0.012700000000000003,-0.015903080397057654,-0.009496919602942352,access,all,2000
reassure-placebo,P_concede_A_late,0.0,0.0,0.0,access,all,2000
reassure-placebo,nonc_A,0.0,0.0,0.0,access,all,2000
reassure-placebo,evidence_count_late,0.0,0.0,0.0,access,all,2000
reassure-placebo,evidence_count,0.0,0.0,0.0,access,all,2000
reassure-placebo,A_p_truth,0.0,0.0,0.0,access,all,2000
reassure-placebo,A_dbelief,0.0,0.0,0.0,access,all,2000
reassure-placebo,restrict_A_late,0.0,0.0,0.0,access,all,2000
reassure-placebo,restrict_A,0.0,0.0,0.0,access,all,2000
reassure-placebo,A_hidden_shift,0.0,0.0,0.0,access,all,2000
reassure-placebo,B_p_truth,0.0,0.0,0.0,access,all,2000
reassure-placebo,B_pC_true,0.0,0.0,0.0,access,all,2000
reassure-placebo,B_pW_true,0.0,0.0,0.0,access,all,2000
reassure-placebo,B_pC_high,0.0,0.0,0.0,access,all,2000
reassure-placebo,B_pW_low,0.0,0.0,0.0,access,all,2000
reassure-placebo,A_ASK_late,0.0,0.0,0.0,access,all,2000
reassure-base,P_concede_A_late,-0.024372759856630826,-0.034621637937074984,-0.014123881776186672,access,A_own0,1395
reassure-base,nonc_A,0.03906810035842294,0.03164795849122374,0.04648824222562214,access,A_own0,1395
reassure-base,evidence_count_late,0.005734767025089606,-0.008595637094349044,0.020065171144528257,access,A_own0,1395
reassure-base,evidence_count,0.005734767025089606,-0.008595637094349044,0.020065171144528257,access,A_own0,1395
reassure-base,A_p_truth,-0.008967474879399187,-0.013109658277640003,-0.004825291481158371,access,A_own0,1395
reassure-base,A_dbelief,-0.01674254095469394,-0.020424564083245587,-0.013060517826142292,access,A_own0,1395
reassure-base,restrict_A_late,-0.0044444444444444444,-0.010068717517537061,0.0011798286286481725,access,A_own0,1395
reassure-base,restrict_A,-0.0018518518518518517,-0.004195298965640442,0.0004915952619367386,access,A_own0,1395
reassure-base,A_hidden_shift,0.0062561175990185494,0.002271528030466521,0.010240707167570577,access,A_own0,1395
reassure-base,B_p_truth,0.0014551628811511276,-0.001431788086851462,0.004342113849153718,access,A_own0,1395
reassure-base,B_pC_true,0.005179453590680376,-0.0035572085045901926,0.013916115685950945,access,A_own0,1395
reassure-base,B_pW_true,-0.01019114188639851,-0.015632232061984254,-0.0047500517108127645,access,A_own0,1395
reassure-base,B_pC_high,0.003882425877232513,0.0007067940656892064,0.007058057688775819,access,A_own0,1395
reassure-base,B_pW_low,0.02488739460958818,0.016534871332810248,0.03323991788636611,access,A_own0,1395
reassure-base,A_ASK_late,0.00014336917562724028,-0.003146864353263187,0.0034336027045176673,access,A_own0,1395
placebo-base,P_concede_A_late,-0.024372759856630826,-0.034621637937074984,-0.014123881776186672,access,A_own0,1395
placebo-base,nonc_A,0.03906810035842294,0.03164795849122374,0.04648824222562214,access,A_own0,1395
placebo-base,evidence_count_late,0.005734767025089606,-0.008595637094349044,0.020065171144528257,access,A_own0,1395
placebo-base,evidence_count,0.005734767025089606,-0.008595637094349044,0.020065171144528257,access,A_own0,1395
placebo-base,A_p_truth,-0.008967474879399187,-0.013109658277640003,-0.004825291481158371,access,A_own0,1395
placebo-base,A_dbelief,-0.01674254095469394,-0.020424564083245587,-0.013060517826142292,access,A_own0,1395
placebo-base,restrict_A_late,-0.0044444444444444444,-0.010068717517537061,0.0011798286286481725,access,A_own0,1395
placebo-base,restrict_A,-0.0018518518518518517,-0.004195298965640442,0.0004915952619367386,access,A_own0,1395
placebo-base,A_hidden_shift,0.0062561175990185494,0.002271528030466521,0.010240707167570577,access,A_own0,1395
placebo-base,B_p_truth,0.0014551628811511276,-0.001431788086851462,0.004342113849153718,access,A_own0,1395
placebo-base,B_pC_true,0.005179453590680376,-0.0035572085045901926,0.013916115685950945,access,A_own0,1395
placebo-base,B_pW_true,-0.01019114188639851,-0.015632232061984254,-0.0047500517108127645,access,A_own0,1395
placebo-base,B_pC_high,0.003882425877232513,0.0007067940656892064,0.007058057688775819,access,A_own0,1395
placebo-base,B_pW_low,0.02488739460958818,0.016534871332810248,0.03323991788636611,access,A_own0,1395
placebo-base,A_ASK_late,0.00014336917562724028,-0.003146864353263187,0.0034336027045176673,access,A_own0,1395
remove_c-base,P_concede_A_late,0.0,0.0,0.0,access,A_own0,1395
remove_c-base,nonc_A,0.0,0.0,0.0,access,A_own0,1395
remove_c-base,evidence_count_late,0.0,0.0,0.0,access,A_own0,1395
remove_c-base,evidence_count,0.0,0.0,0.0,access,A_own0,1395
remove_c-base,A_p_truth,0.0,0.0,0.0,access,A_own0,1395
remove_c-base,A_dbelief,0.0,0.0,0.0,access,A_own0,1395
remove_c-base,restrict_A_late,0.0,0.0,0.0,access,A_own0,1395
remove_c-base,restrict_A,0.0,0.0,0.0,access,A_own0,1395
remove_c-base,A_hidden_shift,0.0,0.0,0.0,access,A_own0,1395
remove_c-base,B_p_truth,0.0,0.0,0.0,access,A_own0,1395
remove_c-base,B_pC_true,0.0,0.0,0.0,access,A_own0,1395
remove_c-base,B_pW_true,0.0,0.0,0.0,access,A_own0,1395
remove_c-base,B_pC_high,0.0,0.0,0.0,access,A_own0,1395
remove_c-base,B_pW_low,0.0,0.0,0.0,access,A_own0,1395
remove_c-base,A_ASK_late,0.0,0.0,0.0,access,A_own0,1395
remove_gamma-base,P_concede_A_late,-0.0007168458781362007,-0.009031939728209409,0.007598247971937006,access,A_own0,1395
remove_gamma-base,nonc_A,0.00035842293906810036,-0.0046602583977535025,0.005377104275889702,access,A_own0,1395
remove_gamma-base,evidence_count_late,0.1992831541218638,0.17357327209872203,0.22499303614500554,access,A_own0,1395
remove_gamma-base,evidence_count,0.1992831541218638,0.17357327209872203,0.22499303614500554,access,A_own0,1395
remove_gamma-base,A_p_truth,0.007879610659639335,0.004116111097794094,0.011643110221484575,access,A_own0,1395
remove_gamma-base,A_dbelief,0.004938905175334956,0.0015912233383370378,0.008286587012332874,access,A_own0,1395
remove_gamma-base,restrict_A_late,-0.18738351254480284,-0.19786553458727724,-0.17690149050232845,access,A_own0,1395
remove_gamma-base,restrict_A,-0.07807646356033453,-0.08244397274469886,-0.07370895437597019,access,A_own0,1395
remove_gamma-base,A_hidden_shift,0.0009617956584094153,-0.0020200190260727976,0.0039436103428916285,access,A_own0,1395
remove_gamma-base,B_p_truth,0.008695798734784417,0.005021315725027939,0.012370281744540895,access,A_own0,1395
remove_gamma-base,B_pC_true,0.00519735026580986,-0.00014421313971611175,0.010538913671335831,access,A_own0,1395
remove_gamma-base,B_pW_true,-0.002074592714278114,-0.004821275082197367,0.0006720896536411385,access,A_own0,1395
remove_gamma-base,B_pC_high,-0.0015206773779226155,-0.003986448555458747,0.000945093799613516,access,A_own0,1395
remove_gamma-base,B_pW_low,0.0008827746083457153,-0.00386748015750016,0.00563302937419159,access,A_own0,1395
remove_gamma-base,A_ASK_late,0.011039426523297492,0.00810798084172067,0.013970872204874314,access,A_own0,1395
force_open_B-base,P_concede_A_late,0.0035842293906810036,-0.0025394080151899907,0.009707866796551997,access,A_own0,1395
force_open_B-base,nonc_A,-0.0023297491039426525,-0.006645851866836028,0.001986353658950723,access,A_own0,1395
force_open_B-base,evidence_count_late,0.12688172043010754,0.10049150272581692,0.15327193813439816,access,A_own0,1395
force_open_B-base,evidence_count,0.12688172043010754,0.10049150272581692,0.15327193813439816,access,A_own0,1395
force_open_B-base,A_p_truth,-0.0004173570719206326,-0.004225083560129218,0.003390369416287953,access,A_own0,1395
force_open_B-base,A_dbelief,0.0018065518617704733,-0.001556597462477914,0.0051697011860188605,access,A_own0,1395
force_open_B-base,restrict_A_late,0.06709677419354838,0.06042687476679869,0.07376667362029808,access,A_own0,1395
force_open_B-base,restrict_A,0.02795698924731183,0.025177864486166126,0.03073611400845753,access,A_own0,1395
force_open_B-base,A_hidden_shift,0.001129892440146189,-0.0015820014378657848,0.003841786318158163,access,A_own0,1395
force_open_B-base,B_p_truth,0.00046612854184845354,-0.003380085412586295,0.004312342496283202,access,A_own0,1395
force_open_B-base,B_pC_true,0.0013899191488549035,-0.0027852988639844047,0.005565137161694211,access,A_own0,1395
force_open_B-base,B_pW_true,-0.000616014864751042,-0.002469650512201858,0.0012376207826997744,access,A_own0,1395
force_open_B-base,B_pC_high,-0.0011512033986066956,-0.003173304732418665,0.0008708979352052739,access,A_own0,1395
force_open_B-base,B_pW_low,-0.0011918388780524317,-0.004655779427565185,0.0022721016714603217,access,A_own0,1395
force_open_B-base,A_ASK_late,-0.0025806451612903226,-0.00435333617146441,-0.0008079541511162352,access,A_own0,1395
bypass-base,P_concede_A_late,0.04086021505376344,0.02504132072612179,0.05667910938140509,access,A_own0,1395
bypass-base,nonc_A,-0.048566308243727596,-0.061207969383601665,-0.03592464710385353,access,A_own0,1395
bypass-base,evidence_count_late,3.7261648745519715,3.6754219372665893,3.776907811837354,access,A_own0,1395
bypass-base,evidence_count,3.7261648745519715,3.6754219372665893,3.776907811837354,access,A_own0,1395
bypass-base,A_p_truth,0.0786012096993874,0.06782246912725622,0.08937995027151859,access,A_own0,1395
bypass-base,A_dbelief,0.061113136495357434,0.05165167439495126,0.07057459859576361,access,A_own0,1395
bypass-base,restrict_A_late,-0.16745519713261647,-0.17767619811165844,-0.1572341961535745,access,A_own0,1395
bypass-base,restrict_A,-0.06977299880525686,-0.07403174921319101,-0.06551424839732271,access,A_own0,1395
bypass-base,A_hidden_shift,0.0006299344566529723,-0.004569461738416077,0.005829330651722021,access,A_own0,1395
bypass-base,B_p_truth,0.08915225954397754,0.07850667649964015,0.09979784258831494,access,A_own0,1395
bypass-base,B_pC_true,0.05329895516479499,0.041963878642289794,0.0646340316873002,access,A_own0,1395
bypass-base,B_pW_true,-0.0025115257616870027,-0.00988759438125457,0.004864542857880566,access,A_own0,1395
bypass-base,B_pC_high,-0.01587614024831445,-0.020774601717692083,-0.010977678778936817,access,A_own0,1395
bypass-base,B_pW_low,-0.014069412651279345,-0.02487908759939899,-0.003259737703159701,access,A_own0,1395
bypass-base,A_ASK_late,-0.002437275985663082,-0.006360598961917081,0.0014860469905909174,access,A_own0,1395
external_obs-base,P_concede_A_late,0.03942652329749104,0.020630774141595625,0.058222272453386445,access,A_own0,1395
external_obs-base,nonc_A,-0.10161290322580645,-0.11807364990486854,-0.08515215654674435,access,A_own0,1395
external_obs-base,evidence_count_late,-0.043010752688172046,-0.0660809854672514,-0.01994051990909269,access,A_own0,1395
external_obs-base,evidence_count,-0.043010752688172046,-0.0660809854672514,-0.01994051990909269,access,A_own0,1395
external_obs-base,A_p_truth,0.1199441763127664,0.10753345872236147,0.13235489390317132,access,A_own0,1395
external_obs-base,A_dbelief,0.09284647672125158,0.08263260715365667,0.1030603462888465,access,A_own0,1395
external_obs-base,restrict_A_late,0.014336917562724014,0.0058811810435938465,0.022792654081854182,access,A_own0,1395
external_obs-base,restrict_A,0.005973715651135005,0.002450492101497436,0.009496939200772575,access,A_own0,1395
external_obs-base,A_hidden_shift,-0.0012840774598322298,-0.006642534727284263,0.004074379807619804,access,A_own0,1395
external_obs-base,B_p_truth,0.13417496292881284,0.12172501436946036,0.14662491148816534,access,A_own0,1395
external_obs-base,B_pC_true,0.0843684135356667,0.0710359554843593,0.09770087158697409,access,A_own0,1395
external_obs-base,B_pW_true,0.022870602416339803,0.012319677625007288,0.033421527207672316,access,A_own0,1395
external_obs-base,B_pC_high,-0.022738563411769087,-0.02802567260600625,-0.017451454217531925,access,A_own0,1395
external_obs-base,B_pW_low,-0.07579256178613819,-0.09012943197043512,-0.061455691601841264,access,A_own0,1395
external_obs-base,A_ASK_late,-0.014623655913978493,-0.01862425521023074,-0.010623056617726247,access,A_own0,1395
reassure-placebo,P_concede_A_late,0.0,0.0,0.0,access,A_own0,1395
reassure-placebo,nonc_A,0.0,0.0,0.0,access,A_own0,1395
reassure-placebo,evidence_count_late,0.0,0.0,0.0,access,A_own0,1395
reassure-placebo,evidence_count,0.0,0.0,0.0,access,A_own0,1395
reassure-placebo,A_p_truth,0.0,0.0,0.0,access,A_own0,1395
reassure-placebo,A_dbelief,0.0,0.0,0.0,access,A_own0,1395
reassure-placebo,restrict_A_late,0.0,0.0,0.0,access,A_own0,1395
reassure-placebo,restrict_A,0.0,0.0,0.0,access,A_own0,1395
reassure-placebo,A_hidden_shift,0.0,0.0,0.0,access,A_own0,1395
reassure-placebo,B_p_truth,0.0,0.0,0.0,access,A_own0,1395
reassure-placebo,B_pC_true,0.0,0.0,0.0,access,A_own0,1395
reassure-placebo,B_pW_true,0.0,0.0,0.0,access,A_own0,1395
reassure-placebo,B_pC_high,0.0,0.0,0.0,access,A_own0,1395
reassure-placebo,B_pW_low,0.0,0.0,0.0,access,A_own0,1395
reassure-placebo,A_ASK_late,0.0,0.0,0.0,access,A_own0,1395
