split,pair,channel,n_80,power_at_400,cohen_d_full
A_own0,attenuated vs access,A_dbelief,25.0,1.0,-0.9048572011806902
A_own0,attenuated vs access,A_hidden_shift,200.0,1.0,-0.2857135362151175
A_own0,attenuated vs access,A_p_truth,140.0,1.0,-0.39552886622966793
A_own0,attenuated vs access,B_pC_high,50.0,1.0,0.6458635082111286
A_own0,attenuated vs access,B_pC_true,50.0,1.0,-0.5811276525837281
A_own0,attenuated vs access,B_pW_low,70.0,1.0,0.5192012885706075
A_own0,attenuated vs access,B_pW_true,12.0,1.0,1.3365186371208502
A_own0,attenuated vs access,concede_after_reassure,50.0,1.0,-0.6051403228512329
A_own0,attenuated vs access,concede_after_remove_c,50.0,1.0,-0.6126406883440407
A_own0,attenuated vs access,evidence_after_force_open_B,100.0,1.0,0.42278830919432375
A_own0,attenuated vs access,evidence_count,140.0,1.0,0.36275214593667526
A_own0,attenuated vs access,nonc_A,35.0,1.0,0.7049216340992154
A_own0,attenuated vs access,p_truth_after_external_obs,35.0,1.0,-0.7981236518004569
A_own0,attenuated vs access,restrict_A,12.0,1.0,-1.197820656892292
A_own0,attenuated vs costly,A_dbelief,17.0,1.0,-0.9492125858257883
A_own0,attenuated vs costly,A_hidden_shift,17.0,1.0,-0.9650398734451181
A_own0,attenuated vs costly,A_p_truth,70.0,1.0,-0.5429876828971951
A_own0,attenuated vs costly,B_pC_high,25.0,1.0,-0.814353747812564
A_own0,attenuated vs costly,B_pC_true,50.0,1.0,-0.672850906876481
A_own0,attenuated vs costly,B_pW_low,100.0,1.0,0.4258350810445368
A_own0,attenuated vs costly,B_pW_true,12.0,1.0,1.4534080409859065
A_own0,attenuated vs costly,concede_after_reassure,140.0,1.0,-0.3695485365015856
A_own0,attenuated vs costly,concede_after_remove_c,50.0,1.0,-0.620733364697713
A_own0,attenuated vs costly,evidence_after_force_open_B,,0.24,-0.1084649042031191
A_own0,attenuated vs costly,evidence_count,,0.345,-0.11654309647721924
A_own0,attenuated vs costly,nonc_A,200.0,0.99,-0.2660009293396995
A_own0,attenuated vs costly,p_truth_after_external_obs,35.0,1.0,-0.8547473690953967
A_own0,attenuated vs costly,restrict_A,,0.7075,0.17355689542372477
A_own0,costly vs access,A_dbelief,,0.2975,0.11906504652553493
A_own0,costly vs access,A_hidden_shift,25.0,1.0,0.7944525803961433
A_own0,costly vs access,A_p_truth,,0.605,0.14962760943211292
A_own0,costly vs access,B_pC_high,12.0,1.0,1.1857552114435654
A_own0,costly vs access,B_pC_true,,0.0625,-0.03822261259523408
A_own0,costly vs access,B_pW_low,,0.3525,0.11640609956774038
A_own0,costly vs access,B_pW_true,,0.285,-0.10200118623328701
A_own0,costly vs access,concede_after_reassure,400.0,0.95,-0.2416018764586203
A_own0,costly vs access,concede_after_remove_c,,0.0275,0.007949742790749394
A_own0,costly vs access,evidence_after_force_open_B,70.0,1.0,0.527483813063233
A_own0,costly vs access,evidence_count,100.0,1.0,0.47861010033077145
A_own0,costly vs access,nonc_A,25.0,1.0,0.7765694292993219
A_own0,costly vs access,p_truth_after_external_obs,,0.0775,0.05551320217806349
A_own0,costly vs access,restrict_A,12.0,1.0,-1.353386225785921
all,attenuated vs access,A_dbelief,17.0,1.0,-0.9562139695227375
all,attenuated vs access,A_hidden_shift,140.0,0.9975,-0.3264691969593011
all,attenuated vs access,A_p_truth,100.0,1.0,-0.40455757615829446
all,attenuated vs access,B_pC_high,140.0,0.9975,0.33920911891915706
all,attenuated vs access,B_pC_true,140.0,0.995,-0.3337337508497129
all,attenuated vs access,B_pW_low,100.0,1.0,0.4263773551386288
all,attenuated vs access,B_pW_true,25.0,1.0,0.9262874105188219
all,attenuated vs access,concede_after_reassure,400.0,0.9675,-0.25746920406795487
all,attenuated vs access,concede_after_remove_c,400.0,0.98,-0.2748413789378013
all,attenuated vs access,evidence_after_force_open_B,70.0,1.0,0.4989822962752738
all,attenuated vs access,evidence_count,100.0,1.0,0.4242041821077893
all,attenuated vs access,nonc_A,400.0,0.9825,0.2817441615825669
all,attenuated vs access,p_truth_after_external_obs,25.0,1.0,-0.7933171139359451
all,attenuated vs access,restrict_A,12.0,1.0,-1.4117732010932373
all,attenuated vs costly,A_dbelief,17.0,1.0,-1.0479174174690615
all,attenuated vs costly,A_hidden_shift,17.0,1.0,-1.1264785395870784
all,attenuated vs costly,A_p_truth,50.0,1.0,-0.5959238656519235
all,attenuated vs costly,B_pC_high,8.0,1.0,-1.5388022905563268
all,attenuated vs costly,B_pC_true,140.0,1.0,-0.3382306295059757
all,attenuated vs costly,B_pW_low,140.0,1.0,0.3607694256137094
all,attenuated vs costly,B_pW_true,17.0,1.0,1.0487883206573
all,attenuated vs costly,concede_after_reassure,,0.12,-0.06706711698398783
all,attenuated vs costly,concede_after_remove_c,200.0,0.99,-0.27687990657631717
all,attenuated vs costly,evidence_after_force_open_B,,0.7625,-0.18589947338597812
all,attenuated vs costly,evidence_count,400.0,0.915,-0.22289966296573535
all,attenuated vs costly,nonc_A,25.0,1.0,-0.9076935303443698
all,attenuated vs costly,p_truth_after_external_obs,25.0,1.0,-0.8749389679869922
all,attenuated vs costly,restrict_A,,0.775,0.18297296364340568
all,costly vs access,A_dbelief,,0.54,0.14708362321556173
all,costly vs access,A_hidden_shift,25.0,1.0,0.8502114398237934
all,costly vs access,A_p_truth,,0.7725,0.1879960564258971
all,costly vs access,B_pC_high,8.0,1.0,1.778671585366134
all,costly vs access,B_pC_true,,0.0275,-0.020873875455192464
all,costly vs access,B_pW_low,,0.245,0.08605858245710865
all,costly vs access,B_pW_true,,0.34,-0.12072759333436747
all,costly vs access,concede_after_reassure,,0.7875,-0.18964758450019437
all,costly vs access,concede_after_remove_c,,0.04,0.002001352045118429
all,costly vs access,evidence_after_force_open_B,50.0,1.0,0.6799749181754088
all,costly vs access,evidence_count,35.0,1.0,0.6462954010971231
all,costly vs access,nonc_A,12.0,1.0,1.2017344158474716
all,costly vs access,p_truth_after_external_obs,,0.13,0.06972175125938523
all,costly vs access,restrict_A,8.0,1.0,-1.5853157386836978
