setting,tau,restriction_cost,lam_floor,N,contrast,metric,split,n,delta,mc_lo,mc_hi,mean_a,mean_b,is_default,sign,ci_excludes_zero,sign_default,sign_flip
0,0.1,0.06,0.02,2,access-honest,evidence_count,all,1000,-1.036,-1.1016475901499247,-0.9703524098500752,1.357,2.393,False,-1,True,-1,False
0,0.1,0.06,0.02,2,access-honest,evidence_count,A_own0==1,674,-0.9821958456973294,-1.0614565650749517,-0.9029351263197074,1.459940652818991,2.4421364985163203,False,-1,True,-1,False
0,0.1,0.06,0.02,2,access-honest,A_p_truth,all,1000,-0.0444670943273105,-0.0542203719383512,-0.0347138167162698,0.8054681611737534,0.849935255501064,False,-1,True,-1,False
0,0.1,0.06,0.02,2,access-honest,A_p_truth,A_own0==1,674,-0.0442869789622478,-0.0561857202410998,-0.0323882376833958,0.8014399741320228,0.8457269530942708,False,-1,True,-1,False
0,0.1,0.06,0.02,2,costly-attenuated,A_dbelief,all,1000,0.1790777649286641,0.167818631681249,0.1903368981760791,0.2445548439133596,0.0654770789846955,False,1,True,1,False
0,0.1,0.06,0.02,2,costly-attenuated,A_dbelief,A_own0==1,674,0.1857508036631527,0.1700531592684972,0.2014484480578081,0.2475196912940161,0.0617688876308634,False,1,True,1,False
0,0.1,0.06,0.02,2,access-costly,restrict_A,all,1000,0.3914166666666666,0.3806968491439167,0.4021364841894165,0.7033333333333334,0.3119166666666667,False,1,True,1,False
0,0.1,0.06,0.02,2,access-costly,restrict_A,A_own0==1,674,0.3573194856577645,0.3450391588209246,0.3695998124946045,0.6709940652818991,0.3136745796241345,False,1,True,1,False
1,0.1,0.06,0.02,4,access-honest,evidence_count,all,1000,-0.925,-0.9878547095651116,-0.8621452904348885,1.346,2.271,False,-1,True,-1,False
1,0.1,0.06,0.02,4,access-honest,evidence_count,A_own0==1,606,-0.801980198019802,-0.8781863572673829,-0.7257740387722211,1.4966996699669968,2.298679867986799,False,-1,True,-1,False
1,0.1,0.06,0.02,4,access-honest,A_p_truth,all,1000,-0.0279186543680796,-0.0357885925021555,-0.0200487162340037,0.8924770777924697,0.9203957321605494,False,-1,True,-1,False
1,0.1,0.06,0.02,4,access-honest,A_p_truth,A_own0==1,606,-0.030422921186898,-0.0410596717501579,-0.0197861706236381,0.8791238017792675,0.9095467229661656,False,-1,True,-1,False
1,0.1,0.06,0.02,4,costly-attenuated,A_dbelief,all,1000,0.1253226275157352,0.1145603412088632,0.1360849138226073,0.1781433134383223,0.0528206859225871,False,1,True,1,False
1,0.1,0.06,0.02,4,costly-attenuated,A_dbelief,A_own0==1,606,0.1312202924810352,0.1152255257464003,0.1472150592156701,0.1826003331021991,0.0513800406211639,False,1,True,1,False
1,0.1,0.06,0.02,4,access-costly,restrict_A,all,1000,0.3685,0.3573782681810796,0.3796217318189203,0.69675,0.32825,False,1,True,1,False
1,0.1,0.06,0.02,4,access-costly,restrict_A,A_own0==1,606,0.3193069306930693,0.306367855090025,0.3322460062961135,0.6461771177117712,0.3268701870187019,False,1,True,1,False
2,0.1,0.06,0.05,2,access-honest,evidence_count,all,1000,-0.893,-0.9531721115185816,-0.8328278884814185,1.691,2.584,False,-1,True,-1,False
2,0.1,0.06,0.05,2,access-honest,evidence_count,A_own0==1,674,-0.8353115727002968,-0.9062815573294796,-0.7643415880711141,1.7922848664688429,2.6275964391691393,False,-1,True,-1,False
2,0.1,0.06,0.05,2,access-honest,A_p_truth,all,1000,-0.0342931361557878,-0.043413174945619,-0.0251730973659567,0.8146197849827277,0.8489129211385156,False,-1,True,-1,False
2,0.1,0.06,0.05,2,access-honest,A_p_truth,A_own0==1,674,-0.0339736876811168,-0.0448963163401055,-0.0230510590221281,0.810444577519109,0.8444182652002259,False,-1,True,-1,False
2,0.1,0.06,0.05,2,costly-attenuated,A_dbelief,all,1000,0.1756180351880066,0.1643002835478901,0.1869357868281232,0.2437402401387466,0.0681222049507399,False,1,True,1,False
2,0.1,0.06,0.05,2,costly-attenuated,A_dbelief,A_own0==1,674,0.1832083178729031,0.167439599134111,0.1989770366116952,0.247066090969084,0.0638577730961808,False,1,True,1,False
2,0.1,0.06,0.05,2,access-costly,restrict_A,all,1000,0.372,0.3612410025527229,0.3827589974472771,0.68625,0.31425,False,1,True,1,False
2,0.1,0.06,0.05,2,access-costly,restrict_A,A_own0==1,674,0.3346933728981207,0.3224594449022818,0.3469273008939595,0.6514589515331356,0.3167655786350148,False,1,True,1,False
3,0.1,0.06,0.05,4,access-honest,evidence_count,all,1000,-0.818,-0.876464725824772,-0.7595352741752279,1.668,2.486,False,-1,True,-1,False
3,0.1,0.06,0.05,4,access-honest,evidence_count,A_own0==1,606,-0.698019801980198,-0.7683257922130594,-0.6277138117473365,1.8135313531353137,2.5115511551155114,False,-1,True,-1,False
3,0.1,0.06,0.05,4,access-honest,A_p_truth,all,1000,-0.0243739859856192,-0.0317479811426771,-0.0169999908285613,0.8967636706594587,0.921137656645078,False,-1,True,-1,False
3,0.1,0.06,0.05,4,access-honest,A_p_truth,A_own0==1,606,-0.0245730677311258,-0.0343811306734312,-0.0147650047888204,0.8865339379718541,0.91110700570298,False,-1,True,-1,False
3,0.1,0.06,0.05,4,costly-attenuated,A_dbelief,all,1000,0.1237153689402525,0.1130732623667639,0.1343574755137411,0.1782200588996403,0.0545046899593878,False,1,True,1,False
3,0.1,0.06,0.05,4,costly-attenuated,A_dbelief,A_own0==1,606,0.1306375487047137,0.1147587088364085,0.1465163885730189,0.1837270233550873,0.0530894746503736,False,1,True,1,False
3,0.1,0.06,0.05,4,access-costly,restrict_A,all,1000,0.3538333333333333,0.3426857380354509,0.3649809286312157,0.6835,0.3296666666666666,False,1,True,1,False
3,0.1,0.06,0.05,4,access-costly,restrict_A,A_own0==1,606,0.3015676567656766,0.2887866892419467,0.3143486242894064,0.6305005500550056,0.3289328932893289,False,1,True,1,False
4,0.1,0.06,0.1,2,access-honest,evidence_count,all,1000,-0.667,-0.7189608462897512,-0.6150391537102489,2.177,2.844,False,-1,True,-1,False
4,0.1,0.06,0.1,2,access-honest,evidence_count,A_own0==1,674,-0.6023738872403561,-0.6616897375423171,-0.5430580369383952,2.277448071216617,2.879821958456973,False,-1,True,-1,False
4,0.1,0.06,0.1,2,access-honest,A_p_truth,all,1000,-0.0246910246836932,-0.0320168414186484,-0.0173652079487379,0.8308302071958926,0.8555212318795858,False,-1,True,-1,False
4,0.1,0.06,0.1,2,access-honest,A_p_truth,A_own0==1,674,-0.0230333371931593,-0.0321309436817645,-0.013935730704554,0.8272939841716694,0.8503273213648289,False,-1,True,-1,False
4,0.1,0.06,0.1,2,costly-attenuated,A_dbelief,all,1000,0.1732851814796809,0.1620904108798242,0.1844799520795376,0.2459699722536237,0.0726847907739428,False,1,True,1,False
4,0.1,0.06,0.1,2,costly-attenuated,A_dbelief,A_own0==1,674,0.1787908445769764,0.163164783438535,0.1944169057154178,0.2466686129562862,0.0678777683793098,False,1,True,1,False
4,0.1,0.06,0.1,2,access-costly,restrict_A,all,1000,0.3360833333333333,0.3252930985835772,0.3468735680830894,0.6563333333333332,0.32025,False,1,True,1,False
4,0.1,0.06,0.1,2,access-costly,restrict_A,A_own0==1,674,0.2976013847675568,0.2856341419046581,0.3095686276304555,0.6194362017804155,0.3218348170128585,False,1,True,1,False
5,0.1,0.06,0.1,4,access-honest,evidence_count,all,1000,-0.623,-0.6738673640197949,-0.5721326359802051,2.153,2.776,False,-1,True,-1,False
5,0.1,0.06,0.1,4,access-honest,evidence_count,A_own0==1,606,-0.4933993399339934,-0.5510754389180048,-0.435723240949982,2.282178217821782,2.7755775577557755,False,-1,True,-1,False
5,0.1,0.06,0.1,4,access-honest,A_p_truth,all,1000,-0.0173233010000434,-0.0239719362314433,-0.0106746657686435,0.9095672207978324,0.926890521797876,False,-1,True,-1,False
5,0.1,0.06,0.1,4,access-honest,A_p_truth,A_own0==1,606,-0.0163780300557232,-0.0251359591795089,-0.0076201009319375,0.9025702798140762,0.9189483098697996,False,-1,True,-1,False
5,0.1,0.06,0.1,4,costly-attenuated,A_dbelief,all,1000,0.1256282895725593,0.1149008075290875,0.136355771616031,0.1834783970026964,0.0578501074301371,False,1,True,1,False
5,0.1,0.06,0.1,4,costly-attenuated,A_dbelief,A_own0==1,606,0.1331903805294549,0.1171643072289851,0.1492164538299246,0.1890187341977158,0.0558283536682609,False,1,True,1,False
5,0.1,0.06,0.1,4,access-costly,restrict_A,all,1000,0.3225833333333333,0.3113131911630734,0.3338534755035933,0.656,0.3334166666666667,False,1,True,1,False
5,0.1,0.06,0.1,4,access-costly,restrict_A,A_own0==1,606,0.2654015401540153,0.2527109739143319,0.2780921063936987,0.5968096809680967,0.3314081408140814,False,1,True,1,False
6,0.1,0.12,0.02,2,access-honest,evidence_count,all,1000,-1.455,-1.5305925644213492,-1.379407435578651,1.606,3.061,False,-1,True,-1,False
6,0.1,0.12,0.02,2,access-honest,evidence_count,A_own0==1,674,-1.3130563798219586,-1.4007943167705794,-1.2253184428733377,1.804154302670623,3.1172106824925816,False,-1,True,-1,False
6,0.1,0.12,0.02,2,access-honest,A_p_truth,all,1000,-0.0549053195460168,-0.0660130862865098,-0.0437975528055238,0.8097968073046288,0.8647021268506455,False,-1,True,-1,False
6,0.1,0.12,0.02,2,access-honest,A_p_truth,A_own0==1,674,-0.0580274088187423,-0.0717969692653835,-0.0442578483721011,0.804395417968088,0.8624228267868307,False,-1,True,-1,False
6,0.1,0.12,0.02,2,costly-attenuated,A_dbelief,all,1000,0.1850794682538834,0.1731247506555911,0.1970341858521757,0.2578165190983401,0.0727370508444567,False,1,True,1,False
6,0.1,0.12,0.02,2,costly-attenuated,A_dbelief,A_own0==1,674,0.1886017981231302,0.1720567114297866,0.2051468848164738,0.2565277251821495,0.0679259270590193,False,1,True,1,False
6,0.1,0.12,0.02,2,access-costly,restrict_A,all,1000,0.4703333333333334,0.4580551472970644,0.4826115193696023,0.66975,0.1994166666666666,False,1,True,1,False
6,0.1,0.12,0.02,2,access-costly,restrict_A,A_own0==1,674,0.4118447082096934,0.3979667371464188,0.4257226792729681,0.6116468842729971,0.1998021760633037,False,1,True,1,False
7,0.1,0.12,0.02,4,access-honest,evidence_count,all,1000,-1.328,-1.403042200377104,-1.252957799622896,1.605,2.933,False,-1,True,-1,False
7,0.1,0.12,0.02,4,access-honest,evidence_count,A_own0==1,606,-1.1072607260726073,-1.1955558513687974,-1.0189656007764172,1.8844884488448843,2.9917491749174916,False,-1,True,-1,False
7,0.1,0.12,0.02,4,access-honest,A_p_truth,all,1000,-0.0281823152800861,-0.036938666680387,-0.0194259638797853,0.8963907606897523,0.9245730759698384,False,-1,True,-1,False
7,0.1,0.12,0.02,4,access-honest,A_p_truth,A_own0==1,606,-0.0335205236144361,-0.0453198695812808,-0.0217211776475913,0.8857243129817098,0.9192448365961464,False,-1,True,-1,False
7,0.1,0.12,0.02,4,costly-attenuated,A_dbelief,all,1000,0.1278673898213525,0.1168829367080618,0.1388518429346433,0.1870428501170807,0.0591754602957282,False,1,True,1,False
7,0.1,0.12,0.02,4,costly-attenuated,A_dbelief,A_own0==1,606,0.1365457516838894,0.120066645851013,0.1530248575167658,0.1937480248427944,0.057202273158905,False,1,True,1,False
7,0.1,0.12,0.02,4,access-costly,restrict_A,all,1000,0.45475,0.4419178579343815,0.4675821420656184,0.6665,0.21175,False,1,True,1,False
7,0.1,0.12,0.02,4,access-costly,restrict_A,A_own0==1,606,0.3686743674367437,0.354278711857453,0.3830700230160344,0.5822332233223322,0.2135588558855886,False,1,True,1,False
8,0.1,0.12,0.05,2,access-honest,evidence_count,all,1000,-1.249,-1.3198399778434526,-1.1781600221565476,1.941,3.19,False,-1,True,-1,False
8,0.1,0.12,0.05,2,access-honest,evidence_count,A_own0==1,674,-1.096439169139466,-1.1766000784984283,-1.0162782597805036,2.1379821958456975,3.234421364985163,False,-1,True,-1,False
8,0.1,0.12,0.05,2,access-honest,A_p_truth,all,1000,-0.0463545882113473,-0.0568000064040613,-0.0359091700186332,0.8189730558282843,0.8653276440396315,False,-1,True,-1,False
8,0.1,0.12,0.05,2,access-honest,A_p_truth,A_own0==1,674,-0.0474970496163449,-0.0602382337660784,-0.0347558654666114,0.8141670219862343,0.8616640716025793,False,-1,True,-1,False
8,0.1,0.12,0.05,2,costly-attenuated,A_dbelief,all,1000,0.1863020079293111,0.1743078259247622,0.1982961899338601,0.2605323721473693,0.0742303642180581,False,1,True,1,False
8,0.1,0.12,0.05,2,costly-attenuated,A_dbelief,A_own0==1,674,0.1896081935481746,0.1730059598890143,0.2062104272073349,0.2587499148916005,0.0691417213434259,False,1,True,1,False
8,0.1,0.12,0.05,2,access-costly,restrict_A,all,1000,0.4431666666666666,0.4306882643369419,0.4556450689963914,0.6445833333333334,0.2014166666666666,False,1,True,1,False
8,0.1,0.12,0.05,2,access-costly,restrict_A,A_own0==1,674,0.3805637982195846,0.3667309231905762,0.3943966732485929,0.5824678536102869,0.2019040553907023,False,1,True,1,False
9,0.1,0.12,0.05,4,access-honest,evidence_count,all,1000,-1.133,-1.201643037550827,-1.064356962449173,1.939,3.072,False,-1,True,-1,False
9,0.1,0.12,0.05,4,access-honest,evidence_count,A_own0==1,606,-0.924092409240924,-1.0028857062061196,-0.8452991122757285,2.212871287128713,3.136963696369637,False,-1,True,-1,False
9,0.1,0.12,0.05,4,access-honest,A_p_truth,all,1000,-0.0217380755155143,-0.0297373256397522,-0.0137388253912764,0.9029997073433405,0.9247377828588548,False,-1,True,-1,False
9,0.1,0.12,0.05,4,access-honest,A_p_truth,A_own0==1,606,-0.0240559318745138,-0.0349863771068255,-0.0131254866422022,0.8956529520734047,0.9197088839479184,False,-1,True,-1,False
9,0.1,0.12,0.05,4,costly-attenuated,A_dbelief,all,1000,0.1274582592490197,0.1164956200658068,0.1384208984322327,0.1875415422096857,0.0600832829606659,False,1,True,1,False
9,0.1,0.12,0.05,4,costly-attenuated,A_dbelief,A_own0==1,606,0.1360877883410349,0.1196023531327426,0.1525732235493272,0.1945586267947013,0.0584708384536663,False,1,True,1,False
9,0.1,0.12,0.05,4,access-costly,restrict_A,all,1000,0.4301666666666666,0.4169777894760861,0.4433555438572471,0.6428333333333333,0.2126666666666666,False,1,True,1,False
9,0.1,0.12,0.05,4,access-costly,restrict_A,A_own0==1,606,0.3375962596259626,0.3230362406300722,0.352156278621853,0.5518426842684268,0.2142464246424642,False,1,True,1,False
10,0.1,0.12,0.1,2,access-honest,evidence_count,all,1000,-0.917,-0.97763557281242,-0.85636442718758,2.429,3.346,False,-1,True,-1,False
10,0.1,0.12,0.1,2,access-honest,evidence_count,A_own0==1,674,-0.7729970326409495,-0.8400111843305033,-0.7059828809513958,2.608308605341246,3.3813056379821957,False,-1,True,-1,False
10,0.1,0.12,0.1,2,access-honest,A_p_truth,all,1000,-0.0299451385602647,-0.0384915251430446,-0.0213987519774848,0.8387436731537125,0.8686888117139773,False,-1,True,-1,False
10,0.1,0.12,0.1,2,access-honest,A_p_truth,A_own0==1,674,-0.0290931916795218,-0.039576526843404,-0.0186098565156396,0.8369838245546658,0.8660770162341876,False,-1,True,-1,False
10,0.1,0.12,0.1,2,costly-attenuated,A_dbelief,all,1000,0.1839874677051836,0.1721586569902675,0.1958162784200997,0.2608503121470219,0.0768628444418381,False,1,True,1,False
10,0.1,0.12,0.1,2,costly-attenuated,A_dbelief,A_own0==1,674,0.1878465958199948,0.171393062683442,0.2043001289565476,0.2590379026686691,0.0711913068486743,False,1,True,1,False
10,0.1,0.12,0.1,2,access-costly,restrict_A,all,1000,0.3865,0.3740729792020541,0.3989270207979459,0.59275,0.20625,False,1,True,1,False
10,0.1,0.12,0.1,2,access-costly,restrict_A,A_own0==1,674,0.3230712166172106,0.309593051946433,0.3365493812879883,0.5294263105835806,0.2063550939663699,False,1,True,1,False
11,0.1,0.12,0.1,4,access-honest,evidence_count,all,1000,-0.86,-0.9200713409705992,-0.7999286590294007,2.4,3.26,False,-1,True,-1,False
11,0.1,0.12,0.1,4,access-honest,evidence_count,A_own0==1,606,-0.6633663366336634,-0.7296518077053651,-0.5970808655619617,2.633663366336634,3.297029702970297,False,-1,True,-1,False
11,0.1,0.12,0.1,4,access-honest,A_p_truth,all,1000,-0.0144234336870816,-0.0210362455229328,-0.0078106218512305,0.9117600460800724,0.9261834797671544,False,-1,True,-1,False
11,0.1,0.12,0.1,4,access-honest,A_p_truth,A_own0==1,606,-0.0160939119754777,-0.0246162156052987,-0.0075716083456568,0.9057261289306052,0.9218200409060832,False,-1,True,-1,False
11,0.1,0.12,0.1,4,costly-attenuated,A_dbelief,all,1000,0.1276325679215053,0.1166716589423489,0.1385934769006617,0.1895782659392701,0.0619456980177648,False,1,True,1,False
11,0.1,0.12,0.1,4,costly-attenuated,A_dbelief,A_own0==1,606,0.1363907008528241,0.1198947043457132,0.1528866973599351,0.1965062504922214,0.0601155496393972,False,1,True,1,False
11,0.1,0.12,0.1,4,access-costly,restrict_A,all,1000,0.3859166666666666,0.3726238392889781,0.3992094940443552,0.6025833333333332,0.2166666666666666,False,1,True,1,False
11,0.1,0.12,0.1,4,access-costly,restrict_A,A_own0==1,606,0.2879537953795379,0.2735422548087524,0.3023653359503235,0.5059130913091309,0.2179592959295929,False,1,True,1,False
12,0.1,0.24,0.02,2,access-honest,evidence_count,all,1000,-1.723,-1.8119661106401896,-1.6340338893598103,2.19,3.913,False,-1,True,-1,False
12,0.1,0.24,0.02,2,access-honest,evidence_count,A_own0==1,674,-1.3100890207715137,-1.4037672303272184,-1.2164108112158083,2.606824925816024,3.916913946587537,False,-1,True,-1,False
12,0.1,0.24,0.02,2,access-honest,A_p_truth,all,1000,-0.0465124032771847,-0.0571584287019962,-0.0358663778523733,0.831779248431819,0.8782916517090039,False,-1,True,-1,False
12,0.1,0.24,0.02,2,access-honest,A_p_truth,A_own0==1,674,-0.0431396761303145,-0.0549273645394987,-0.0313519877211303,0.8307154049453843,0.8738550810756988,False,-1,True,-1,False
12,0.1,0.24,0.02,2,costly-attenuated,A_dbelief,all,1000,0.1828253609048993,0.1709183788800564,0.1947323429297421,0.2677920573574142,0.0849666964525149,False,1,True,1,False
12,0.1,0.24,0.02,2,costly-attenuated,A_dbelief,A_own0==1,674,0.1854121215901799,0.169098455198778,0.2017257879815817,0.2638944353245298,0.0784823137343498,False,1,True,1,False
12,0.1,0.24,0.02,2,access-costly,restrict_A,all,1000,0.46875,0.4534688348918474,0.4840311651081525,0.5394166666666668,0.0706666666666666,False,1,True,1,False
12,0.1,0.24,0.02,2,access-costly,restrict_A,A_own0==1,674,0.3579376854599406,0.3428271865527451,0.3730481843671362,0.4282888229475767,0.070351137487636,False,1,True,1,False
13,0.1,0.24,0.02,4,access-honest,evidence_count,all,1000,-1.686,-1.778798199941121,-1.5932018000588788,2.143,3.829,False,-1,True,-1,False
13,0.1,0.24,0.02,4,access-honest,evidence_count,A_own0==1,606,-1.0874587458745877,-1.181741739423168,-0.993175752326007,2.727722772277228,3.815181518151815,False,-1,True,-1,False
13,0.1,0.24,0.02,4,access-honest,A_p_truth,all,1000,-0.020092541366347,-0.0281839443809221,-0.0120011383517718,0.9123245195672508,0.932417060933598,False,-1,True,-1,False
13,0.1,0.24,0.02,4,access-honest,A_p_truth,A_own0==1,606,-0.026964637413498,-0.0371155910144261,-0.0168136838125698,0.9042911040482132,0.9312557414617116,False,-1,True,-1,False
13,0.1,0.24,0.02,4,costly-attenuated,A_dbelief,all,1000,0.1239704432869098,0.1129699837931482,0.1349709027806714,0.19128843710238,0.0673179938154702,False,1,True,1,False
13,0.1,0.24,0.02,4,costly-attenuated,A_dbelief,A_own0==1,606,0.1339780931704277,0.1173308029200274,0.1506253834208279,0.1992608955754321,0.0652828024050043,False,1,True,1,False
13,0.1,0.24,0.02,4,access-costly,restrict_A,all,1000,0.4775833333333333,0.4602870714701125,0.4948795951965542,0.5530833333333333,0.0755,False,1,True,1,False
13,0.1,0.24,0.02,4,access-costly,restrict_A,A_own0==1,606,0.3047304730473048,0.2895749439930196,0.3198860021015899,0.3818756875687568,0.0771452145214521,False,1,True,1,False
14,0.1,0.24,0.05,2,access-honest,evidence_count,all,1000,-1.428,-1.509157504188375,-1.3468424958116252,2.537,3.965,False,-1,True,-1,False
14,0.1,0.24,0.05,2,access-honest,evidence_count,A_own0==1,674,-1.0712166172106825,-1.156885543402109,-0.985547691019256,2.893175074183976,3.964391691394659,False,-1,True,-1,False
14,0.1,0.24,0.05,2,access-honest,A_p_truth,all,1000,-0.0336995022856864,-0.0432768140129407,-0.024122190558432,0.8450382545744655,0.8787377568601517,False,-1,True,-1,False
14,0.1,0.24,0.05,2,access-honest,A_p_truth,A_own0==1,674,-0.0341066483086566,-0.0453563275305409,-0.0228569690867723,0.8400971316152669,0.8742037799239236,False,-1,True,-1,False
14,0.1,0.24,0.05,2,costly-attenuated,A_dbelief,all,1000,0.1831436320184553,0.1712450405147116,0.1950422235221991,0.2686005765789175,0.0854569445604621,False,1,True,1,False
14,0.1,0.24,0.05,2,costly-attenuated,A_dbelief,A_own0==1,674,0.1849834119987514,0.1686937003976087,0.2012731235998941,0.2639526221642266,0.0789692101654751,False,1,True,1,False
14,0.1,0.24,0.05,2,access-costly,restrict_A,all,1000,0.4300833333333333,0.4151587162131163,0.4450079504535503,0.5009166666666667,0.0708333333333333,False,1,True,1,False
14,0.1,0.24,0.05,2,access-costly,restrict_A,A_own0==1,674,0.3243076162215628,0.3096659103044621,0.3389493221386634,0.3949060336300692,0.0705984174085064,False,1,True,1,False
15,0.1,0.24,0.05,4,access-honest,evidence_count,all,1000,-1.411,-1.4944299709124151,-1.327570029087585,2.472,3.883,False,-1,True,-1,False
15,0.1,0.24,0.05,4,access-honest,evidence_count,A_own0==1,606,-0.8696369636963697,-0.9520819903633106,-0.7871919370294287,3.004950495049505,3.874587458745874,False,-1,True,-1,False
15,0.1,0.24,0.05,4,access-honest,A_p_truth,all,1000,-0.0143488871303565,-0.0214982629812387,-0.0071995112794743,0.9185547277126443,0.9329036148430008,False,-1,True,-1,False
15,0.1,0.24,0.05,4,access-honest,A_p_truth,A_own0==1,606,-0.0187672209024244,-0.02776334997282,-0.0097710918320289,0.912325319803166,0.9310925407055906,False,-1,True,-1,False
15,0.1,0.24,0.05,4,costly-attenuated,A_dbelief,all,1000,0.1236747872001309,0.1127174612900217,0.1346321131102401,0.1912764558755807,0.0676016686754497,False,1,True,1,False
15,0.1,0.24,0.05,4,costly-attenuated,A_dbelief,A_own0==1,606,0.133174828345974,0.1166242137068752,0.1497254429850728,0.1987679258874164,0.0655930975414424,False,1,True,1,False
15,0.1,0.24,0.05,4,access-costly,restrict_A,all,1000,0.4439166666666667,0.4269450302790048,0.4608883030543285,0.5200833333333332,0.0761666666666666,False,1,True,1,False
15,0.1,0.24,0.05,4,access-costly,restrict_A,A_own0==1,606,0.2751650165016501,0.2605343943846602,0.2897956386186401,0.352997799779978,0.0778327832783278,False,1,True,1,False
16,0.1,0.24,0.1,2,access-honest,evidence_count,all,1000,-1.015,-1.083290995746878,-0.946709004253122,3.006,4.021,False,-1,True,-1,False
16,0.1,0.24,0.1,2,access-honest,evidence_count,A_own0==1,674,-0.7729970326409495,-0.846978867898797,-0.6990151973831021,3.249258160237389,4.0222551928783385,False,-1,True,-1,False
16,0.1,0.24,0.1,2,access-honest,A_p_truth,all,1000,-0.0270013916334872,-0.0348383939259449,-0.0191643893410295,0.8537886673506846,0.8807900589841717,False,-1,True,-1,False
16,0.1,0.24,0.1,2,access-honest,A_p_truth,A_own0==1,674,-0.0274083552001512,-0.0372025250791338,-0.0176141853211687,0.8488053707410242,0.8762137259411756,False,-1,True,-1,False
16,0.1,0.24,0.1,2,costly-attenuated,A_dbelief,all,1000,0.181690171049431,0.1699195029504143,0.1934608391484478,0.2678216883651953,0.0861315173157641,False,1,True,1,False
16,0.1,0.24,0.1,2,costly-attenuated,A_dbelief,A_own0==1,674,0.1834417059976519,0.1673476077772852,0.1995358042180186,0.2629570655238949,0.0795153595262429,False,1,True,1,False
16,0.1,0.24,0.1,2,access-costly,restrict_A,all,1000,0.35575,0.3419217261689669,0.3695782738310331,0.42775,0.072,False,1,True,1,False
16,0.1,0.24,0.1,2,access-costly,restrict_A,A_own0==1,674,0.2648367952522255,0.2511038999142489,0.2785696905902021,0.3365479723046489,0.0717111770524233,False,1,True,1,False
17,0.1,0.24,0.1,4,access-honest,evidence_count,all,1000,-1.006,-1.0744369353238186,-0.9375630646761816,2.943,3.949,False,-1,True,-1,False
17,0.1,0.24,0.1,4,access-honest,evidence_count,A_own0==1,606,-0.6089108910891089,-0.6776017227894722,-0.5402200593887456,3.3217821782178216,3.93069306930693,False,-1,True,-1,False
17,0.1,0.24,0.1,4,access-honest,A_p_truth,all,1000,-0.011463290070099,-0.0175686617359541,-0.0053579184042438,0.9232053248185476,0.9346686148886464,False,-1,True,-1,False
17,0.1,0.24,0.1,4,access-honest,A_p_truth,A_own0==1,606,-0.0142900077687161,-0.0220902785044499,-0.0064897370329823,0.9186325992804448,0.932922607049161,False,-1,True,-1,False
17,0.1,0.24,0.1,4,costly-attenuated,A_dbelief,all,1000,0.1227990204786852,0.1119034851318006,0.1336945558255698,0.1911474936297238,0.0683484731510386,False,1,True,1,False
17,0.1,0.24,0.1,4,costly-attenuated,A_dbelief,A_own0==1,606,0.1319158383680067,0.11549231016634,0.1483393665696734,0.1980915759993843,0.0661757376313775,False,1,True,1,False
17,0.1,0.24,0.1,4,access-costly,restrict_A,all,1000,0.375,0.359317261667204,0.390682738332796,0.45175,0.07675,False,1,True,1,False
17,0.1,0.24,0.1,4,access-costly,restrict_A,A_own0==1,606,0.2242849284928493,0.2108155458087863,0.2377543111769123,0.3026677667766776,0.0783828382838283,False,1,True,1,False
18,0.2,0.06,0.02,2,access-honest,evidence_count,all,1000,-0.579,-0.6327666088071641,-0.5252333911928359,1.493,2.072,False,-1,True,-1,False
18,0.2,0.06,0.02,2,access-honest,evidence_count,A_own0==1,674,-0.526706231454006,-0.5878904195275759,-0.4655220433804359,1.6008902077151337,2.1275964391691393,False,-1,True,-1,False
18,0.2,0.06,0.02,2,access-honest,A_p_truth,all,1000,-0.0300209273605082,-0.0388473365331418,-0.0211945181878746,0.8179686538011023,0.8479895811616104,False,-1,True,-1,False
18,0.2,0.06,0.02,2,access-honest,A_p_truth,A_own0==1,674,-0.028665645786729,-0.0389906083270795,-0.0183406832463785,0.8121714897219843,0.8408371355087132,False,-1,True,-1,False
18,0.2,0.06,0.02,2,costly-attenuated,A_dbelief,all,1000,0.1717676223761613,0.1606385054074307,0.182896739344892,0.2333873165827099,0.0616196942065485,False,1,True,1,False
18,0.2,0.06,0.02,2,costly-attenuated,A_dbelief,A_own0==1,674,0.1748795563683575,0.1594794100735335,0.1902797026631816,0.2336520501500918,0.0587724937817342,False,1,True,1,False
18,0.2,0.06,0.02,2,access-costly,restrict_A,all,1000,0.2199166666666666,0.2096012030480286,0.2302321302853047,0.6240833333333332,0.4041666666666667,False,1,True,1,False
18,0.2,0.06,0.02,2,access-costly,restrict_A,A_own0==1,674,0.1948565776458951,0.1838365177503274,0.2058766375414628,0.593595450049456,0.3987388724035608,False,1,True,1,False
19,0.2,0.06,0.02,4,access-honest,evidence_count,all,1000,-0.518,-0.5668939785939204,-0.4691060214060796,1.416,1.934,False,-1,True,-1,False
19,0.2,0.06,0.02,4,access-honest,evidence_count,A_own0==1,606,-0.4158415841584158,-0.4734935450798114,-0.3581896232370202,1.5165016501650166,1.9323432343234324,False,-1,True,-1,False
19,0.2,0.06,0.02,4,access-honest,A_p_truth,all,1000,-0.0108620233849332,-0.0175398978155225,-0.0041841489543439,0.905125549711114,0.9159875730960472,False,-1,True,-1,False
19,0.2,0.06,0.02,4,access-honest,A_p_truth,A_own0==1,606,-0.0073463529339615,-0.0166769497648548,0.0019842438969317,0.8927567241530362,0.9001030770869978,False,-1,False,-1,False
19,0.2,0.06,0.02,4,costly-attenuated,A_dbelief,all,1000,0.12762336467679,0.1168627853222083,0.1383839440313718,0.1774689942027831,0.049845629525993,False,1,True,1,False
19,0.2,0.06,0.02,4,costly-attenuated,A_dbelief,A_own0==1,606,0.1349716816315606,0.1187289006675403,0.1512144625955808,0.1819887026408536,0.047017021009293,False,1,True,1,False
19,0.2,0.06,0.02,4,access-costly,restrict_A,all,1000,0.2196666666666666,0.2091248067860252,0.230208526547308,0.63125,0.4115833333333333,False,1,True,1,False
19,0.2,0.06,0.02,4,access-costly,restrict_A,A_own0==1,606,0.1776677667766776,0.1662250438108615,0.1891104897424937,0.5842959295929593,0.4066281628162816,False,1,True,1,False
20,0.2,0.06,0.05,2,access-honest,evidence_count,all,1000,-0.488,-0.5391307066131377,-0.4368692933868623,1.803,2.291,False,-1,True,-1,False
20,0.2,0.06,0.05,2,access-honest,evidence_count,A_own0==1,674,-0.4332344213649852,-0.491255356740677,-0.3752134859892934,1.916913946587537,2.350148367952522,False,-1,True,-1,False
20,0.2,0.06,0.05,2,access-honest,A_p_truth,all,1000,-0.0257324335291811,-0.0337194990503773,-0.0177453680079849,0.8250784375484916,0.8508108710776728,False,-1,True,-1,False
20,0.2,0.06,0.05,2,access-honest,A_p_truth,A_own0==1,674,-0.0249912554774974,-0.03492895077457,-0.0150535601804247,0.8201873580600135,0.8451786135375109,False,-1,True,-1,False
20,0.2,0.06,0.05,2,costly-attenuated,A_dbelief,all,1000,0.1696289618153541,0.158614870605385,0.1806430530253233,0.2343896444239991,0.064760682608645,False,1,True,1,False
20,0.2,0.06,0.05,2,costly-attenuated,A_dbelief,A_own0==1,674,0.1739800142524021,0.1586961435828931,0.1892638849219111,0.2351890165432411,0.0612090022908389,False,1,True,1,False
20,0.2,0.06,0.05,2,access-costly,restrict_A,all,1000,0.20325,0.1929169476616934,0.2135830523383065,0.6119166666666668,0.4086666666666666,False,1,True,1,False
20,0.2,0.06,0.05,2,access-costly,restrict_A,A_own0==1,674,0.1759396636993076,0.1650328429353799,0.1868464844632352,0.5807368941641939,0.4047972304648862,False,1,True,1,False
21,0.2,0.06,0.05,4,access-honest,evidence_count,all,1000,-0.442,-0.487680161281838,-0.3963198387181619,1.723,2.165,False,-1,True,-1,False
21,0.2,0.06,0.05,4,access-honest,evidence_count,A_own0==1,606,-0.3514851485148514,-0.4042922071680549,-0.298678089861648,1.82013201320132,2.1716171617161715,False,-1,True,-1,False
21,0.2,0.06,0.05,4,access-honest,A_p_truth,all,1000,-0.0076971485137859,-0.0139737180181522,-0.0014205790094197,0.9073532100914276,0.9150503586052136,False,-1,True,-1,False
21,0.2,0.06,0.05,4,access-honest,A_p_truth,A_own0==1,606,-0.005260477958893,-0.0140368993302858,0.0035159434124997,0.8970335882770835,0.9022940662359764,False,-1,False,-1,False
21,0.2,0.06,0.05,4,costly-attenuated,A_dbelief,all,1000,0.1254515891489608,0.1148531798784707,0.1360499984194509,0.1780081487420745,0.0525565595931137,False,1,True,1,False
21,0.2,0.06,0.05,4,costly-attenuated,A_dbelief,A_own0==1,606,0.133459902607718,0.1175110339870409,0.1494087712283951,0.1837202717324672,0.0502603691247491,False,1,True,1,False
21,0.2,0.06,0.05,4,access-costly,restrict_A,all,1000,0.2075833333333333,0.1970713884833556,0.218095278183311,0.6193333333333333,0.41175,False,1,True,1,False
21,0.2,0.06,0.05,4,access-costly,restrict_A,A_own0==1,606,0.1662541254125412,0.1549665138134907,0.1775417370115918,0.5724697469746974,0.4062156215621562,False,1,True,1,False
22,0.2,0.06,0.1,2,access-honest,evidence_count,all,1000,-0.375,-0.4186896209983902,-0.3313103790016097,2.26,2.635,False,-1,True,-1,False
22,0.2,0.06,0.1,2,access-honest,evidence_count,A_own0==1,674,-0.3471810089020771,-0.3981513691923635,-0.2962106486117907,2.3456973293768546,2.692878338278932,False,-1,True,-1,False
22,0.2,0.06,0.1,2,access-honest,A_p_truth,all,1000,-0.0187959100109743,-0.0256614888907662,-0.0119303311311824,0.8413830917781002,0.8601790017890746,False,-1,True,-1,False
22,0.2,0.06,0.1,2,access-honest,A_p_truth,A_own0==1,674,-0.020896652368916,-0.0295284110243917,-0.0122648937134402,0.8367285690007533,0.8576252213696691,False,-1,True,-1,False
22,0.2,0.06,0.1,2,costly-attenuated,A_dbelief,all,1000,0.1675559703501793,0.1564729684871748,0.1786389722131839,0.2372166778073568,0.0696607074571774,False,1,True,1,False
22,0.2,0.06,0.1,2,costly-attenuated,A_dbelief,A_own0==1,674,0.1739833075810223,0.1586192192586924,0.1893473959033523,0.2396722126184009,0.0656889050373785,False,1,True,1,False
22,0.2,0.06,0.1,2,access-costly,restrict_A,all,1000,0.1795833333333333,0.1693506598151587,0.1898160068515079,0.5898333333333333,0.41025,False,1,True,1,False
22,0.2,0.06,0.1,2,access-costly,restrict_A,A_own0==1,674,0.1543026706231454,0.1435410370387385,0.1650643042075522,0.5608308605341247,0.4065281899109792,False,1,True,1,False
23,0.2,0.06,0.1,4,access-honest,evidence_count,all,1000,-0.335,-0.374159513627055,-0.295840486372945,2.192,2.527,False,-1,True,-1,False
23,0.2,0.06,0.1,4,access-honest,evidence_count,A_own0==1,606,-0.2673267326732673,-0.3127247201401522,-0.2219287452063824,2.262376237623762,2.5297029702970297,False,-1,True,-1,False
23,0.2,0.06,0.1,4,access-honest,A_p_truth,all,1000,-0.0068223509868949,-0.0120737984579795,-0.0015709035158102,0.9159118314045088,0.9227341823914036,False,-1,True,-1,False
23,0.2,0.06,0.1,4,access-honest,A_p_truth,A_own0==1,606,-0.0036537637912446,-0.0110445583058495,0.0037370307233602,0.9084321281756014,0.912085891966846,False,-1,False,-1,False
23,0.2,0.06,0.1,4,costly-attenuated,A_dbelief,all,1000,0.1239789867377011,0.1134169121838599,0.1345410612915423,0.1798556734483111,0.05587668671061,False,1,True,1,False
23,0.2,0.06,0.1,4,costly-attenuated,A_dbelief,A_own0==1,606,0.1323770144606273,0.1163808723175151,0.1483731566037395,0.1851518751325223,0.0527748606718949,False,1,True,1,False
23,0.2,0.06,0.1,4,access-costly,restrict_A,all,1000,0.1810833333333333,0.1705040903939704,0.1916625762726961,0.59425,0.4131666666666667,False,1,True,1,False
23,0.2,0.06,0.1,4,access-costly,restrict_A,A_own0==1,606,0.1415016501650165,0.1304988495050092,0.1525044508250237,0.5481298129812981,0.4066281628162816,False,1,True,1,False
24,0.2,0.12,0.02,2,access-honest,evidence_count,all,1000,-0.706,-0.7654006927965045,-0.6465993072034955,1.704,2.41,False,-1,True,-1,False
24,0.2,0.12,0.02,2,access-honest,evidence_count,A_own0==1,674,-0.612759643916914,-0.6794991016255832,-0.5460201862082447,1.836795252225519,2.449554896142433,False,-1,True,-1,False
24,0.2,0.12,0.02,2,access-honest,A_p_truth,all,1000,-0.0324600922344435,-0.0420197335753411,-0.022900450893546,0.8227335601765714,0.8551936524110149,False,-1,True,-1,False
24,0.2,0.12,0.02,2,access-honest,A_p_truth,A_own0==1,674,-0.033511484699673,-0.0452563972238957,-0.0217665721754503,0.8150839466516339,0.848595431351307,False,-1,True,-1,False
24,0.2,0.12,0.02,2,costly-attenuated,A_dbelief,all,1000,0.1778512879465178,0.1663203829526387,0.189382192940397,0.244080609589083,0.0662293216425651,False,1,True,1,False
24,0.2,0.12,0.02,2,costly-attenuated,A_dbelief,A_own0==1,674,0.1780953139377425,0.1621972069801859,0.1939934208952991,0.2405482049652056,0.062452891027463,False,1,True,1,False
24,0.2,0.12,0.02,2,access-costly,restrict_A,all,1000,0.2495,0.2385622159847797,0.2604377840152203,0.58375,0.33425,False,1,True,1,False
24,0.2,0.12,0.02,2,access-costly,restrict_A,A_own0==1,674,0.2132789317507418,0.2011966414391496,0.225361222062334,0.5441394658753709,0.330860534124629,False,1,True,1,False
25,0.2,0.12,0.02,4,access-honest,evidence_count,all,1000,-0.642,-0.6958408322076546,-0.5881591677923454,1.626,2.268,False,-1,True,-1,False
25,0.2,0.12,0.02,4,access-honest,evidence_count,A_own0==1,606,-0.5,-0.56255865098471,-0.4374413490152899,1.7871287128712872,2.287128712871287,False,-1,True,-1,False
25,0.2,0.12,0.02,4,access-honest,A_p_truth,all,1000,-0.0150570193131602,-0.0212477048834868,-0.0088663337428336,0.9102681274058682,0.9253251467190284,False,-1,True,-1,False
25,0.2,0.12,0.02,4,access-honest,A_p_truth,A_own0==1,606,-0.0163804552146403,-0.0251744651958916,-0.007586445233389,0.896461931657295,0.9128423868719352,False,-1,True,-1,False
25,0.2,0.12,0.02,4,costly-attenuated,A_dbelief,all,1000,0.128039853210402,0.1171194720460686,0.1389602343747354,0.181093344593692,0.05305349138329,False,1,True,1,False
25,0.2,0.12,0.02,4,costly-attenuated,A_dbelief,A_own0==1,606,0.1353581812288194,0.1188231133501033,0.1518932491075356,0.1856087240871097,0.0502505428582902,False,1,True,1,False
25,0.2,0.12,0.02,4,access-costly,restrict_A,all,1000,0.24775,0.2364043910957554,0.2590956089042446,0.58825,0.3405,False,1,True,1,False
25,0.2,0.12,0.02,4,access-costly,restrict_A,A_own0==1,606,0.1903190319031903,0.1779717417717419,0.2026663220346387,0.5247524752475248,0.3344334433443344,False,1,True,1,False
26,0.2,0.12,0.05,2,access-honest,evidence_count,all,1000,-0.563,-0.6177682997385919,-0.508231700261408,2.05,2.613,True,-1,True,-1,False
26,0.2,0.12,0.05,2,access-honest,evidence_count,A_own0==1,674,-0.4732937685459941,-0.5348918160879947,-0.4116957210039934,2.179525222551929,2.6528189910979227,True,-1,True,-1,False
26,0.2,0.12,0.05,2,access-honest,A_p_truth,all,1000,-0.0269558898984157,-0.0355292638704794,-0.0183825159263521,0.8308675863009476,0.8578234761993633,True,-1,True,-1,False
26,0.2,0.12,0.05,2,access-honest,A_p_truth,A_own0==1,674,-0.0266195500217304,-0.0371297583947471,-0.0161093416487138,0.824579485371042,0.8511990353927724,True,-1,True,-1,False
26,0.2,0.12,0.05,2,costly-attenuated,A_dbelief,all,1000,0.1771967220457795,0.1657247865755722,0.1886686575159868,0.246296787414929,0.0691000653691494,True,1,True,1,False
26,0.2,0.12,0.05,2,costly-attenuated,A_dbelief,A_own0==1,674,0.1782342866551481,0.1624839205353634,0.1939846527749327,0.2430407437496952,0.0648064570945471,True,1,True,1,False
26,0.2,0.12,0.05,2,access-costly,restrict_A,all,1000,0.231,0.2201110914915091,0.2418889085084908,0.567,0.336,True,1,True,1,False
26,0.2,0.12,0.05,2,access-costly,restrict_A,A_own0==1,674,0.1944856577645895,0.1827346233010312,0.2062366922281478,0.5273244312561819,0.3328387734915925,True,1,True,1,False
27,0.2,0.12,0.05,4,access-honest,evidence_count,all,1000,-0.547,-0.5967560365058229,-0.4972439634941772,1.93,2.477,False,-1,True,-1,False
27,0.2,0.12,0.05,4,access-honest,evidence_count,A_own0==1,606,-0.4306930693069307,-0.4899034661841765,-0.3714826724296848,2.072607260726073,2.5033003300330035,False,-1,True,-1,False
27,0.2,0.12,0.05,4,access-honest,A_p_truth,all,1000,-0.0125703005528783,-0.018640717575028,-0.0064998835307287,0.9112532396120347,0.9238235401649132,False,-1,True,-1,False
27,0.2,0.12,0.05,4,access-honest,A_p_truth,A_own0==1,606,-0.0138247712493071,-0.0220992630396397,-0.0055502794589745,0.9003132660806114,0.9141380373299188,False,-1,True,-1,False
27,0.2,0.12,0.05,4,costly-attenuated,A_dbelief,all,1000,0.1271291768061741,0.1163065068623819,0.1379518467499662,0.182320133302456,0.0551909564962819,False,1,True,1,False
27,0.2,0.12,0.05,4,costly-attenuated,A_dbelief,A_own0==1,606,0.1362426632505011,0.1198670685280261,0.152618257972976,0.1889742213330577,0.0527315580825565,False,1,True,1,False
27,0.2,0.12,0.05,4,access-costly,restrict_A,all,1000,0.23375,0.2224696546880415,0.2450303453119585,0.5750833333333334,0.3413333333333334,False,1,True,1,False
27,0.2,0.12,0.05,4,access-costly,restrict_A,A_own0==1,606,0.1782178217821782,0.1660570604678398,0.1903785830965165,0.5136138613861386,0.3353960396039604,False,1,True,1,False
28,0.2,0.12,0.1,2,access-honest,evidence_count,all,1000,-0.436,-0.4840301791013161,-0.3879698208986838,2.476,2.912,False,-1,True,-1,False
28,0.2,0.12,0.1,2,access-honest,evidence_count,A_own0==1,674,-0.3694362017804154,-0.4230189633385441,-0.3158534402222867,2.5756676557863503,2.9451038575667656,False,-1,True,-1,False
28,0.2,0.12,0.1,2,access-honest,A_p_truth,all,1000,-0.018205430226598,-0.0259921806657958,-0.0104186797874002,0.8459069144395185,0.8641123446661165,False,-1,True,-1,False
28,0.2,0.12,0.1,2,access-honest,A_p_truth,A_own0==1,674,-0.0182358229814291,-0.0280731616299846,-0.0083984843328736,0.8406460618167306,0.8588818847981597,False,-1,True,-1,False
28,0.2,0.12,0.1,2,costly-attenuated,A_dbelief,all,1000,0.1767041286234352,0.1652946904588232,0.1881135667880472,0.2501264432960531,0.0734223146726178,False,1,True,1,False
28,0.2,0.12,0.1,2,costly-attenuated,A_dbelief,A_own0==1,674,0.1812046031328192,0.165459866799687,0.1969493394659514,0.2496967828244589,0.0684921796916397,False,1,True,1,False
28,0.2,0.12,0.1,2,access-costly,restrict_A,all,1000,0.2000833333333333,0.1894372478131259,0.2107294188535408,0.5393333333333332,0.33925,False,1,True,1,False
28,0.2,0.12,0.1,2,access-costly,restrict_A,A_own0==1,674,0.1666666666666666,0.1553020834571218,0.1780312498762115,0.5035855588526212,0.3369188921859545,False,1,True,1,False
29,0.2,0.12,0.1,4,access-honest,evidence_count,all,1000,-0.412,-0.4559476739731199,-0.36805232602688,2.377,2.789,False,-1,True,-1,False
29,0.2,0.12,0.1,4,access-honest,evidence_count,A_own0==1,606,-0.3102310231023102,-0.361379294938032,-0.2590827512665883,2.4785478547854787,2.788778877887789,False,-1,True,-1,False
29,0.2,0.12,0.1,4,access-honest,A_p_truth,all,1000,-0.0084461758850483,-0.013741292245342,-0.0031510595247545,0.9203886938398176,0.928834869724866,False,-1,True,-1,False
29,0.2,0.12,0.1,4,access-honest,A_p_truth,A_own0==1,606,-0.0061467939999844,-0.0135969113319318,0.0013033233319628,0.9126134985803912,0.9187602925803756,False,-1,False,-1,False
29,0.2,0.12,0.1,4,costly-attenuated,A_dbelief,all,1000,0.1268636823561723,0.1160695595797063,0.1376578051326382,0.1844263050550846,0.0575626226989123,False,1,True,1,False
29,0.2,0.12,0.1,4,costly-attenuated,A_dbelief,A_own0==1,606,0.1352895387498122,0.1189453900110956,0.1516336874885288,0.1897559019991815,0.0544663632493692,False,1,True,1,False
29,0.2,0.12,0.1,4,access-costly,restrict_A,all,1000,0.203,0.1918710815848188,0.2141289184151811,0.5459166666666666,0.3429166666666667,False,1,True,1,False
29,0.2,0.12,0.1,4,access-costly,restrict_A,A_own0==1,606,0.154015401540154,0.1423753604596266,0.1656554426206814,0.4905115511551155,0.3364961496149615,False,1,True,1,False
30,0.2,0.24,0.02,2,access-honest,evidence_count,all,1000,-0.924,-0.9913682937694388,-0.8566317062305613,2.177,3.101,False,-1,True,-1,False
30,0.2,0.24,0.02,2,access-honest,evidence_count,A_own0==1,674,-0.7908011869436202,-0.8679895014608077,-0.7136128724264328,2.3605341246290803,3.1513353115727,False,-1,True,-1,False
30,0.2,0.24,0.02,2,access-honest,A_p_truth,all,1000,-0.0314186810882106,-0.0412071409406978,-0.0216302212357233,0.8396371211542797,0.8710558022424904,False,-1,True,-1,False
30,0.2,0.24,0.02,2,access-honest,A_p_truth,A_own0==1,674,-0.0332525227668345,-0.0443467723315437,-0.0221582732021253,0.8346828051418093,0.8679353279086436,False,-1,True,-1,False
30,0.2,0.24,0.02,2,costly-attenuated,A_dbelief,all,1000,0.1817574412266072,0.1699651935139752,0.1935496889392393,0.2569053271529328,0.0751478859263255,False,1,True,1,False
30,0.2,0.24,0.02,2,costly-attenuated,A_dbelief,A_own0==1,674,0.1857531288878466,0.1694018573727126,0.2021044004029807,0.2564912710597233,0.0707381421718766,False,1,True,1,False
30,0.2,0.24,0.02,2,access-costly,restrict_A,all,1000,0.27675,0.2649909730734766,0.2885090269265234,0.4920833333333333,0.2153333333333333,False,1,True,1,False
30,0.2,0.24,0.02,2,access-costly,restrict_A,A_own0==1,674,0.2232937685459941,0.2107701240250114,0.2358174130669767,0.4368199802176064,0.2135262116716122,False,1,True,1,False
31,0.2,0.24,0.02,4,access-honest,evidence_count,all,1000,-0.877,-0.9438424382046702,-0.8101575617953298,2.091,2.968,False,-1,True,-1,False
31,0.2,0.24,0.02,4,access-honest,evidence_count,A_own0==1,606,-0.6468646864686468,-0.7236319290488944,-0.5700974438883992,2.3514851485148514,2.9983498349834985,False,-1,True,-1,False
31,0.2,0.24,0.02,4,access-honest,A_p_truth,all,1000,-0.0084225428167545,-0.0146694178581682,-0.0021756677753409,0.9204871091855904,0.9289096520023452,False,-1,True,-1,False
31,0.2,0.24,0.02,4,access-honest,A_p_truth,A_own0==1,606,-0.007028128837167,-0.0153227688846534,0.0012665112103192,0.9095529388915864,0.9165810677287536,False,-1,False,-1,False
31,0.2,0.24,0.02,4,costly-attenuated,A_dbelief,all,1000,0.127767941085729,0.1168350255087322,0.1387008566627257,0.1873752129399105,0.0596072718541815,False,1,True,1,False
31,0.2,0.24,0.02,4,costly-attenuated,A_dbelief,A_own0==1,606,0.1377040326172326,0.1211170665992213,0.1542909986352438,0.1946695357890842,0.0569655031718516,False,1,True,1,False
31,0.2,0.24,0.02,4,access-costly,restrict_A,all,1000,0.2825,0.2699118417835316,0.2950881582164683,0.5025833333333333,0.2200833333333333,False,1,True,1,False
31,0.2,0.24,0.02,4,access-costly,restrict_A,A_own0==1,606,0.1927942794279428,0.1802736280481412,0.2053149308077444,0.4135038503850384,0.2207095709570957,False,1,True,1,False
32,0.2,0.24,0.05,2,access-honest,evidence_count,all,1000,-0.768,-0.830202852961231,-0.7057971470387691,2.463,3.231,False,-1,True,-1,False
32,0.2,0.24,0.05,2,access-honest,evidence_count,A_own0==1,674,-0.6379821958456974,-0.7082896552310186,-0.5676747364603761,2.6305637982195846,3.2685459940652817,False,-1,True,-1,False
32,0.2,0.24,0.05,2,access-honest,A_p_truth,all,1000,-0.0238714205097808,-0.0329513609388222,-0.0147914800807393,0.8475794739950256,0.8714508945048065,False,-1,True,-1,False
32,0.2,0.24,0.05,2,access-honest,A_p_truth,A_own0==1,674,-0.0250311153012366,-0.0353169542773033,-0.0147452763251698,0.8424140800158145,0.8674451953170511,False,-1,True,-1,False
32,0.2,0.24,0.05,2,costly-attenuated,A_dbelief,all,1000,0.1798642501628632,0.1681192007385313,0.191609299587195,0.2569946373352856,0.0771303871724224,False,1,True,1,False
32,0.2,0.24,0.05,2,costly-attenuated,A_dbelief,A_own0==1,674,0.1853367790831404,0.1690318846179375,0.2016416735483433,0.2576436505656152,0.0723068714824747,False,1,True,1,False
32,0.2,0.24,0.05,2,access-costly,restrict_A,all,1000,0.25275,0.2413227281666767,0.2641772718333232,0.4699166666666666,0.2171666666666666,False,1,True,1,False
32,0.2,0.24,0.05,2,access-costly,restrict_A,A_own0==1,674,0.2046241345202769,0.1925636747745779,0.216684594265976,0.4201285855588526,0.2155044510385756,False,1,True,1,False
33,0.2,0.24,0.05,4,access-honest,evidence_count,all,1000,-0.749,-0.8082202870712462,-0.6897797129287538,2.378,3.127,False,-1,True,-1,False
33,0.2,0.24,0.05,4,access-honest,evidence_count,A_own0==1,606,-0.5561056105610561,-0.6244355386886767,-0.4877756824334355,2.617161716171617,3.1732673267326734,False,-1,True,-1,False
33,0.2,0.24,0.05,4,access-honest,A_p_truth,all,1000,-0.0100613471129995,-0.0161592553654641,-0.0039634388605349,0.9201329702864648,0.9301943173994645,False,-1,True,-1,False
33,0.2,0.24,0.05,4,access-honest,A_p_truth,A_own0==1,606,-0.0073427160593265,-0.0153026850449203,0.0006172529262671,0.9114794448573548,0.9188221609166812,False,-1,False,-1,False
33,0.2,0.24,0.05,4,costly-attenuated,A_dbelief,all,1000,0.1279975685506343,0.1170450993640089,0.1389500377372598,0.1888761979632713,0.0608786294126369,False,1,True,1,False
33,0.2,0.24,0.05,4,costly-attenuated,A_dbelief,A_own0==1,606,0.1380834191980608,0.121473249896033,0.1546935885000887,0.1964011537518829,0.058317734553822,False,1,True,1,False
33,0.2,0.24,0.05,4,access-costly,restrict_A,all,1000,0.2615,0.2493533506887912,0.2736466493112088,0.4826666666666666,0.2211666666666666,False,1,True,1,False
33,0.2,0.24,0.05,4,access-costly,restrict_A,A_own0==1,606,0.1782178217821782,0.1662257709142611,0.1902098726500952,0.4001650165016501,0.2219471947194719,False,1,True,1,False
34,0.2,0.24,0.1,2,access-honest,evidence_count,all,1000,-0.57,-0.6217750907292302,-0.5182249092707697,2.856,3.426,False,-1,True,-1,False
34,0.2,0.24,0.1,2,access-honest,evidence_count,A_own0==1,674,-0.4732937685459941,-0.5326512306737005,-0.4139363064182877,2.9747774480712166,3.4480712166172105,False,-1,True,-1,False
34,0.2,0.24,0.1,2,access-honest,A_p_truth,all,1000,-0.0198459133174525,-0.0274263894439857,-0.0122654371909193,0.8545192916199625,0.8743652049374151,False,-1,True,-1,False
34,0.2,0.24,0.1,2,access-honest,A_p_truth,A_own0==1,674,-0.0203781987396858,-0.0294991821441667,-0.0112572153352049,0.8495377186680275,0.8699159174077135,False,-1,True,-1,False
34,0.2,0.24,0.1,2,costly-attenuated,A_dbelief,all,1000,0.1777805189104676,0.1662493059679685,0.1893117318529667,0.2581508967155625,0.0803703778050949,False,1,True,1,False
34,0.2,0.24,0.1,2,costly-attenuated,A_dbelief,A_own0==1,674,0.1837348327028445,0.1676451586104003,0.1998245067952887,0.2589116902361635,0.0751768575333189,False,1,True,1,False
34,0.2,0.24,0.1,2,access-costly,restrict_A,all,1000,0.2136666666666667,0.2029136278145251,0.2244197055188083,0.4321666666666667,0.2185,False,1,True,1,False
34,0.2,0.24,0.1,2,access-costly,restrict_A,A_own0==1,674,0.1743323442136498,0.1629102124707309,0.1857544759565687,0.3904549950544016,0.2161226508407517,False,1,True,1,False
35,0.2,0.24,0.1,4,access-honest,evidence_count,all,1000,-0.554,-0.6047997727486188,-0.5032002272513812,2.767,3.321,False,-1,True,-1,False
35,0.2,0.24,0.1,4,access-honest,evidence_count,A_own0==1,606,-0.4174917491749175,-0.4762389416117609,-0.358744556738074,2.9356435643564356,3.3531353135313533,False,-1,True,-1,False
35,0.2,0.24,0.1,4,access-honest,A_p_truth,all,1000,-0.0085540797719093,-0.0134021537877697,-0.003706005756049,0.9254325874797504,0.9339866672516596,False,-1,True,-1,False
35,0.2,0.24,0.1,4,access-honest,A_p_truth,A_own0==1,606,-0.0060055045499882,-0.0124375661749161,0.0004265570749396,0.9176668713252908,0.9236723758752792,False,-1,False,-1,False
35,0.2,0.24,0.1,4,costly-attenuated,A_dbelief,all,1000,0.1283772643494034,0.1172704123855107,0.1394841163132961,0.1908039349974964,0.0624266706480929,False,1,True,1,False
35,0.2,0.24,0.1,4,costly-attenuated,A_dbelief,A_own0==1,606,0.1382660108381922,0.1214554980522436,0.1550765236241407,0.1979999203876096,0.0597339095494174,False,1,True,1,False
35,0.2,0.24,0.1,4,access-costly,restrict_A,all,1000,0.2213333333333333,0.210052172500099,0.2326144941665677,0.44325,0.2219166666666666,False,1,True,1,False
35,0.2,0.24,0.1,4,access-costly,restrict_A,A_own0==1,606,0.1501650165016501,0.1392069465594304,0.1611230864438698,0.3725247524752475,0.2223597359735973,False,1,True,1,False
36,0.4,0.06,0.02,2,access-honest,evidence_count,all,1000,-0.36,-0.4100107760159519,-0.309989223984048,1.672,2.032,False,-1,True,-1,False
36,0.4,0.06,0.02,2,access-honest,evidence_count,A_own0==1,674,-0.3367952522255193,-0.3985668553313978,-0.2750236491196408,1.7537091988130564,2.0905044510385755,False,-1,True,-1,False
36,0.4,0.06,0.02,2,access-honest,A_p_truth,all,1000,-0.0162448282914135,-0.0243436065661106,-0.0081460500167164,0.8231992123389739,0.8394440406303875,False,-1,True,-1,False
36,0.4,0.06,0.02,2,access-honest,A_p_truth,A_own0==1,674,-0.0139509994733525,-0.0236996687075371,-0.0042023302391678,0.8171494473592942,0.8311004468326466,False,-1,True,-1,False
36,0.4,0.06,0.02,2,costly-attenuated,A_dbelief,all,1000,0.1686761434220187,0.1577496086713801,0.1796026781726573,0.2296860477185018,0.061009904296483,False,1,True,1,False
36,0.4,0.06,0.02,2,costly-attenuated,A_dbelief,A_own0==1,674,0.1723983727279691,0.1574268126843983,0.18736993277154,0.2295853811788656,0.0571870084508965,False,1,True,1,False
36,0.4,0.06,0.02,2,access-costly,restrict_A,all,1000,0.12225,0.1119213006661085,0.1325786993338914,0.5774166666666666,0.4551666666666666,False,1,True,1,False
36,0.4,0.06,0.02,2,access-costly,restrict_A,A_own0==1,674,0.1047230464886251,0.0936504828210452,0.115795610156205,0.5574925816023739,0.4527695351137487,False,1,True,1,False
37,0.4,0.06,0.02,4,access-honest,evidence_count,all,1000,-0.304,-0.348005735980656,-0.259994264019344,1.634,1.938,False,-1,True,-1,False
37,0.4,0.06,0.02,4,access-honest,evidence_count,A_own0==1,606,-0.2326732673267326,-0.28607810549358,-0.1792684291598853,1.7178217821782178,1.9504950495049505,False,-1,True,-1,False
37,0.4,0.06,0.02,4,access-honest,A_p_truth,all,1000,-0.0089182205490819,-0.0138883021891648,-0.003948138908999,0.9024188900035984,0.9113371105526804,False,-1,True,-1,False
37,0.4,0.06,0.02,4,access-honest,A_p_truth,A_own0==1,606,-0.0083702012700084,-0.0154324172972657,-0.0013079852427511,0.8879667491630878,0.8963369504330962,False,-1,True,-1,False
37,0.4,0.06,0.02,4,costly-attenuated,A_dbelief,all,1000,0.1195400137064339,0.1094466334998648,0.129633393913003,0.1699623057226607,0.0504222920162268,False,1,True,1,False
37,0.4,0.06,0.02,4,costly-attenuated,A_dbelief,A_own0==1,606,0.1219351161051105,0.107159230322259,0.136711001887962,0.1698070827535557,0.0478719666484451,False,1,True,1,False
37,0.4,0.06,0.02,4,access-costly,restrict_A,all,1000,0.1166666666666666,0.1065270287687362,0.126806304564597,0.5795,0.4628333333333333,False,1,True,1,False
37,0.4,0.06,0.02,4,access-costly,restrict_A,A_own0==1,606,0.088008800880088,0.0779587093850931,0.0980588923750828,0.5485423542354235,0.4605335533553355,False,1,True,1,False
38,0.4,0.06,0.05,2,access-honest,evidence_count,all,1000,-0.313,-0.3605929256946468,-0.2654070743053531,1.944,2.257,False,-1,True,-1,False
38,0.4,0.06,0.05,2,access-honest,evidence_count,A_own0==1,674,-0.3086053412462908,-0.368232625091352,-0.2489780574012295,2.0044510385756675,2.3130563798219583,False,-1,True,-1,False
38,0.4,0.06,0.05,2,access-honest,A_p_truth,all,1000,-0.0118658304150243,-0.0193781559069542,-0.0043535049230944,0.8281506261170564,0.8400164565320807,False,-1,True,-1,False
38,0.4,0.06,0.05,2,access-honest,A_p_truth,A_own0==1,674,-0.0122199095152076,-0.0214010547709445,-0.0030387642594707,0.8192549362311593,0.831474845746367,False,-1,True,-1,False
38,0.4,0.06,0.05,2,costly-attenuated,A_dbelief,all,1000,0.1691054642151539,0.1581518968625448,0.1800590315677631,0.232855935143602,0.063750470928448,False,1,True,1,False
38,0.4,0.06,0.05,2,costly-attenuated,A_dbelief,A_own0==1,674,0.1731631159500356,0.1581215728714845,0.1882046590285868,0.2325119455318973,0.0593488295818617,False,1,True,1,False
38,0.4,0.06,0.05,2,access-costly,restrict_A,all,1000,0.1105,0.1001263944035427,0.1208736055964572,0.5678333333333334,0.4573333333333333,False,1,True,1,False
38,0.4,0.06,0.05,2,access-costly,restrict_A,A_own0==1,674,0.0923590504451038,0.0812216134906381,0.1034964873995696,0.548837784371909,0.4564787339268051,False,1,True,1,False
39,0.4,0.06,0.05,4,access-honest,evidence_count,all,1000,-0.267,-0.3091364979805164,-0.2248635020194836,1.927,2.194,False,-1,True,-1,False
39,0.4,0.06,0.05,4,access-honest,evidence_count,A_own0==1,606,-0.1963696369636963,-0.2473080565168204,-0.1454312174105723,2.0231023102310233,2.2194719471947195,False,-1,True,-1,False
39,0.4,0.06,0.05,4,access-honest,A_p_truth,all,1000,-0.0074972697220443,-0.0119045966096957,-0.003089942834393,0.9055074891138064,0.9130047588358507,False,-1,True,-1,False
39,0.4,0.06,0.05,4,access-honest,A_p_truth,A_own0==1,606,-0.0073658886368331,-0.0135300168423878,-0.0012017604312784,0.8934413502569459,0.900807238893779,False,-1,True,-1,False
39,0.4,0.06,0.05,4,costly-attenuated,A_dbelief,all,1000,0.1182207365230846,0.1081955019652097,0.1282459710809595,0.1712903041312726,0.053069567608188,False,1,True,1,False
39,0.4,0.06,0.05,4,costly-attenuated,A_dbelief,A_own0==1,606,0.1233919843288513,0.1085310290866217,0.138252939571081,0.1735300814058128,0.0501380970769614,False,1,True,1,False
39,0.4,0.06,0.05,4,access-costly,restrict_A,all,1000,0.1109166666666666,0.1007330902868559,0.1211002430464773,0.57225,0.4613333333333334,False,1,True,1,False
39,0.4,0.06,0.05,4,access-costly,restrict_A,A_own0==1,606,0.0837458745874587,0.0736997922966032,0.0937919568783142,0.5422167216721673,0.4584708470847085,False,1,True,1,False
40,0.4,0.06,0.1,2,access-honest,evidence_count,all,1000,-0.26,-0.3047344365093583,-0.2152655634906417,2.385,2.645,False,-1,True,-1,False
40,0.4,0.06,0.1,2,access-honest,evidence_count,A_own0==1,674,-0.2433234421364985,-0.29761939457991,-0.1890274896930869,2.4480712166172105,2.691394658753709,False,-1,True,-1,False
40,0.4,0.06,0.1,2,access-honest,A_p_truth,all,1000,-0.0073790262758594,-0.0137191464435375,-0.0010389061081814,0.8433351798985544,0.850714206174414,False,-1,True,-1,False
40,0.4,0.06,0.1,2,access-honest,A_p_truth,A_own0==1,674,-0.0065639442801032,-0.0142231972595575,0.001095308699351,0.8362938731085329,0.842857817388636,False,-1,False,-1,False
40,0.4,0.06,0.1,2,costly-attenuated,A_dbelief,all,1000,0.1701363281526791,0.1591326746673656,0.1811399816379927,0.2397807651856486,0.0696444370329694,False,1,True,1,False
40,0.4,0.06,0.1,2,costly-attenuated,A_dbelief,A_own0==1,674,0.1758043545930922,0.1606635801981089,0.1909451289880755,0.239292750955563,0.0634883963624708,False,1,True,1,False
40,0.4,0.06,0.1,2,access-costly,restrict_A,all,1000,0.098,0.0876918587601709,0.108308141239829,0.5561666666666666,0.4581666666666666,False,1,True,1,False
40,0.4,0.06,0.1,2,access-costly,restrict_A,A_own0==1,674,0.0845697329376854,0.0735791208782158,0.095560344997155,0.540677546983185,0.4561078140454994,False,1,True,1,False
41,0.4,0.06,0.1,4,access-honest,evidence_count,all,1000,-0.217,-0.2536819255391707,-0.1803180744608293,2.37,2.587,False,-1,True,-1,False
41,0.4,0.06,0.1,4,access-honest,evidence_count,A_own0==1,606,-0.1584158415841584,-0.2016987274457506,-0.1151329557225662,2.424092409240924,2.5825082508250827,False,-1,True,-1,False
41,0.4,0.06,0.1,4,access-honest,A_p_truth,all,1000,-0.0078375214832237,-0.0119099522844135,-0.0037650906820338,0.9135265344654374,0.9213640559486612,False,-1,True,-1,False
41,0.4,0.06,0.1,4,access-honest,A_p_truth,A_own0==1,606,-0.0077842600154212,-0.0138165924629097,-0.0017519275679326,0.9027479322538792,0.9105321922693004,False,-1,True,-1,False
41,0.4,0.06,0.1,4,costly-attenuated,A_dbelief,all,1000,0.1205995612923059,0.1102496867935458,0.1309494357910661,0.1766635362978019,0.056063975005496,False,1,True,1,False
41,0.4,0.06,0.1,4,costly-attenuated,A_dbelief,A_own0==1,606,0.1273500969640818,0.111888255446457,0.1428119384817066,0.1794727529542477,0.0521226559901658,False,1,True,1,False
41,0.4,0.06,0.1,4,access-costly,restrict_A,all,1000,0.0963333333333333,0.0863347029833532,0.1063319636833133,0.5576666666666666,0.4613333333333333,False,1,True,1,False
41,0.4,0.06,0.1,4,access-costly,restrict_A,A_own0==1,606,0.0737073707370737,0.063974252337947,0.0834404891362003,0.531903190319032,0.4581958195819582,False,1,True,1,False
42,0.4,0.12,0.02,2,access-honest,evidence_count,all,1000,-0.42,-0.4743301382652752,-0.3656698617347247,1.812,2.232,False,-1,True,-1,False
42,0.4,0.12,0.02,2,access-honest,evidence_count,A_own0==1,674,-0.3842729970326409,-0.4508563798432707,-0.3176896142220112,1.8991097922848663,2.2833827893175074,False,-1,True,-1,False
42,0.4,0.12,0.02,2,access-honest,A_p_truth,all,1000,-0.0194424890633981,-0.0276938062683732,-0.0111911718584229,0.8259132385947427,0.8453557276581409,False,-1,True,-1,False
42,0.4,0.12,0.02,2,access-honest,A_p_truth,A_own0==1,674,-0.0172672124236397,-0.0269115457915354,-0.007622879055744,0.8198271735626543,0.8370943859862942,False,-1,True,-1,False
42,0.4,0.12,0.02,2,costly-attenuated,A_dbelief,all,1000,0.171214982768969,0.160133261383445,0.1822967041544929,0.234252822938483,0.063037840169514,False,1,True,1,False
42,0.4,0.12,0.02,2,costly-attenuated,A_dbelief,A_own0==1,674,0.175925049071445,0.1606654273632208,0.1911846707796692,0.2348649528924299,0.0589399038209848,False,1,True,1,False
42,0.4,0.12,0.02,2,access-costly,restrict_A,all,1000,0.1275,0.1170989169754472,0.1379010830245527,0.5486666666666667,0.4211666666666667,False,1,True,1,False
42,0.4,0.12,0.02,2,access-costly,restrict_A,A_own0==1,674,0.1057121661721068,0.0943724684879971,0.1170518638562164,0.5269535113748763,0.4212413452027694,False,1,True,1,False
43,0.4,0.12,0.02,4,access-honest,evidence_count,all,1000,-0.369,-0.416826989486307,-0.3211730105136929,1.745,2.114,False,-1,True,-1,False
43,0.4,0.12,0.02,4,access-honest,evidence_count,A_own0==1,606,-0.2887788778877888,-0.3461809182164812,-0.2313768375590963,1.844884488448845,2.133663366336634,False,-1,True,-1,False
43,0.4,0.12,0.02,4,access-honest,A_p_truth,all,1000,-0.0098316093099557,-0.015206471829232,-0.0044567467906794,0.9030361441556436,0.9128677534655992,False,-1,True,-1,False
43,0.4,0.12,0.02,4,access-honest,A_p_truth,A_own0==1,606,-0.0113075854790097,-0.0192770701168789,-0.0033381008411406,0.8881724900270165,0.8994800755060264,False,-1,True,-1,False
43,0.4,0.12,0.02,4,costly-attenuated,A_dbelief,all,1000,0.1206156521703345,0.1103924912288637,0.1308388131118054,0.1729031402619497,0.0522874880916151,False,1,True,1,False
43,0.4,0.12,0.02,4,costly-attenuated,A_dbelief,A_own0==1,606,0.12402171250384,0.1090595087205984,0.1389839162870815,0.1736376496679825,0.0496159371641425,False,1,True,1,False
43,0.4,0.12,0.02,4,access-costly,restrict_A,all,1000,0.12425,0.1138735695246674,0.1346264304753325,0.5500833333333333,0.4258333333333334,False,1,True,1,False
43,0.4,0.12,0.02,4,access-costly,restrict_A,A_own0==1,606,0.0915841584158415,0.0811435611472843,0.1020247556843987,0.5148514851485149,0.4232673267326732,False,1,True,1,False
44,0.4,0.12,0.05,2,access-honest,evidence_count,all,1000,-0.371,-0.422486817990888,-0.319513182009112,2.073,2.444,False,-1,True,-1,False
44,0.4,0.12,0.05,2,access-honest,evidence_count,A_own0==1,674,-0.3471810089020771,-0.4111226929369559,-0.2832393248671983,2.1409495548961424,2.4881305637982196,False,-1,True,-1,False
44,0.4,0.12,0.05,2,access-honest,A_p_truth,all,1000,-0.0158584293737992,-0.0236334171185953,-0.0080834416290032,0.8302329702222349,0.8460913995960342,False,-1,True,-1,False
44,0.4,0.12,0.05,2,access-honest,A_p_truth,A_own0==1,674,-0.0149715476394586,-0.0243000731120855,-0.0056430221668316,0.8225735316475645,0.8375450792870229,False,-1,True,-1,False
44,0.4,0.12,0.05,2,costly-attenuated,A_dbelief,all,1000,0.1688164798518211,0.157741469214036,0.1798914904896062,0.2344410933513629,0.0656246134995418,False,1,True,1,False
44,0.4,0.12,0.05,2,costly-attenuated,A_dbelief,A_own0==1,674,0.1738488377585737,0.1586112731362538,0.1890864023808936,0.2345897714216322,0.0607409336630584,False,1,True,1,False
44,0.4,0.12,0.05,2,access-costly,restrict_A,all,1000,0.1190833333333333,0.1086439896173978,0.1295226770492688,0.5405,0.4214166666666666,False,1,True,1,False
44,0.4,0.12,0.05,2,access-costly,restrict_A,A_own0==1,674,0.0964391691394658,0.0852536868723024,0.1076246514066292,0.5195351137487636,0.4230959446092976,False,1,True,1,False
45,0.4,0.12,0.05,4,access-honest,evidence_count,all,1000,-0.313,-0.3586125552320279,-0.2673874447679721,2.047,2.36,False,-1,True,-1,False
45,0.4,0.12,0.05,4,access-honest,evidence_count,A_own0==1,606,-0.2376237623762376,-0.2923454702070147,-0.1829020545454605,2.1534653465346536,2.391089108910891,False,-1,True,-1,False
45,0.4,0.12,0.05,4,access-honest,A_p_truth,all,1000,-0.0062678752009893,-0.0111965004689133,-0.0013392499330653,0.906626232813814,0.9128941080148032,False,-1,True,-1,False
45,0.4,0.12,0.05,4,access-honest,A_p_truth,A_own0==1,606,-0.0063353908154527,-0.013611292423786,0.0009405107928805,0.8947295948590316,0.9010649856744845,False,-1,False,-1,False
45,0.4,0.12,0.05,4,costly-attenuated,A_dbelief,all,1000,0.1194086672090349,0.109176482565284,0.1296408518527857,0.1736873683441497,0.0542787011351148,False,1,True,1,False
45,0.4,0.12,0.05,4,costly-attenuated,A_dbelief,A_own0==1,606,0.1248567194530761,0.1097323453717281,0.1399810935344241,0.1763574990841492,0.051500779631073,False,1,True,1,False
45,0.4,0.12,0.05,4,access-costly,restrict_A,all,1000,0.11475,0.1043133272418609,0.1251866727581391,0.5396666666666667,0.4249166666666666,False,1,True,1,False
45,0.4,0.12,0.05,4,access-costly,restrict_A,A_own0==1,606,0.084020902090209,0.0737954392242765,0.0942463649561414,0.5061881188118812,0.4221672167216721,False,1,True,1,False
46,0.4,0.12,0.1,2,access-honest,evidence_count,all,1000,-0.296,-0.3450003531518805,-0.2469996468481194,2.497,2.793,False,-1,True,-1,False
46,0.4,0.12,0.1,2,access-honest,evidence_count,A_own0==1,674,-0.2596439169139466,-0.3185389385003136,-0.2007488953275796,2.572700296735905,2.8323442136498516,False,-1,True,-1,False
46,0.4,0.12,0.1,2,access-honest,A_p_truth,all,1000,-0.0109823192127157,-0.0174796711756323,-0.004484967249799,0.8453789253363099,0.8563612445490257,False,-1,True,-1,False
46,0.4,0.12,0.1,2,access-honest,A_p_truth,A_own0==1,674,-0.0088098877271242,-0.0166076264422437,-0.0010121490120046,0.8395828739119046,0.8483927616390287,False,-1,True,-1,False
46,0.4,0.12,0.1,2,costly-attenuated,A_dbelief,all,1000,0.1684996906308477,0.1574540124658515,0.1795453687958439,0.2399210528703736,0.0714213622395259,False,1,True,1,False
46,0.4,0.12,0.1,2,costly-attenuated,A_dbelief,A_own0==1,674,0.1744105307013386,0.1591508027504012,0.189670258652276,0.2394213656392779,0.0650108349379393,False,1,True,1,False
46,0.4,0.12,0.1,2,access-costly,restrict_A,all,1000,0.1038333333333333,0.0936628178713451,0.1140038487953215,0.5269166666666667,0.4230833333333333,False,1,True,1,False
46,0.4,0.12,0.1,2,access-costly,restrict_A,A_own0==1,674,0.0853115727002967,0.0745760474862339,0.0960470979143595,0.509272997032641,0.4239614243323442,False,1,True,1,False
47,0.4,0.12,0.1,4,access-honest,evidence_count,all,1000,-0.248,-0.289621602460638,-0.2063783975393619,2.477,2.725,False,-1,True,-1,False
47,0.4,0.12,0.1,4,access-honest,evidence_count,A_own0==1,606,-0.1864686468646864,-0.235765550270836,-0.1371717434585369,2.5346534653465347,2.721122112211221,False,-1,True,-1,False
47,0.4,0.12,0.1,4,access-honest,A_p_truth,all,1000,-0.0056565796723552,-0.0103163672373383,-0.000996792107372,0.9149619699505706,0.9206185496229256,False,-1,True,-1,False
47,0.4,0.12,0.1,4,access-honest,A_p_truth,A_own0==1,606,-0.0056000245052088,-0.0126467072364568,0.001446658226039,0.904189804051874,0.9097898285570828,False,-1,False,-1,False
47,0.4,0.12,0.1,4,costly-attenuated,A_dbelief,all,1000,0.1203961266205139,0.109850707324582,0.1309415459164458,0.1776219488891011,0.0572258222685872,False,1,True,1,False
47,0.4,0.12,0.1,4,costly-attenuated,A_dbelief,A_own0==1,606,0.1268481419030671,0.1112093911706603,0.1424868926354739,0.1805104205405384,0.0536622786374713,False,1,True,1,False
47,0.4,0.12,0.1,4,access-costly,restrict_A,all,1000,0.09925,0.0891096786871697,0.1093903213128302,0.52575,0.4265,False,1,True,1,False
47,0.4,0.12,0.1,4,access-costly,restrict_A,A_own0==1,606,0.0723322332233223,0.0626608954244645,0.0820035710221801,0.4964246424642465,0.4240924092409241,False,1,True,1,False
48,0.4,0.24,0.02,2,access-honest,evidence_count,all,1000,-0.521,-0.5818712868926554,-0.4601287131073445,2.105,2.626,False,-1,True,-1,False
48,0.4,0.24,0.02,2,access-honest,evidence_count,A_own0==1,674,-0.443620178041543,-0.5138486877246433,-0.3733916683584427,2.2240356083086055,2.6676557863501484,False,-1,True,-1,False
48,0.4,0.24,0.02,2,access-honest,A_p_truth,all,1000,-0.0232677677757081,-0.0326594121363063,-0.0138761234151099,0.8297288397889855,0.8529966075646938,False,-1,True,-1,False
48,0.4,0.24,0.02,2,access-honest,A_p_truth,A_own0==1,674,-0.0261587725938045,-0.0368355622435725,-0.0154819829440366,0.8227687854694834,0.8489275580632878,False,-1,True,-1,False
48,0.4,0.24,0.02,2,costly-attenuated,A_dbelief,all,1000,0.1737721743166366,0.1624585462883342,0.185085802344939,0.2422543903422615,0.0684822160256248,False,1,True,1,False
48,0.4,0.24,0.02,2,costly-attenuated,A_dbelief,A_own0==1,674,0.1776462059747937,0.1621050978481627,0.1931873141014248,0.2417174056555618,0.064071199680768,False,1,True,1,False
48,0.4,0.24,0.02,2,access-costly,restrict_A,all,1000,0.1425,0.1324106583006105,0.1525893416993894,0.48975,0.34725,False,1,True,1,False
48,0.4,0.24,0.02,2,access-costly,restrict_A,A_own0==1,674,0.1170870425321464,0.10600962539683,0.1281644596674628,0.4647626112759644,0.347675568743818,False,1,True,1,False
49,0.4,0.24,0.02,4,access-honest,evidence_count,all,1000,-0.469,-0.5243621711314901,-0.4136378288685099,2.015,2.484,False,-1,True,-1,False
49,0.4,0.24,0.02,4,access-honest,evidence_count,A_own0==1,606,-0.3168316831683168,-0.3826286051304846,-0.2510347612061491,2.1782178217821784,2.495049504950495,False,-1,True,-1,False
49,0.4,0.24,0.02,4,access-honest,A_p_truth,all,1000,-0.0077451424125016,-0.013543128623336,-0.0019471562016672,0.9109373556995785,0.91868249811208,False,-1,True,-1,False
49,0.4,0.24,0.02,4,access-honest,A_p_truth,A_own0==1,606,-0.010006660461336,-0.0184085687477985,-0.0016047521748735,0.897834940116915,0.9078416005782513,False,-1,True,-1,False
49,0.4,0.24,0.02,4,costly-attenuated,A_dbelief,all,1000,0.121631328403667,0.1110546024045057,0.1322080544028283,0.1773316033748575,0.0557002749711905,False,1,True,1,False
49,0.4,0.24,0.02,4,costly-attenuated,A_dbelief,A_own0==1,606,0.1264832682109791,0.1109012828836827,0.1420652535382754,0.1793939540946187,0.0529106858836396,False,1,True,1,False
49,0.4,0.24,0.02,4,access-costly,restrict_A,all,1000,0.1425,0.1316235030472241,0.1533764969527758,0.4954166666666666,0.3529166666666666,False,1,True,1,False
49,0.4,0.24,0.02,4,access-costly,restrict_A,A_own0==1,606,0.0995599559955995,0.0888070479587009,0.1103128640324982,0.4532453245324532,0.3536853685368537,False,1,True,1,False
50,0.4,0.24,0.05,2,access-honest,evidence_count,all,1000,-0.454,-0.511235246551822,-0.3967647534481781,2.359,2.813,False,-1,True,-1,False
50,0.4,0.24,0.05,2,access-honest,evidence_count,A_own0==1,674,-0.3946587537091988,-0.4613404799008135,-0.3279770275175841,2.456973293768546,2.851632047477745,False,-1,True,-1,False
50,0.4,0.24,0.05,2,access-honest,A_p_truth,all,1000,-0.016928215619329,-0.0259150590284499,-0.0079413722102081,0.8353970096663429,0.8523252252856721,False,-1,True,-1,False
50,0.4,0.24,0.05,2,access-honest,A_p_truth,A_own0==1,674,-0.0192751587472817,-0.0297698099868065,-0.0087805075077569,0.8271917282737081,0.8464668870209899,False,-1,True,-1,False
50,0.4,0.24,0.05,2,costly-attenuated,A_dbelief,all,1000,0.1727159114480396,0.1613622981758439,0.1840695247202353,0.2436078674004761,0.0708919559524365,False,1,True,1,False
50,0.4,0.24,0.05,2,costly-attenuated,A_dbelief,A_own0==1,674,0.1762671084124632,0.1607410875575373,0.1917931292673892,0.2419632041063655,0.0656960956939022,False,1,True,1,False
50,0.4,0.24,0.05,2,access-costly,restrict_A,all,1000,0.1326666666666666,0.1226521949138015,0.1426811384195317,0.48125,0.3485833333333333,False,1,True,1,False
50,0.4,0.24,0.05,2,access-costly,restrict_A,A_own0==1,674,0.1090504451038575,0.0981405085938939,0.1199603816138211,0.4584569732937685,0.3494065281899109,False,1,True,1,False
51,0.4,0.24,0.05,4,access-honest,evidence_count,all,1000,-0.404,-0.456720265940536,-0.351279734059464,2.279,2.683,False,-1,True,-1,False
51,0.4,0.24,0.05,4,access-honest,evidence_count,A_own0==1,606,-0.2871287128712871,-0.3513844646188039,-0.2228729611237702,2.4257425742574257,2.712871287128713,False,-1,True,-1,False
51,0.4,0.24,0.05,4,access-honest,A_p_truth,all,1000,-0.0058071931831512,-0.0115084838092089,-0.0001059025570934,0.9142778258976392,0.9200850190807904,False,-1,True,-1,False
51,0.4,0.24,0.05,4,access-honest,A_p_truth,A_own0==1,606,-0.006086844015221,-0.0142307712034477,0.0020570831730056,0.9038411742571468,0.909928018272368,False,-1,False,-1,False
51,0.4,0.24,0.05,4,costly-attenuated,A_dbelief,all,1000,0.1202926620858495,0.1097439137521445,0.1308414104195546,0.1779955370746949,0.0577028749888453,False,1,True,1,False
51,0.4,0.24,0.05,4,costly-attenuated,A_dbelief,A_own0==1,606,0.1256356959798593,0.1100265612350306,0.1412448307246879,0.1801548051087825,0.0545191091289232,False,1,True,1,False
51,0.4,0.24,0.05,4,access-costly,restrict_A,all,1000,0.1325,0.1217593904774851,0.1432406095225148,0.4856666666666666,0.3531666666666666,False,1,True,1,False
51,0.4,0.24,0.05,4,access-costly,restrict_A,A_own0==1,606,0.0929592959295929,0.0822848631688549,0.103633728690331,0.4469196919691969,0.3539603960396039,False,1,True,1,False
52,0.4,0.24,0.1,2,access-honest,evidence_count,all,1000,-0.365,-0.4186239495744948,-0.3113760504255051,2.741,3.106,False,-1,True,-1,False
52,0.4,0.24,0.1,2,access-honest,evidence_count,A_own0==1,674,-0.3056379821958457,-0.3689326128770456,-0.2423433515146458,2.833827893175074,3.1394658753709197,False,-1,True,-1,False
52,0.4,0.24,0.1,2,access-honest,A_p_truth,all,1000,-0.015608747272211,-0.0237218221129238,-0.0074956724314981,0.8466583241196454,0.8622670713918564,False,-1,True,-1,False
52,0.4,0.24,0.1,2,access-honest,A_p_truth,A_own0==1,674,-0.0139258357890152,-0.0238238021489505,-0.0040278694290799,0.8406300653314493,0.8545559011204645,False,-1,True,-1,False
52,0.4,0.24,0.1,2,costly-attenuated,A_dbelief,all,1000,0.1732422384235199,0.1617671417257792,0.1847173351212605,0.2492491761053404,0.0760069376818205,False,1,True,1,False
52,0.4,0.24,0.1,2,costly-attenuated,A_dbelief,A_own0==1,674,0.178898602365826,0.1630653372592556,0.1947318674723964,0.2484051115015978,0.0695065091357717,False,1,True,1,False
52,0.4,0.24,0.1,2,access-costly,restrict_A,all,1000,0.1121666666666666,0.1024242175892972,0.1219091157440361,0.4623333333333334,0.3501666666666666,False,1,True,1,False
52,0.4,0.24,0.1,2,access-costly,restrict_A,A_own0==1,674,0.0913699307616221,0.0808415378484625,0.1018983236747818,0.443001978239367,0.3516320474777448,False,1,True,1,False
53,0.4,0.24,0.1,4,access-honest,evidence_count,all,1000,-0.318,-0.3646892999768933,-0.2713107000231066,2.679,2.997,False,-1,True,-1,False
53,0.4,0.24,0.1,4,access-honest,evidence_count,A_own0==1,606,-0.2541254125412541,-0.3135368164607542,-0.1947140086217541,2.754125412541254,3.0082508250825084,False,-1,True,-1,False
53,0.4,0.24,0.1,4,access-honest,A_p_truth,all,1000,-0.0050599701250627,-0.0104627587729599,0.0003428185228343,0.9212693228663348,0.9263292929913975,False,-1,False,-1,False
53,0.4,0.24,0.1,4,access-honest,A_p_truth,A_own0==1,606,-0.0058294598530729,-0.0139343499297908,0.002275430223645,0.911326421673759,0.917155881526832,False,-1,False,-1,False
53,0.4,0.24,0.1,4,costly-attenuated,A_dbelief,all,1000,0.1227930192677363,0.1120428159489138,0.1335432225865589,0.1828144413316041,0.0600214220638677,False,1,True,1,False
53,0.4,0.24,0.1,4,costly-attenuated,A_dbelief,A_own0==1,606,0.1307223097359479,0.1147561031156095,0.1466885163562863,0.1866550705316187,0.0559327607956707,False,1,True,1,False
53,0.4,0.24,0.1,4,access-costly,restrict_A,all,1000,0.11475,0.1045435931681029,0.1249564068318971,0.4678333333333333,0.3530833333333333,False,1,True,1,False
53,0.4,0.24,0.1,4,access-costly,restrict_A,A_own0==1,606,0.0814081408140814,0.071237197623669,0.0915790840044937,0.4349559955995599,0.3535478547854785,False,1,True,1,False
