gold,predicted,count
event.SHIFT,event.SHIFT,2
event.SHIFT,function.SEAL,0
event.SHIFT,insufficient_context,1
event.SHIFT,regime.BUILD,0
event.SHIFT,regime.DRAIN,0
event.SHIFT,regime.EDGE,0
event.SHIFT,regime.FLOOD,0
event.SHIFT,regime.LOCK,0
event.SHIFT,regime.SEEK,17
event.SHIFT,regime.UNSEAL,0
event.SHIFT,regime.VOID,0
function.SEAL,event.SHIFT,0
function.SEAL,function.SEAL,8
function.SEAL,insufficient_context,0
function.SEAL,regime.BUILD,0
function.SEAL,regime.DRAIN,0
function.SEAL,regime.EDGE,0
function.SEAL,regime.FLOOD,0
function.SEAL,regime.LOCK,4
function.SEAL,regime.SEEK,2
function.SEAL,regime.UNSEAL,1
function.SEAL,regime.VOID,0
regime.BUILD,event.SHIFT,0
regime.BUILD,function.SEAL,0
regime.BUILD,insufficient_context,0
regime.BUILD,regime.BUILD,16
regime.BUILD,regime.DRAIN,0
regime.BUILD,regime.EDGE,0
regime.BUILD,regime.FLOOD,0
regime.BUILD,regime.LOCK,0
regime.BUILD,regime.SEEK,3
regime.BUILD,regime.UNSEAL,1
regime.BUILD,regime.VOID,0
regime.DRAIN,event.SHIFT,0
regime.DRAIN,function.SEAL,0
regime.DRAIN,insufficient_context,0
regime.DRAIN,regime.BUILD,0
regime.DRAIN,regime.DRAIN,15
regime.DRAIN,regime.EDGE,0
regime.DRAIN,regime.FLOOD,0
regime.DRAIN,regime.LOCK,0
regime.DRAIN,regime.SEEK,0
regime.DRAIN,regime.UNSEAL,0
regime.DRAIN,regime.VOID,0
regime.EDGE,event.SHIFT,0
regime.EDGE,function.SEAL,0
regime.EDGE,insufficient_context,0
regime.EDGE,regime.BUILD,0
regime.EDGE,regime.DRAIN,1
regime.EDGE,regime.EDGE,13
regime.EDGE,regime.FLOOD,0
regime.EDGE,regime.LOCK,1
regime.EDGE,regime.SEEK,0
regime.EDGE,regime.UNSEAL,0
regime.EDGE,regime.VOID,0
regime.FLOOD,event.SHIFT,0
regime.FLOOD,function.SEAL,0
regime.FLOOD,insufficient_context,0
regime.FLOOD,regime.BUILD,0
regime.FLOOD,regime.DRAIN,0
regime.FLOOD,regime.EDGE,0
regime.FLOOD,regime.FLOOD,15
regime.FLOOD,regime.LOCK,0
regime.FLOOD,regime.SEEK,0
regime.FLOOD,regime.UNSEAL,0
regime.FLOOD,regime.VOID,0
regime.LOCK,event.SHIFT,0
regime.LOCK,function.SEAL,3
regime.LOCK,insufficient_context,0
regime.LOCK,regime.BUILD,2
regime.LOCK,regime.DRAIN,0
regime.LOCK,regime.EDGE,0
regime.LOCK,regime.FLOOD,0
regime.LOCK,regime.LOCK,10
regime.LOCK,regime.SEEK,0
regime.LOCK,regime.UNSEAL,0
regime.LOCK,regime.VOID,0
regime.SEEK,event.SHIFT,0
regime.SEEK,function.SEAL,0
regime.SEEK,insufficient_context,0
regime.SEEK,regime.BUILD,0
regime.SEEK,regime.DRAIN,0
regime.SEEK,regime.EDGE,0
regime.SEEK,regime.FLOOD,0
regime.SEEK,regime.LOCK,0
regime.SEEK,regime.SEEK,20
regime.SEEK,regime.UNSEAL,0
regime.SEEK,regime.VOID,0
regime.UNSEAL,event.SHIFT,0
regime.UNSEAL,function.SEAL,0
regime.UNSEAL,insufficient_context,0
regime.UNSEAL,regime.BUILD,0
regime.UNSEAL,regime.DRAIN,3
regime.UNSEAL,regime.EDGE,0
regime.UNSEAL,regime.FLOOD,0
regime.UNSEAL,regime.LOCK,0
regime.UNSEAL,regime.SEEK,0
regime.UNSEAL,regime.UNSEAL,17
regime.UNSEAL,regime.VOID,0
regime.VOID,event.SHIFT,0
regime.VOID,function.SEAL,0
regime.VOID,insufficient_context,0
regime.VOID,regime.BUILD,0
regime.VOID,regime.DRAIN,1
regime.VOID,regime.EDGE,0
regime.VOID,regime.FLOOD,0
regime.VOID,regime.LOCK,0
regime.VOID,regime.SEEK,0
regime.VOID,regime.UNSEAL,0
regime.VOID,regime.VOID,13
