condition,p_truth,disagreement,evidence_count,restriction_rate,late_nonconcession,late_ask,persistent_disagreement
reference,0.707617658850651,0.2933957076353482,2.701,0.3310208333333334,0.749,0.0483125,0.1965
attenuation,0.5250950897220911,0.4957755779365127,2.497,0.3544166666666667,0.9939375,0.0444375,1.0
concession_cost,0.7120237186910389,0.2854755857313486,2.993,0.3295,0.9951875,0.12675,0.2045
access_protection,0.6580168919125109,0.35009806953930755,1.8205,0.5046458333333333,0.810375,0.046,0.251
one_protects,0.669647621790919,0.3355477501330335,2.0565,0.44395833333333334,0.794375,0.046875,0.2425
both_protect_no_coupling,0.7748475338653166,0.21985889949762555,4.271,0.3532916666666666,0.6715625,0.002875,0.1325
both_protect_no_IG,0.6544913278524207,0.35191122713341283,1.79,0.5167291666666667,0.812125,0.0464375,0.253
reference_no_IG,0.6961505471630723,0.30474283457720663,2.543,0.3539375,0.75975,0.0449375,0.207
remove_exposure_cost,0.6801673909496508,0.32486797433661263,2.225,0.41977083333333337,0.7910625,0.0546875,0.2305
force_A_open,0.6693391085835724,0.33723805608871915,2.033,0.4096666666666667,0.79675,0.0411875,0.226
bypass_access,0.8548244230210729,0.14601550892444348,6.4395,0.4309583333333334,0.6361875,0.0264375,0.077
