generator,observation,mean,lo,hi
reference,actions,0.4990816364722306,0.4895461307694457,0.5086171421750155
reference,labels,0.46161488629912967,0.452292428345177,0.4709373442530823
reference,oracle,0.37245851471652897,0.36368608404008923,0.3812309453929687
reference,null_labels,0.4990816364722306,0.4895461307694457,0.5086171421750155
attenuation,actions,0.48082119379816457,0.4716265846246676,0.49001580297166153
attenuation,labels,0.4476566591311483,0.4385524775775887,0.45676084068470796
attenuation,oracle,0.36689684224329794,0.35812741345823085,0.37566627102836503
attenuation,null_labels,0.48082119379816457,0.4716265846246676,0.49001580297166153
concession_cost,actions,0.5273834448079399,0.5187259407319149,0.5360409488839648
concession_cost,labels,0.4828558753968447,0.4738705511320061,0.4918411996616833
concession_cost,oracle,0.3597005806092413,0.35068146838211667,0.36871969283636596
concession_cost,null_labels,0.5273834448079399,0.5187259407319149,0.5360409488839648
access_protection,actions,0.39805714099264145,0.39004502583699185,0.40606925614829104
access_protection,labels,0.36268902129197156,0.3541545872372056,0.3712234553467375
access_protection,oracle,0.2984789512878583,0.2892941614204442,0.3076637411552724
access_protection,null_labels,0.39805714099264145,0.39004502583699185,0.40606925614829104
