,BUILD,SEEK,UNSEAL,LOCK,DRAIN,FLOOD,EDGE,VOID,SEAL,SHIFT,INSUFF
BUILD,0.8,0.15,0.05,0.0,0.0,0.0,0.0,0.0,0.0,0.0,0.0
SEEK,0.0,1.0,0.0,0.0,0.0,0.0,0.0,0.0,0.0,0.0,0.0
UNSEAL,0.0,0.0,0.85,0.0,0.15,0.0,0.0,0.0,0.0,0.0,0.0
LOCK,0.13333333333333333,0.0,0.0,0.6666666666666666,0.0,0.0,0.0,0.0,0.2,0.0,0.0
DRAIN,0.0,0.0,0.0,0.0,1.0,0.0,0.0,0.0,0.0,0.0,0.0
FLOOD,0.0,0.0,0.0,0.0,0.0,1.0,0.0,0.0,0.0,0.0,0.0
EDGE,0.0,0.0,0.0,0.06666666666666667,0.06666666666666667,0.0,0.8666666666666667,0.0,0.0,0.0,0.0
VOID,0.0,0.0,0.0,0.0,0.07142857142857142,0.0,0.0,0.9285714285714286,0.0,0.0,0.0
SEAL,0.0,0.13333333333333333,0.06666666666666667,0.26666666666666666,0.0,0.0,0.0,0.0,0.5333333333333333,0.0,0.0
SHIFT,0.0,0.85,0.0,0.0,0.0,0.0,0.0,0.0,0.0,0.1,0.05
INSUFF,0.0,0.0,0.0,0.0,0.0,0.0,0.0,0.0,0.0,0.0,0.0
