beta,pair,split,n_common,nonc_mutual_obs,nonc_A_single,nonc_B_single,pred_independence_product,delta_vs_product,delta_vs_product_lo,delta_vs_product_hi,delta_vs_product_perworld,delta_vs_product_perworld_lo,delta_vs_product_perworld_hi,nonc_mutual_hh,nonc_mutual_typxh,nonc_mutual_hxtyp,pred_additive,delta_vs_additive,delta_vs_additive_lo,delta_vs_additive_hi
0.0,costlyxcostly,all,2000,0.978875,0.9905,0.988875,0.9794806875,-0.0006056874999998962,-0.0014520683593750082,0.00011841171875000292,-0.0005,-0.0012746417461752617,0.0002746417461752617,0.13275,0.56975,0.53575,0.97275,0.006125,0.0030271356761174015,0.009222864323882599
0.0,costlyxcostly,both_own,488,0.9964139344262295,0.9974385245901639,0.9989754098360656,0.9964165588887396,-2.624462510092407e-06,-8.398280032406724e-06,0.0,0.0,0.0,0.0,0.4600409836065574,0.7269467213114754,0.7207991803278688,0.9877049180327869,0.008709016393442622,0.0020109221556412118,0.015407110631244033
0.0,attenuatedxattenuated,all,2000,0.281,0.621625,0.63825,0.39675215625,-0.11575215624999996,-0.12326657851562497,-0.10811349296874993,-0.0004375,-0.002465652249622504,0.0015906522496225042,0.13275,0.212,0.2005,0.27975,0.00125,-0.003539365068448994,0.006039365068448994
0.0,attenuatedxattenuated,both_own,488,0.961577868852459,0.985655737704918,0.9882172131147541,0.9740419662053211,-0.012464097352862136,-0.019165117796375284,-0.006272117657803574,-0.012295081967213115,-0.0187168770676595,-0.005873286866766729,0.4600409836065574,0.7269467213114754,0.6757172131147541,0.9426229508196722,0.018954918032786885,0.00292966446049402,0.034980171605079755
0.0,mixedxmixed,all,2000,0.68175,0.83625,0.8445,0.7062131250000001,-0.02446312500000014,-0.027432023437500116,-0.02150757109374997,0.0008125,-0.0015457468617609779,0.0031707468617609776,0.13275,0.416875,0.39575,0.679875,0.001875,-0.0038032738208272545,0.007553273820827254
0.0,mixedxmixed,both_own,488,0.9846311475409836,0.9938524590163934,0.9912909836065574,0.9851969816581564,-0.0005658341171728143,-0.0016166951508330336,-2.676951760294255e-05,-0.0005122950819672131,-0.0015163934426229509,0.0004918032786885247,0.4600409836065574,0.7233606557377049,0.6895491803278688,0.9528688524590164,0.031762295081967214,0.018807322241892088,0.044717267922042336
1.5,costlyxcostly,all,2000,0.98,0.991,0.989875,0.9809661249999999,-0.0009661249999999288,-0.0022125124999999497,3.828203125005037e-05,-0.000875,-0.0019973565519097788,0.00024735655190977863,0.12725,0.569625,0.532,0.974375,0.005625,0.002467725244860732,0.008782274755139267
1.5,costlyxcostly,both_own,488,0.9964139344262295,0.9984631147540983,0.9979508196721312,0.9964170837812416,-3.149355012110888e-06,-9.448065036443687e-06,0.0,0.0,0.0,0.0,0.4410860655737705,0.7310450819672131,0.701844262295082,0.9918032786885246,0.004610655737704918,-0.001967680802069511,0.011188992277479347
1.5,attenuatedxattenuated,all,2000,0.2835,0.621625,0.638125,0.39667445312500005,-0.11317445312500007,-0.12060698437500002,-0.10539862617187497,0.00153125,-0.00020570497005614708,0.003268204970056147,0.12725,0.20825,0.1935,0.2745,0.009,0.0034581030764948917,0.014541896923505108
1.5,attenuatedxattenuated,both_own,488,0.9718237704918032,0.9866803278688525,0.9902663934426229,0.9770763697594733,-0.005252599267670077,-0.010330461821418982,-0.00016789998908227054,-0.005122950819672131,-0.010227884971650067,-1.8016667694194244e-05,0.4410860655737705,0.7100409836065574,0.649077868852459,0.9180327868852459,0.053790983606557374,0.034238509438308876,0.07334345777480587
1.5,mixedxmixed,all,2000,0.68275,0.83725,0.84425,0.7068483125,-0.024098312500000052,-0.02710973203124998,-0.02119129726562504,0.001125,-0.0011912439110395338,0.003441243911039534,0.12725,0.416125,0.38925,0.678125,0.004625,-0.0011861851479635322,0.010436185147963531
1.5,mixedxmixed,both_own,488,0.9820696721311475,0.9933401639344263,0.9902663934426229,0.9836713816010481,-0.0016017094699005696,-0.004131468250302248,0.0004532512366467373,-0.0015368852459016393,-0.0037802725452410093,0.0007065020534377307,0.4410860655737705,0.7167008196721312,0.6680327868852459,0.9436475409836066,0.038422131147540985,0.022419630631106663,0.054424631663975306
