beta,split,A_type,B_type,n,A_transp_err,A_transp_err_se,B_transp_err,B_transp_err_se,A_pC_true,A_pC_true_se,A_pW_true,A_pW_true_se,B_pC_true,B_pC_true_se,B_pW_true,B_pW_true_se,A_dbelief,A_dbelief_se,B_dbelief,B_dbelief_se,A_pW_true_minus_prior,A_pC_true_minus_prior,B_pW_true_minus_prior,B_pC_true_minus_prior
0.0,all,honest,honest,2000,0.07007901517511429,0.0025668821316710737,0.06291658127705697,0.002217911889321217,0.5448154985083192,0.007846166299153199,0.32869276824305144,0.002270022889039228,0.5886374270626739,0.007669491660230925,0.3335436140809904,0.0025718743198329137,0.1244730906686628,0.003052786605583323,0.1314894252226943,0.0032600709232249252,-0.0046405650902818785,0.21148216517498591,0.00021028074765711002,0.25530409372934054
0.0,all,honest,attenuated,2000,0.09463825755765504,0.0021449014781219234,0.08203316773528786,0.0024683276969899013,0.5328894098532346,0.007336392592688901,0.42298101293908064,0.004928827222217357,0.5902747208111766,0.007738784730573274,0.31117322102332595,0.0035871375361344214,0.1440040469905011,0.003498104050174699,0.03384764775058702,0.0008394449626166402,0.08964767960574732,0.19955607651990132,-0.022160112310007363,0.2569413874778433
0.0,all,honest,costly,2000,0.04633991736708545,0.0016665194030426771,0.07903244096486534,0.0021573070795383596,0.625801793197888,0.007100500230336903,0.3135210249177627,0.002184827008231306,0.5911478903305782,0.007706672758183138,0.3270517041773859,0.002601015137677366,0.12160359842796219,0.003044021525257137,0.14845399560096603,0.0039090116352663365,-0.019812308415570634,0.29246845986455466,-0.006281629155947432,0.2578145569972449
0.0,all,honest,mixed,2000,0.059518089671907956,0.0017585093915950605,0.07882398986342451,0.0023388129738066378,0.5453148488545025,0.006982069729687396,0.29274830839446075,0.002329419608303304,0.5894407291535169,0.007757884584675608,0.31941633934433666,0.0028896235253111253,0.12960180440654256,0.0032486133248236307,0.09551860570090255,0.002555716045989505,-0.04058502493887256,0.21198151552116923,-0.013916993988996651,0.25610739582018355
0.0,all,attenuated,honest,2000,0.08092410618803032,0.002635022875495534,0.09839203898101806,0.0021764772605073045,0.5529823671169523,0.007902450707637468,0.3019890453982143,0.003233462525327898,0.5404150060970457,0.007326617874856994,0.4287698586223454,0.004777763831339024,0.03378329205772805,0.0008336230331426482,0.1398169022095271,0.003341254769406095,-0.03134428793511901,0.21964903378361894,0.09543652528901209,0.20708167276371242
0.0,all,attenuated,attenuated,2000,0.10369939639609484,0.002140101113891076,0.11145156211230617,0.002214747417838786,0.5323728271124422,0.007363313951253777,0.48781683178333346,0.006137776859176103,0.5389718942224729,0.007412210852916013,0.49300156958258196,0.005851012336781716,0.037822321281044936,0.0009430954806743407,0.038058896284564214,0.0009334141914139592,0.15448349845000015,0.19903949377910884,0.15966823624924864,0.20563856088913962
0.0,all,attenuated,costly,2000,0.060023715719564975,0.0019128105724394145,0.1024484190691625,0.002052754062774035,0.6282960817854398,0.006983255757320199,0.28990263774762887,0.00311761040026201,0.5377690186892591,0.007344736841681225,0.43016649696302084,0.004695109265280389,0.03172991199015895,0.0008097068922525839,0.15671715073643577,0.003942703764061634,-0.04343069558570445,0.2949627484521065,0.09683316362968752,0.20443568535592577
0.0,all,attenuated,mixed,2000,0.06860865376811949,0.001845398945790629,0.10573393151101823,0.0021817873617495814,0.541207975352444,0.0068882778145333496,0.26672238463773473,0.0027918797530016655,0.5400272352829922,0.007352694960160203,0.4493669489915793,0.005083622957793302,0.03400591567959829,0.0008770711143229081,0.10451167951988254,0.002643147477240773,-0.06661094869559858,0.2078746420191107,0.11603361565824599,0.20669390194965892
0.0,all,costly,honest,2000,0.08391330056736249,0.0024493260617662114,0.043244746048060716,0.0015763937664925248,0.548561058748042,0.007888023499096647,0.32392059527554706,0.002326715749059771,0.6403330653040527,0.007172978215503098,0.3232252936100763,0.0023578359128125373,0.14430082221650836,0.0037599419010393566,0.12785154419939668,0.003159751665238616,-0.009412738057786252,0.21522772541470864,-0.010108039723257023,0.30699973197071934
0.0,all,costly,attenuated,2000,0.09809561696268483,0.0020144543889156746,0.061968948480397204,0.0018987765023734072,0.5337870913281636,0.007354415592739902,0.4235535193845907,0.004884261548187268,0.6389893646490141,0.007034334055334288,0.2950140662783029,0.0032137021560225756,0.16104626932624416,0.004012421377720804,0.03244953531847043,0.0008353682569255506,0.09022018605125737,0.20045375799483028,-0.038319267055030415,0.3056560313156808
0.0,all,costly,costly,2000,0.06038123988039403,0.0015721404418500156,0.057730534526674857,0.0015158047629079904,0.6306420019548475,0.007118379546799662,0.3106326120029019,0.0022358555986479885,0.6420395985149951,0.00717273012619579,0.3177155844332939,0.0024051422915064044,0.14146622357241986,0.003746260736146556,0.14572885173037534,0.003847867740336787,-0.02270072133043144,0.2973086686215142,-0.015617748900039419,0.30870626518166183
0.0,all,costly,mixed,2000,0.07074858959755315,0.0015996543740548466,0.05578828907583836,0.0016738816619146267,0.5453478631425618,0.007018829113122403,0.2917972432698407,0.0023369451108535434,0.6399404301959853,0.0071200772287284535,0.3089537950585288,0.0026820808000001463,0.14835728311979093,0.003898639963232243,0.09249284697751246,0.0024851071300236653,-0.041536090063492626,0.21201452980922847,-0.02437953827480449,0.30660709686265203
0.0,all,mixed,honest,2000,0.08115924267568687,0.0025561361278467402,0.060191397138614634,0.0017028920051360675,0.5496449469355252,0.007923658603364282,0.31517695544855323,0.0026296308657170688,0.5470345727894312,0.007097351743461954,0.30002426415145644,0.0021550724110074365,0.09621756246442477,0.002501083626387852,0.1318160685208481,0.003235170564509826,-0.018156377884780084,0.21631161360219192,-0.03330906918187687,0.21370123945609792
0.0,all,mixed,attenuated,2000,0.10061064729709454,0.0021304251102006173,0.07405965938400245,0.0019090429282342817,0.5323770892069858,0.007376241405353579,0.43910124227607683,0.005251969795132744,0.5406375853429592,0.006967893445078587,0.27752668618691484,0.002665602390624406,0.10673784940676004,0.0027213746070236904,0.03463694524325804,0.0008873392438714418,0.10576790894274352,0.19904375587365247,-0.055806647146418475,0.20730425200962593
0.0,all,mixed,costly,2000,0.0576684435639957,0.001739307266048062,0.07122076470869618,0.0015594089746656806,0.631403324486789,0.007073762896785605,0.3026580372309999,0.0025401936729143953,0.5465476675442614,0.007098277355505145,0.29685709932624743,0.002154807332973092,0.09315892660923547,0.002493192592256795,0.1483001985483877,0.0038749218226590957,-0.030675296102333438,0.2980699911534557,-0.036476234007085884,0.2132143342109281
0.0,all,mixed,mixed,2000,0.06855594967081655,0.0017562329940928572,0.06984225897257607,0.0017540440624988823,0.5432418580949712,0.0069834570975526675,0.28805764123793814,0.002514384176659616,0.5425567231912465,0.007060134743227557,0.2931374030197385,0.0024289852995181024,0.09786468772631596,0.002608217416260161,0.09624118966002718,0.0025358371644905566,-0.04527569209539517,0.20990852476163785,-0.04019593031359481,0.20922338985791317
0.0,both_own,honest,honest,488,0.1953457778853672,0.0075128196346517665,0.15557053880716276,0.006671356614083865,0.25920710972458916,0.01139478527108276,0.26253708196516906,0.0074441299722934244,0.3412995980457807,0.011440702228778576,0.3172143171277861,0.009504971204665565,0.22143792445594493,0.008654578825969402,0.21609518907919895,0.007978910258352411,-0.07079625136816425,-0.07412622360874416,-0.016119016205547232,0.00796626471244738
0.0,both_own,honest,attenuated,488,0.12484609059811128,0.005130280713700104,0.22991570107992615,0.00541438982593169,0.31238318337524373,0.008264038736755904,0.6895297219701881,0.013006214187335018,0.37255791627679957,0.013995819705268623,0.2073417626662047,0.012211905775182457,0.2597594215318431,0.008162405805622393,0.04768159025131786,0.0024437500286632,0.3561963886368548,-0.02095014995808958,-0.12599157066712863,0.03922458294346626
0.0,both_own,honest,costly,488,0.11884061437848241,0.004690988361024385,0.17930424960473004,0.006089031350696415,0.5897944100165164,0.013155930424605465,0.21607481262982653,0.006526839726693516,0.34483038928362875,0.011798872954743541,0.2992668278290546,0.009799199031619917,0.2145040911899478,0.008778163347615156,0.2694297495387287,0.010744719329786634,-0.11725852070350679,0.25646107668318313,-0.0340665055042787,0.011497055950295432
0.0,both_own,honest,mixed,488,0.10207497633944218,0.004954293631692346,0.2050298251117948,0.0057364219768947615,0.35366467805935436,0.0065931879545636915,0.21838695508292927,0.007380816649589062,0.3531327159387689,0.012897451101482054,0.2657880747949068,0.010666857710368283,0.2277368114537868,0.008850384433503366,0.15761876050517962,0.007459463888042185,-0.11494637825040405,0.02033134472602105,-0.06754525853842652,0.019799382605435567
0.0,both_own,attenuated,honest,488,0.23482526805054843,0.006206522537124159,0.12979497656790098,0.00541043281221583,0.29658612063213347,0.013631137031305581,0.14599674500263807,0.008806152177764733,0.30773942854282815,0.00766489517996314,0.6637623832551987,0.013274295353971448,0.050257952771820345,0.002475422188699887,0.24794140898344694,0.007626027730374146,-0.18733658833069525,-0.03674721270119985,0.33042904992186534,-0.025593904790505162
0.0,both_own,attenuated,attenuated,488,0.1703984778444654,0.004460756113086318,0.18424320788517154,0.0045124769033003855,0.30145391644367353,0.008637876015484979,0.9018618906212555,0.006459504542560523,0.30438796763656994,0.008681510864820385,0.877739722110807,0.006824918619772764,0.05702466408758031,0.0025228448125882022,0.056869883284160816,0.0024574466992834795,0.5685285572879222,-0.031879416889659784,0.5444063887774737,-0.02894536569676337
0.0,both_own,attenuated,costly,488,0.1605342127415081,0.004374920811369067,0.14361089134827357,0.004975139038650572,0.5985848495421476,0.012309461840313899,0.10331297811045914,0.006722256138444106,0.3036414549939516,0.007595430699852274,0.6894434710337668,0.012314635943036634,0.04643276053415809,0.0024857485916970784,0.3048429040724427,0.009858969085453723,-0.23002035522287417,0.2652515162088143,0.3561101377004335,-0.029691878339381694
0.0,both_own,attenuated,mixed,488,0.13142279202013313,0.004530361337653614,0.16404342473451008,0.004812343876662143,0.3649921953268468,0.006854759456899456,0.12473121291392364,0.006766973777157164,0.3070327390040129,0.008167944273528741,0.7485417744350265,0.011431189493729337,0.04830110651643912,0.002539234454933451,0.1856659499269195,0.007111888513047859,-0.20860212041940968,0.031658861993513476,0.41520844110169314,-0.026300594329320415
0.0,both_own,costly,honest,488,0.2085002767574001,0.006967196644053131,0.10446740383600302,0.004445605037777099,0.26020008211136003,0.011533686673161379,0.25389956078416576,0.00746156409118567,0.5611860769942008,0.01316286180072899,0.29087454002425633,0.008620570360219038,0.26849929679793766,0.01100801319397338,0.21696126136193628,0.008017957175264214,-0.07943377254916756,-0.07313325122197328,-0.04245879330907698,0.22785274366086744
0.0,both_own,costly,attenuated,488,0.1359710332925529,0.004822483906427837,0.16807995970374862,0.003917927553294492,0.3117236110755702,0.008480098193071727,0.7084458772507551,0.012479937471335236,0.5995151040579565,0.012757946835723542,0.16697079417427826,0.010360370687480278,0.3095178618423634,0.010290528339820776,0.0463210662212833,0.002475339304686805,0.3751125439174218,-0.021609722257763142,-0.16636253915905505,0.2661817707246232
0.0,both_own,costly,costly,488,0.13245826920505238,0.004254394692240489,0.1251782707949308,0.003956691755738617,0.5937287219093634,0.013210096744904698,0.20890077588234926,0.006417852671385992,0.5672466654677542,0.01320476930372571,0.2711889540419572,0.008670070395950795,0.2621736237899716,0.011160185414256816,0.2725871635639623,0.010798849022424593,-0.12443255745098405,0.2603953885760301,-0.06214437929137612,0.23391333213442084
0.0,both_own,costly,mixed,488,0.11462297936753264,0.004699084895643804,0.145864477306865,0.003956702381516768,0.355694259941958,0.006669893432123005,0.208783871908186,0.007366000411327828,0.5839078393376023,0.013037701374103022,0.22930712154903887,0.009270093711753937,0.2738115881308738,0.01118282724976582,0.15726665166555107,0.007538269019735152,-0.1245494614251473,0.02236092660862471,-0.10402621178429444,0.25057450600426895
0.0,both_own,mixed,honest,488,0.2248547473649898,0.006460947994277958,0.09887915793479557,0.0049067588465881535,0.26396947256758924,0.0121338904078722,0.21225166910926338,0.007832466723016622,0.33504300784016017,0.005026947817674638,0.24717419827741544,0.006906041842122148,0.16657903398699309,0.007538053989287991,0.2263075631442586,0.008089062340313593,-0.12108166422406993,-0.06936386076574408,-0.08615913505591788,0.0017096745068268526
0.0,both_own,mixed,attenuated,488,0.15780667251212924,0.00462504213085884,0.1441557841455123,0.00460991480269354,0.3034880958184969,0.00847191615200275,0.7624994957559659,0.01156024750561129,0.3432019965856949,0.005388726717113152,0.16180789175771845,0.0073171932858244,0.18877180632391563,0.007516702876273707,0.04897727551531694,0.002514504876439777,0.42916616242263256,-0.02984523751483642,-0.17152544157561486,0.009868663252361576
0.0,both_own,mixed,costly,488,0.1493423746670407,0.004216848397361265,0.11588542899334787,0.00459529223575013,0.5984649044822519,0.012882813639000174,0.16594214347278752,0.0062753213090377975,0.3363401986584802,0.005046628571867327,0.23449481850817433,0.006953375034021257,0.1598165596129456,0.007703474070412653,0.2802705490569312,0.0106513335148175,-0.1673911898605458,0.26513157114891855,-0.09883851482515899,0.003006865325146879
0.0,both_own,mixed,mixed,488,0.12701548269068264,0.004603993395181673,0.13118175218484146,0.0047005353417116395,0.35839650996695804,0.006721157297864345,0.19434267277014544,0.007959994327929085,0.33832298172804554,0.005238581841483638,0.2166247049827781,0.007755951594357476,0.16447303884406833,0.0077717871008946195,0.16635414041244723,0.007430254345934315,-0.13899066056318787,0.02506317663362473,-0.1167086283505552,0.0049896483947122205
1.5,all,honest,honest,2000,0.06580171968800397,0.0024090508336155566,0.06026520473388939,0.002058854180611975,0.5568948088520822,0.007776000351809222,0.326372791613379,0.0024266873162592253,0.6054181864640079,0.0075994822709776,0.3302762824121196,0.0026892832136989142,0.12770727316487848,0.003232088002931045,0.13197075133385772,0.003329031437249314,-0.006960541719954305,0.2235614755187489,-0.003057050921213722,0.2720848531306746
1.5,all,honest,attenuated,2000,0.09124761076445173,0.002013843166295561,0.07892857038230738,0.0023584077970948553,0.5352192504365635,0.007218921117432365,0.42144109082866305,0.004819951972475286,0.609794900087512,0.00768258065811906,0.3074334152543312,0.003631205553786215,0.15282570256760178,0.0036616706296491506,0.03322827229774287,0.0008361801419841842,0.08810775749532973,0.20188591710323017,-0.025899918079002104,0.2764615667541787
1.5,all,honest,costly,2000,0.0409287674769614,0.0014485153411010038,0.07546805476619843,0.00198803859752163,0.6163509360711454,0.007012369970799376,0.3047445242108886,0.0023750765911475014,0.6074095612993332,0.0076354913369825195,0.3223949253284303,0.0027373982096800618,0.12477080744380378,0.0032362242974098474,0.14916102516972843,0.003975288308209913,-0.028588809122444714,0.2830176027378121,-0.010938408004903033,0.2740762279659999
1.5,all,honest,mixed,2000,0.05514688099662655,0.0015733270177032714,0.07463202325681155,0.0022016588472812734,0.5453340469253344,0.006874197467987578,0.2897164702905289,0.0024383050450667056,0.6098747833428422,0.007653911663958039,0.31325417812422285,0.003137748652305767,0.13304023434198592,0.0033857699539419027,0.09669408249885633,0.0026391126666254054,-0.04361686304280443,0.21200071359200107,-0.020079155209110466,0.27654145000950886
1.5,all,attenuated,honest,2000,0.07680511998139744,0.002463083416484613,0.09551001705106225,0.002061312513672843,0.5617893881424255,0.007844927833147235,0.3019373837221332,0.0033588277471960607,0.5399971792943233,0.007243225879770796,0.4245645835074805,0.004655902154243702,0.0336690710705753,0.0008298558212967091,0.14813846057168775,0.0034480316785334645,-0.031395949611200125,0.2284560548090922,0.09123125017414718,0.20666384596099002
1.5,all,attenuated,attenuated,2000,0.09940199440256718,0.0019592314797026392,0.1064345922518064,0.0020713091352779567,0.5363243281337755,0.007245653173730335,0.4894018692752676,0.006203689082540152,0.5357442096092268,0.007296933013232525,0.49503654422832527,0.005945086269889537,0.039635909441312664,0.0009675922927735311,0.039375139376573436,0.0009465557930630768,0.15606853594193426,0.2029909948004422,0.16170321089499196,0.20241087627589344
1.5,all,attenuated,costly,2000,0.05357413620874719,0.001669028129545823,0.09982805719541964,0.0019183744018317005,0.6202277156466698,0.006902232025391925,0.2814737413635274,0.003183447910801044,0.5376614352753236,0.0072447669408879515,0.4254879460219758,0.004542074711831812,0.031504673113605476,0.0008043108621139049,0.16755792196532868,0.004086003050907124,-0.05185959196980594,0.28689438231333647,0.0921546126886425,0.2043281019419903
1.5,all,attenuated,mixed,2000,0.06193229224361809,0.0016643156010801628,0.1006930637074046,0.0020320300767448685,0.5444392865995601,0.006782632294420523,0.2625403283156611,0.0029476213375663153,0.5390830817235635,0.007274653448509233,0.448734116510091,0.005029612824694726,0.03383977976710124,0.000871299794761241,0.11107953657173934,0.0027665608854640683,-0.07079300501767222,0.21110595326622678,0.11540078317675767,0.20574974839023014
1.5,all,costly,honest,2000,0.07880066032418916,0.0022877840382820283,0.041826732020793504,0.0014883204108088102,0.5605478940454545,0.0078121317690821,0.320569547876511,0.0024880685167631227,0.6365724023264135,0.007161435633680844,0.3156233176141835,0.002400692123844423,0.1457984461659596,0.003825422111189217,0.12806480317350372,0.0032298051279289405,-0.01276378545682233,0.22721456071212115,-0.01771001571914982,0.30323906899308023
1.5,all,costly,attenuated,2000,0.09441601142182345,0.0018664804724815855,0.057714144345495995,0.0017921633448729467,0.5339626243139685,0.007207596688319377,0.41911802922587166,0.004683645967833835,0.6374391610707617,0.0070276433082894114,0.29033544723075205,0.003219779603076059,0.1714545735422247,0.0041210540446763,0.03209350547183675,0.0008259366159666136,0.08578469589253834,0.20062929098063514,-0.04299788610258126,0.3041058277374284
1.5,all,costly,costly,2000,0.05412065015048017,0.001342922459763695,0.05471171727889489,0.0013910913260643902,0.620670699050154,0.007022019767009662,0.2996257449769784,0.0024153516630790834,0.637262979587307,0.007153303143964171,0.3085971531001234,0.0024438933972700983,0.14314085357505138,0.003835374838147867,0.14605607387209504,0.003894727539766237,-0.0337075883563549,0.2873373657168207,-0.024736180233209892,0.30392964625397373
1.5,all,costly,mixed,2000,0.06506710647472366,0.001379224246998093,0.052414542482050505,0.0015445068406484065,0.5464298572110926,0.006899359284129225,0.2924919677370282,0.0024387246152188517,0.6376150845817679,0.007109834936474146,0.2993591401767993,0.002790761997050912,0.15182829388016536,0.003969024920534271,0.09374366962340422,0.002549563956712851,-0.040841365596305135,0.2130965238777593,-0.033974193156533994,0.30428175124843454
1.5,all,mixed,honest,2000,0.07628718369516148,0.0023819713698538737,0.055265272916515694,0.0015197895557227156,0.5593754167946904,0.007832194757284475,0.31114580958190874,0.0028776047226092456,0.5498637687618959,0.006978695215692571,0.29299198429451534,0.0022877156490430824,0.09800720114353927,0.0025813129101373245,0.13369907861060568,0.0033247029591892724,-0.022187523751424576,0.22604208346135707,-0.040341349038817975,0.2165304354285626
1.5,all,mixed,attenuated,2000,0.09626692552678535,0.0019768505628056303,0.06548426582795384,0.0016929044170972366,0.5327275242539453,0.007224575577135649,0.4426578787700784,0.00518264341042716,0.5452793479416728,0.006840572865973688,0.2682447563051757,0.0028050485907244087,0.11392288520523773,0.0028276672362169187,0.034335539386278716,0.0008875641411694605,0.10932454543674508,0.199394190920612,-0.06508857702815762,0.21194601460833945
1.5,all,mixed,costly,2000,0.05059846563142287,0.0014696172814501298,0.06559321930677521,0.0013489683960286308,0.6218586975516318,0.006980541336526018,0.28999373555162317,0.002746181783119221,0.5497327969406788,0.0069675440986895045,0.29036989195870855,0.002245833565796664,0.09446135256709827,0.0025576875027318127,0.1517300227344811,0.003971335863871705,-0.04333959778171015,0.2885253642182985,-0.04296344137462477,0.21639946360734547
1.5,all,mixed,mixed,2000,0.06289943573850205,0.001537478185561772,0.06359137990775374,0.0015280253824117764,0.5441439197239031,0.006861434702663773,0.2857566314607754,0.002674861824911517,0.5473264055700647,0.00694736031261462,0.2867996216442815,0.0025443033577816072,0.10075864360054151,0.00270548925891275,0.09770140672622711,0.0026205262065295627,-0.047576701872557914,0.21081058639056977,-0.04653371168905179,0.21399307223673142
1.5,both_own,honest,honest,488,0.1768470275926629,0.007192910054149906,0.1480696555393587,0.006126504976728393,0.3090528783063822,0.012777480291391887,0.2527394800732513,0.007968335015357328,0.4113543478764854,0.013399825404616202,0.30239179073707695,0.010014409743695487,0.2336024670068888,0.009360377288466991,0.21998839620986277,0.008476965469875024,-0.080593853260082,-0.024280455026951142,-0.030941542596256366,0.07802101454315208
1.5,both_own,honest,attenuated,488,0.11169605889248463,0.004394190266144321,0.21794750186733608,0.0052273594173050855,0.32489631340430025,0.006934485969504906,0.68178423552124,0.012428942977197432,0.45172213360109637,0.015524440077716644,0.19826387944677218,0.01248563052824621,0.29595537055048887,0.008219512153517952,0.04595939641387761,0.00242870116184999,0.3484509021879067,-0.008437019929033063,-0.13506945388656114,0.11838880026776305
1.5,both_own,honest,costly,488,0.09760655311018705,0.00403158297278481,0.16774674054852826,0.005573519511026568,0.5487703036265418,0.011953835205945774,0.18635999316414015,0.0066086814108925656,0.41550349068736775,0.013708555643380365,0.27955096649627326,0.010244557650988863,0.22676985047599882,0.009566902759522482,0.2718386230126973,0.011141398533745734,-0.14697334016919317,0.21543697029320846,-0.05378236683706006,0.08217015735403443
1.5,both_own,honest,mixed,488,0.08507740522962452,0.004084777077885235,0.18824006685098005,0.005389632916560623,0.3639534559654309,0.005412122455960817,0.20575068689582438,0.007563098641119444,0.44156849608791393,0.014723284124842521,0.23768513268772878,0.011376155820399,0.24286878005006887,0.009397742947900163,0.16117485839463058,0.00784733078400358,-0.12758264643750894,0.03062012263209757,-0.09564820064560453,0.10823516275458062
1.5,both_own,attenuated,honest,488,0.21734171982352388,0.005846443448146681,0.11752457044123596,0.004726786368259595,0.33584809650113867,0.014431442807111446,0.14336578484134946,0.009364427905393201,0.3173638532528069,0.006668594437686648,0.6564749776043399,0.012623592449376218,0.049477751924016586,0.002457399536802534,0.28228050440514346,0.007237044970712709,-0.18996754849198386,0.002514763167805356,0.3231416442710066,-0.0159694800805264
1.5,both_own,attenuated,attenuated,488,0.1524726947647649,0.0034867490926486894,0.16325073407995253,0.003962052275533844,0.3176776015337401,0.007623283082635995,0.9095441196845792,0.005715007919969021,0.3113982126052744,0.007530975531842855,0.8882826087161833,0.0056141690876743726,0.06300482066521057,0.0024776306702913864,0.06156555719227314,0.002415522272706167,0.5762107863512458,-0.01565573179959323,0.55494927538285,-0.02193512072805892
1.5,both_own,attenuated,costly,488,0.13804402920790992,0.003704446334648442,0.1302316394800953,0.004189190701257294,0.5670194215577697,0.01132464027104133,0.07775209693643874,0.005972530684993433,0.31981163200074686,0.006902798660298189,0.6802007299097568,0.011560392047411583,0.045151350631652286,0.002462578512018071,0.345640179780932,0.009385491006801623,-0.25558123639689456,0.23368608822443643,0.34686739657642346,-0.013521701332586455
1.5,both_own,attenuated,mixed,488,0.10671729047393168,0.003879722651893723,0.14413672138438466,0.004147318651152733,0.3773741242958129,0.005674066616194841,0.10501926089880893,0.006878284487223594,0.3171993079755751,0.00736748543066643,0.7537071430911638,0.010362254445519447,0.04828010054099602,0.002518979429345707,0.21052613531258524,0.007194746839282018,-0.2283140724345244,0.04404079096247959,0.4203738097578305,-0.016134025357758208
1.5,both_own,costly,honest,488,0.18922472913334568,0.006696842868252116,0.10034003378107068,0.004126943952739548,0.30692738537000686,0.01273393145090556,0.24021900916774971,0.007972503992168749,0.5501162008434184,0.012862724534954387,0.2649692416460547,0.008468423805469557,0.2759073140411973,0.01130049278214916,0.22087776031812112,0.008471008317969505,-0.0931143241655836,-0.02640594796332646,-0.06836409168727864,0.21678286751008508
1.5,both_own,costly,attenuated,488,0.12243021365138246,0.003989935734280507,0.1546617787825375,0.003813481882354737,0.3206726668040212,0.006905731514972608,0.6864134277852594,0.012069022236514895,0.5933653558618621,0.012642442752971151,0.15217372473731008,0.009901652801150343,0.34758544642623745,0.009850003684080977,0.045157779204569815,0.002437295848867817,0.35308009445192606,-0.012660666529312137,-0.18115960859602323,0.2600320225285288
1.5,both_own,costly,costly,488,0.10992518130333757,0.0036408557903574415,0.11622171617187509,0.003682132650312282,0.5503614482024588,0.011922918368553477,0.17345198541109963,0.006361288422530879,0.5538213342398772,0.012832049192425591,0.2409479829384365,0.00845153535371378,0.26824005622180963,0.01153870125798001,0.2742083210014359,0.011101580218800646,-0.15988134792223369,0.2170281148691255,-0.09238535039489681,0.2204880009065439
1.5,both_own,costly,mixed,488,0.09659572371002491,0.0038462180371760294,0.13328370665128428,0.0037579813691857515,0.36622764531549196,0.005497622169778442,0.20740527177165075,0.007753333328557974,0.5758914289019028,0.01286567048334323,0.194442633600567,0.00897483568195629,0.2880776372691078,0.011331644650400778,0.16211425374111976,0.0078340655433394,-0.12592806156168257,0.03289431198215864,-0.13889069973276633,0.2425580955685695
1.5,both_own,mixed,honest,488,0.20478943316475964,0.006178017186570752,0.0811320999271007,0.004097649199273177,0.3078787601531612,0.01308799015248124,0.19184184547916086,0.008504998933085341,0.3584062747231553,0.004248817619065281,0.21742216088048172,0.0069219205249202624,0.1716492388596642,0.007860261376103104,0.23728479765297236,0.00850842807911563,-0.14149148785417245,-0.025454573180172135,-0.1159111724528516,0.025072941389821968
1.5,both_own,mixed,attenuated,488,0.13881357705157576,0.0037876166080972632,0.11244963770221487,0.003949757403594525,0.315512995577305,0.007000283092285513,0.7767553230345161,0.010032844806764363,0.37305952001065495,0.004683986109377596,0.11706283189476055,0.006100719024181273,0.21456734773450295,0.00754525046207911,0.04830076680813002,0.002511929477916216,0.4434219897011828,-0.017820337756028315,-0.21627050143857277,0.03972618667732164
1.5,both_own,mixed,costly,488,0.12342433980264184,0.00355422890796807,0.09607809449294194,0.0037927470116979898,0.5593863353789056,0.011658311076453216,0.1225353215404363,0.005819006245116762,0.35956332743392155,0.004283828812220359,0.20927588423207177,0.006873307323612349,0.16377936166140286,0.008020490913062412,0.2928887990325413,0.010954546675576242,-0.21079801179289703,0.22605300204557227,-0.12405744910126154,0.02622999410058824
1.5,both_own,mixed,mixed,488,0.1071781078225017,0.003753081106167312,0.10825793901602278,0.003928405448793337,0.3702211267319611,0.0056391429525381185,0.17913849933822124,0.008005868521422748,0.3671344389778094,0.0046433749797722005,0.18909004705978513,0.007604618687363111,0.1782695318811305,0.008166167417326488,0.1718844187800977,0.007819789565777216,-0.15419483399511208,0.0368877933986278,-0.14424328627354818,0.03380110564447608
