beta,split,A_type,contrast,metric,n,delta,mc_lo,mc_hi
0.0,all,honest,B=attenuated minus B=honest,A_transp_err,2000,0.02455924238254073,0.020234092603063886,0.028884392162017575
0.0,all,honest,B=attenuated minus B=honest,A_pW_true,2000,0.09428824469602921,0.08210816672594348,0.10646832266611495
0.0,all,honest,B=attenuated minus B=honest,A_pC_true,2000,-0.011926088655084712,-0.021577573412490142,-0.0022746038976792816
0.0,all,honest,B=costly minus B=honest,A_transp_err,2000,-0.023739097808028853,-0.026491625508874787,-0.02098657010718292
0.0,all,honest,B=costly minus B=honest,A_pW_true,2000,-0.015171743325288771,-0.018294322486575032,-0.01204916416400251
0.0,all,honest,B=costly minus B=honest,A_pC_true,2000,0.08098629468956856,0.0687343754719209,0.0932382139072162
0.0,all,honest,B=mixed minus B=honest,A_transp_err,2000,-0.010560925503206342,-0.014306054286445774,-0.00681579671996691
0.0,all,honest,B=mixed minus B=honest,A_pW_true,2000,-0.035944459848590654,-0.041005172463918826,-0.030883747233262482
0.0,all,honest,B=mixed minus B=honest,A_pC_true,2000,0.0004993503461832822,-0.008895422927856857,0.009894123620223422
0.0,all,attenuated,B=attenuated minus B=honest,A_transp_err,2000,0.022775290208064517,0.0184971259091643,0.027053454506964735
0.0,all,attenuated,B=attenuated minus B=honest,A_pW_true,2000,0.18582778638511901,0.1692767254532135,0.20237884731702452
0.0,all,attenuated,B=attenuated minus B=honest,A_pC_true,2000,-0.020609540004510072,-0.030833803682399227,-0.010385276326620918
0.0,all,attenuated,B=costly minus B=honest,A_transp_err,2000,-0.020900390468465337,-0.02377180763402273,-0.018028973302907945
0.0,all,attenuated,B=costly minus B=honest,A_pW_true,2000,-0.012086407650585463,-0.015179198935628909,-0.008993616365542016
0.0,all,attenuated,B=costly minus B=honest,A_pC_true,2000,0.07531371466848762,0.06290590910312066,0.08772152023385457
0.0,all,attenuated,B=mixed minus B=honest,A_transp_err,2000,-0.012315452419910817,-0.016235491684933354,-0.00839541315488828
0.0,all,attenuated,B=mixed minus B=honest,A_pW_true,2000,-0.03526666076047966,-0.040982874336214545,-0.029550447184744765
0.0,all,attenuated,B=mixed minus B=honest,A_pC_true,2000,-0.01177439176450826,-0.021879408674399116,-0.0016693748546174007
0.0,all,costly,B=attenuated minus B=honest,A_transp_err,2000,0.014182316395322333,0.009875632444259912,0.018489000346384753
0.0,all,costly,B=attenuated minus B=honest,A_pW_true,2000,0.0996329241090437,0.08750393393402159,0.11176191428406582
0.0,all,costly,B=attenuated minus B=honest,A_pC_true,2000,-0.014773967419878374,-0.024551080230533782,-0.004996854609222964
0.0,all,costly,B=costly minus B=honest,A_transp_err,2000,-0.023532060686968455,-0.026304573384415372,-0.020759547989521537
0.0,all,costly,B=costly minus B=honest,A_pW_true,2000,-0.013287983272645203,-0.016322817874601735,-0.01025314867068867
0.0,all,costly,B=costly minus B=honest,A_pC_true,2000,0.08208094320680559,0.06970818640489401,0.09445370000871717
0.0,all,costly,B=mixed minus B=honest,A_transp_err,2000,-0.013164710969809345,-0.016846077936605575,-0.009483344003013117
0.0,all,costly,B=mixed minus B=honest,A_pW_true,2000,-0.032123352005706284,-0.03733996974797482,-0.026906734263437742
0.0,all,costly,B=mixed minus B=honest,A_pC_true,2000,-0.0032131956054801862,-0.012902147785946783,0.006475756574986411
0.0,all,mixed,B=attenuated minus B=honest,A_transp_err,2000,0.019451404621407656,0.015210327196249939,0.023692482046565374
0.0,all,mixed,B=attenuated minus B=honest,A_pW_true,2000,0.12392428682752359,0.11056030203167262,0.13728827162337456
0.0,all,mixed,B=attenuated minus B=honest,A_pC_true,2000,-0.01726785772853946,-0.02715183810047423,-0.007383877356604689
0.0,all,mixed,B=costly minus B=honest,A_transp_err,2000,-0.023490799111691173,-0.0262983611410726,-0.020683237082309746
0.0,all,mixed,B=costly minus B=honest,A_pW_true,2000,-0.012518918217553377,-0.015613262099510678,-0.009424574335596075
0.0,all,mixed,B=costly minus B=honest,A_pC_true,2000,0.08175837755126386,0.06928213492779198,0.09423462017473574
0.0,all,mixed,B=mixed minus B=honest,A_transp_err,2000,-0.012603293004870331,-0.016354511658711383,-0.00885207435102928
0.0,all,mixed,B=mixed minus B=honest,A_pW_true,2000,-0.027119314210615066,-0.03286317990394627,-0.021375448517283863
0.0,all,mixed,B=mixed minus B=honest,A_pC_true,2000,-0.0064030888405541405,-0.01621235860984891,0.0034061809287406304
0.0,both_own,honest,B=attenuated minus B=honest,A_transp_err,488,-0.0704996872872559,-0.0820090795670132,-0.05899029500749861
0.0,both_own,honest,B=attenuated minus B=honest,A_pW_true,488,0.4269926400050191,0.3948763533523011,0.45910892665773706
0.0,both_own,honest,B=attenuated minus B=honest,A_pC_true,488,0.05317607365065459,0.028060425402284407,0.07829172189902478
0.0,both_own,honest,B=costly minus B=honest,A_transp_err,488,-0.0765051635068848,-0.08570151386085688,-0.06730881315291272
0.0,both_own,honest,B=costly minus B=honest,A_pW_true,488,-0.04646226933534256,-0.055805508005500014,-0.037119030665185106
0.0,both_own,honest,B=costly minus B=honest,A_pC_true,488,0.33058730029192734,0.29042471796191005,0.37074988262194464
0.0,both_own,honest,B=mixed minus B=honest,A_transp_err,488,-0.09327080154592501,-0.10506889008189063,-0.0814727130099594
0.0,both_own,honest,B=mixed minus B=honest,A_pW_true,488,-0.044150126882239835,-0.06066297440309783,-0.027637279361381842
0.0,both_own,honest,B=mixed minus B=honest,A_pC_true,488,0.09445756833476521,0.06959359071715601,0.1193215459523744
0.0,both_own,attenuated,B=attenuated minus B=honest,A_transp_err,488,-0.06442679020608301,-0.07602355801768863,-0.05283002239447738
0.0,both_own,attenuated,B=attenuated minus B=honest,A_pW_true,488,0.7558651456186175,0.7347569685421702,0.7769733226950648
0.0,both_own,attenuated,B=attenuated minus B=honest,A_pC_true,488,0.0048677958115400655,-0.025018569893651543,0.03475416151673168
0.0,both_own,attenuated,B=costly minus B=honest,A_transp_err,488,-0.07429105530904033,-0.08379591637996514,-0.06478619423811552
0.0,both_own,attenuated,B=costly minus B=honest,A_pW_true,488,-0.04268376689217891,-0.052275731289189394,-0.03309180249516843
0.0,both_own,attenuated,B=costly minus B=honest,A_pC_true,488,0.3019987289100142,0.26025494896468976,0.3437425088553387
0.0,both_own,attenuated,B=mixed minus B=honest,A_transp_err,488,-0.1034024760304153,-0.1152660876439598,-0.0915388644168708
0.0,both_own,attenuated,B=mixed minus B=honest,A_pW_true,488,-0.021265532088714425,-0.04015652549755167,-0.002374538679877178
0.0,both_own,attenuated,B=mixed minus B=honest,A_pC_true,488,0.06840607469471335,0.03995666830748795,0.09685548108193875
0.0,both_own,costly,B=attenuated minus B=honest,A_transp_err,488,-0.07252924346484721,-0.08399796375166431,-0.06106052317803011
0.0,both_own,costly,B=attenuated minus B=honest,A_pW_true,488,0.4545463164665893,0.424028446709446,0.48506418622373254
0.0,both_own,costly,B=attenuated minus B=honest,A_pC_true,488,0.0515235289642102,0.02621369859928876,0.07683335932913163
0.0,both_own,costly,B=costly minus B=honest,A_transp_err,488,-0.07604200755234776,-0.0853418225633795,-0.06674219254131603
0.0,both_own,costly,B=costly minus B=honest,A_pW_true,488,-0.04499878490181644,-0.05443789259665221,-0.035559677206980674
0.0,both_own,costly,B=costly minus B=honest,A_pC_true,488,0.33352863979800346,0.293029306598847,0.3740279729971599
0.0,both_own,costly,B=mixed minus B=honest,A_transp_err,488,-0.09387729738986746,-0.10552210991744801,-0.0822324848622869
0.0,both_own,costly,B=mixed minus B=honest,A_pW_true,488,-0.04511568887597972,-0.06219099776962961,-0.028040379982329836
0.0,both_own,costly,B=mixed minus B=honest,A_pC_true,488,0.09549417783059799,0.07013229038009058,0.1208560652811054
0.0,both_own,mixed,B=attenuated minus B=honest,A_transp_err,488,-0.06704807485286057,-0.07807975740386414,-0.05601639230185701
0.0,both_own,mixed,B=attenuated minus B=honest,A_pW_true,488,0.5502478266467027,0.5225342974962273,0.5779613557971781
0.0,both_own,mixed,B=attenuated minus B=honest,A_pC_true,488,0.039518623250907665,0.01319092259385041,0.06584632390796492
0.0,both_own,mixed,B=costly minus B=honest,A_transp_err,488,-0.07551237269794907,-0.08488417735617024,-0.0661405680397279
0.0,both_own,mixed,B=costly minus B=honest,A_pW_true,488,-0.046309525636475855,-0.05611808534861881,-0.0365009659243329
0.0,both_own,mixed,B=costly minus B=honest,A_pC_true,488,0.3344954319146626,0.2938502275311208,0.3751406362982044
0.0,both_own,mixed,B=mixed minus B=honest,A_transp_err,488,-0.09783926467430717,-0.10931693080851297,-0.08636159854010138
0.0,both_own,mixed,B=mixed minus B=honest,A_pW_true,488,-0.017908996339117963,-0.03747880207307386,0.0016608093948379359
0.0,both_own,mixed,B=mixed minus B=honest,A_pC_true,488,0.09442703739936877,0.06819755913473505,0.12065651566400248
1.5,all,honest,B=attenuated minus B=honest,A_transp_err,2000,0.02544589107644775,0.02106489875005044,0.029826883402845058
1.5,all,honest,B=attenuated minus B=honest,A_pW_true,2000,0.09506829921528405,0.08276128708327149,0.10737531134729661
1.5,all,honest,B=attenuated minus B=honest,A_pC_true,2000,-0.021675558415518697,-0.03189596183590625,-0.011455154995131143
1.5,all,honest,B=costly minus B=honest,A_transp_err,2000,-0.024872952211042573,-0.0279125617643752,-0.021833342657709944
1.5,all,honest,B=costly minus B=honest,A_pW_true,2000,-0.021628267402490454,-0.02560619777620741,-0.017650337028773496
1.5,all,honest,B=costly minus B=honest,A_pC_true,2000,0.059456127219063105,0.048474591807784906,0.0704376626303413
1.5,all,honest,B=mixed minus B=honest,A_transp_err,2000,-0.010654838691377427,-0.014481646059066967,-0.006828031323687888
1.5,all,honest,B=mixed minus B=honest,A_pW_true,2000,-0.03665632132285012,-0.04208764812915192,-0.03122499451654832
1.5,all,honest,B=mixed minus B=honest,A_pC_true,2000,-0.011560761926747869,-0.021103294451410834,-0.002018229402084905
1.5,all,attenuated,B=attenuated minus B=honest,A_transp_err,2000,0.02259687442116975,0.01820778884416436,0.026985959998175144
1.5,all,attenuated,B=attenuated minus B=honest,A_pW_true,2000,0.18746448555313433,0.17051582063793985,0.2044131504683288
1.5,all,attenuated,B=attenuated minus B=honest,A_pC_true,2000,-0.025465060008650026,-0.035970098641328746,-0.01496002137597131
1.5,all,attenuated,B=costly minus B=honest,A_transp_err,2000,-0.023230983772650246,-0.026401675026346598,-0.020060292518953894
1.5,all,attenuated,B=costly minus B=honest,A_pW_true,2000,-0.020463642358605837,-0.024520915841375186,-0.016406368875836488
1.5,all,attenuated,B=costly minus B=honest,A_pC_true,2000,0.05843832750424439,0.04704391112211006,0.06983274388637871
1.5,all,attenuated,B=mixed minus B=honest,A_transp_err,2000,-0.014872827737779338,-0.019019237807511337,-0.010726417668047338
1.5,all,attenuated,B=mixed minus B=honest,A_pW_true,2000,-0.03939705540647219,-0.04533553754670557,-0.03345857326623881
1.5,all,attenuated,B=mixed minus B=honest,A_pC_true,2000,-0.017350101542865443,-0.02745397212225116,-0.007246230963479728
1.5,all,costly,B=attenuated minus B=honest,A_transp_err,2000,0.015615351097634289,0.011259960177269634,0.019970742017998942
1.5,all,costly,B=attenuated minus B=honest,A_pW_true,2000,0.09854848134936071,0.08646108721446873,0.1106358754842527
1.5,all,costly,B=attenuated minus B=honest,A_pC_true,2000,-0.026585269731485953,-0.036725816313910996,-0.01644472314906091
1.5,all,costly,B=costly minus B=honest,A_transp_err,2000,-0.02468001017370899,-0.027733164659132382,-0.0216268556882856
1.5,all,costly,B=costly minus B=honest,A_pW_true,2000,-0.020943802899532554,-0.024973487551473616,-0.01691411824759149
1.5,all,costly,B=costly minus B=honest,A_pC_true,2000,0.06012280500469953,0.04899998585535279,0.07124562415404627
1.5,all,costly,B=mixed minus B=honest,A_transp_err,2000,-0.013733553849465497,-0.0174791689202818,-0.009987938778649195
1.5,all,costly,B=mixed minus B=honest,A_pW_true,2000,-0.028077580139482788,-0.03374482176658041,-0.022410338512385164
1.5,all,costly,B=mixed minus B=honest,A_pC_true,2000,-0.014118036834361915,-0.023899002271252832,-0.0043370713974709985
1.5,all,mixed,B=attenuated minus B=honest,A_transp_err,2000,0.01997974183162389,0.015586383878406829,0.02437309978484095
1.5,all,mixed,B=attenuated minus B=honest,A_pW_true,2000,0.13151206918816968,0.1177670626022464,0.14525707577409297
1.5,all,mixed,B=attenuated minus B=honest,A_pC_true,2000,-0.026647892540745146,-0.0368959894621162,-0.016399795619374092
1.5,all,mixed,B=costly minus B=honest,A_transp_err,2000,-0.025688718063738597,-0.028818974199135195,-0.022558461928342
1.5,all,mixed,B=costly minus B=honest,A_pW_true,2000,-0.021152074030285555,-0.02530578568679468,-0.01699836237377643
1.5,all,mixed,B=costly minus B=honest,A_pC_true,2000,0.0624832807569414,0.05116021115864418,0.07380635035523862
1.5,all,mixed,B=mixed minus B=honest,A_transp_err,2000,-0.013387747956659413,-0.017288273937784836,-0.00948722197553399
1.5,all,mixed,B=mixed minus B=honest,A_pW_true,2000,-0.025389178121133327,-0.031614598148181905,-0.01916375809408475
1.5,all,mixed,B=mixed minus B=honest,A_pC_true,2000,-0.015231497070787343,-0.025115507478642787,-0.005347486662931901
1.5,both_own,honest,B=attenuated minus B=honest,A_transp_err,488,-0.06515096870017827,-0.07737398135775109,-0.05292795604260545
1.5,both_own,honest,B=attenuated minus B=honest,A_pW_true,488,0.4290447554479887,0.39675712238904653,0.46133238850693087
1.5,both_own,honest,B=attenuated minus B=honest,A_pC_true,488,0.01584343509791812,-0.013132036279787082,0.044818906475623324
1.5,both_own,honest,B=costly minus B=honest,A_transp_err,488,-0.07924047448247587,-0.08964996628296064,-0.0688309826819911
1.5,both_own,honest,B=costly minus B=honest,A_pW_true,488,-0.0663794869091111,-0.07920660491024399,-0.053552368907978196
1.5,both_own,honest,B=costly minus B=honest,A_pC_true,488,0.2397174253201595,0.2020825588037889,0.2773522918365301
1.5,both_own,honest,B=mixed minus B=honest,A_transp_err,488,-0.09176962236303839,-0.10403709511780135,-0.07950214960827542
1.5,both_own,honest,B=mixed minus B=honest,A_pW_true,488,-0.046988793177426914,-0.06490993055657857,-0.029067655798275267
1.5,both_own,honest,B=mixed minus B=honest,A_pC_true,488,0.05490057765904873,0.029206844574269256,0.08059431074382821
1.5,both_own,attenuated,B=attenuated minus B=honest,A_transp_err,488,-0.06486902505875895,-0.07713416302197633,-0.05260388709554158
1.5,both_own,attenuated,B=attenuated minus B=honest,A_pW_true,488,0.7661783348432297,0.7438655369147134,0.7884911327717461
1.5,both_own,attenuated,B=attenuated minus B=honest,A_pC_true,488,-0.01817049496739864,-0.0493587861748029,0.013017796240005625
1.5,both_own,attenuated,B=costly minus B=honest,A_transp_err,488,-0.07929769061561394,-0.08994103782481835,-0.06865434340640952
1.5,both_own,attenuated,B=costly minus B=honest,A_pW_true,488,-0.0656136879049107,-0.07866059908482854,-0.05256677672499287
1.5,both_own,attenuated,B=costly minus B=honest,A_pC_true,488,0.23117132505663104,0.19199665702714103,0.27034599308612106
1.5,both_own,attenuated,B=mixed minus B=honest,A_transp_err,488,-0.1106244293495922,-0.12330454249414396,-0.09794431620504043
1.5,both_own,attenuated,B=mixed minus B=honest,A_pW_true,488,-0.03834652394254052,-0.05812045362754456,-0.018572594257536476
1.5,both_own,attenuated,B=mixed minus B=honest,A_pC_true,488,0.041526027794674236,0.013126879223961455,0.06992517636538702
1.5,both_own,costly,B=attenuated minus B=honest,A_transp_err,488,-0.06679451548196319,-0.07900402924011213,-0.05458500172381425
1.5,both_own,costly,B=attenuated minus B=honest,A_pW_true,488,0.4461944186175097,0.41527583224987813,0.47711300498514125
1.5,both_own,costly,B=attenuated minus B=honest,A_pC_true,488,0.01374528143401433,-0.01495484669755761,0.04244540956558627
1.5,both_own,costly,B=costly minus B=honest,A_transp_err,488,-0.0792995478300081,-0.08975666059770487,-0.06884243506231133
1.5,both_own,costly,B=costly minus B=honest,A_pW_true,488,-0.06676702375665008,-0.07966377384388158,-0.05387027366941858
1.5,both_own,costly,B=costly minus B=honest,A_pC_true,488,0.24343406283245192,0.20591898581733278,0.2809491398475711
1.5,both_own,costly,B=mixed minus B=honest,A_transp_err,488,-0.09262900542332075,-0.10481344680903043,-0.08044456403761108
1.5,both_own,costly,B=mixed minus B=honest,A_pW_true,488,-0.032813737396098976,-0.05181226372844977,-0.013815211063748185
1.5,both_own,costly,B=mixed minus B=honest,A_pC_true,488,0.0593002599454851,0.03346572293467234,0.08513479695629786
1.5,both_own,mixed,B=attenuated minus B=honest,A_transp_err,488,-0.06597585611318388,-0.07792727119097864,-0.054024441035389115
1.5,both_own,mixed,B=attenuated minus B=honest,A_pW_true,488,0.5849134775553554,0.5586911433092271,0.6111358118014837
1.5,both_own,mixed,B=attenuated minus B=honest,A_pC_true,488,0.007634235424143815,-0.021658721157383168,0.0369271920056708
1.5,both_own,mixed,B=costly minus B=honest,A_transp_err,488,-0.08136509336211778,-0.09194163299442694,-0.07078855372980862
1.5,both_own,mixed,B=costly minus B=honest,A_pW_true,488,-0.06930652393872459,-0.08256960906191316,-0.056043438815536036
1.5,both_own,mixed,B=costly minus B=honest,A_pC_true,488,0.2515075752257444,0.21375445822622935,0.28926069222525946
1.5,both_own,mixed,B=mixed minus B=honest,A_transp_err,488,-0.09761132534225793,-0.1098617100050118,-0.08536094067950406
1.5,both_own,mixed,B=mixed minus B=honest,A_pW_true,488,-0.012703346140939655,-0.033892622165250436,0.008485929883371124
1.5,both_own,mixed,B=mixed minus B=honest,A_pC_true,488,0.06234236657879996,0.03596705629675485,0.08871767686084508
