beta,split,A_type,B_type,n,nonc_mutual,nonc_A,nonc_B,hidden_shift_mean,belief_gap_final,U_final,no_concession_either,A_p_truth,B_p_truth,dist_oracle,A_transp_err,B_transp_err,A_pC_true,A_pW_true,B_pC_true,B_pW_true
0.0,all,honest,honest,2000,0.13275,0.548125,0.584625,0.051172497543410356,0.12843289042067568,0.0615,0.0305,0.8770672331314492,0.8734073746430963,0.07860950040010087,0.07007901517511429,0.06291658127705697,0.5448154985083192,0.32869276824305144,0.5886374270626739,0.3335436140809904
0.0,all,honest,attenuated,2000,0.2005,0.559875,0.63825,0.04213618293352456,0.17540156553652037,0.145125,0.0915,0.8702945102958894,0.8135958032553965,0.10545740934301241,0.09463825755765504,0.08203316773528786,0.5328894098532346,0.42298101293908064,0.5902747208111766,0.31117322102332595
0.0,all,honest,costly,2000,0.53575,0.546875,0.988875,0.090083780938054,0.107620398658666,0.426375,0.388,0.875626926082055,0.8891264656402761,0.07126476721611574,0.04633991736708545,0.07903244096486534,0.625801793197888,0.3135210249177627,0.5911478903305782,0.3270517041773859
0.0,all,honest,mixed,2000,0.39575,0.55125,0.8445,0.056765375643907004,0.13644520560232543,0.154375,0.116,0.8752327064341048,0.8587142511948478,0.07746435820978462,0.059518089671907956,0.07882398986342451,0.5453148488545025,0.29274830839446075,0.5894407291535169,0.31941633934433666
0.0,all,attenuated,honest,2000,0.212,0.621625,0.586625,0.04239845681378861,0.1800586607646685,0.152125,0.0875,0.8138854510886374,0.8670153722681088,0.10772200399942827,0.08092410618803032,0.09839203898101806,0.5529823671169523,0.3019890453982143,0.5404150060970457,0.4287698586223454
0.0,all,attenuated,attenuated,2000,0.281,0.6255,0.642375,0.02326611555803143,0.24031827163079883,0.259125,0.1745,0.8135449126760512,0.8135667521091081,0.13294519659277565,0.10369939639609484,0.11145156211230617,0.5323728271124422,0.48781683178333346,0.5389718942224729,0.49300156958258196
0.0,all,attenuated,costly,2000,0.608375,0.621625,0.98675,0.08185458707515628,0.16357497085383887,0.5025,0.4545,0.8126441716198628,0.880942723047104,0.10176817414711327,0.060023715719564975,0.1024484190691625,0.6282960817854398,0.28990263774762887,0.5377690186892591,0.43016649696302084
0.0,all,attenuated,mixed,2000,0.472125,0.622375,0.84825,0.047050550023189405,0.19697179733595596,0.25325,0.2,0.8140155173158441,0.8570145455262717,0.1096689929775575,0.06860865376811949,0.10573393151101823,0.541207975352444,0.26672238463773473,0.5400272352829922,0.4493669489915793
0.0,all,costly,honest,2000,0.56975,0.9905,0.57925,0.0944301816931051,0.10799548750147381,0.460125,0.424,0.8937244340569809,0.8726094071344828,0.0707123955506943,0.08391330056736249,0.043244746048060716,0.548561058748042,0.32392059527554706,0.6403330653040527,0.3232252936100763
0.0,all,costly,attenuated,2000,0.628,0.990125,0.6375,0.08660811777888151,0.15874521076548787,0.535125,0.488,0.885804731987178,0.8133561962652293,0.09897734292437156,0.09809561696268483,0.061968948480397204,0.5337870913281636,0.4235535193845907,0.6389893646490141,0.2950140662783029
0.0,all,costly,costly,2000,0.978875,0.990125,0.98875,0.134098483959745,0.08592239869826296,0.82925,0.7955,0.8919176117798087,0.8874090380158765,0.06328762519750289,0.06038123988039403,0.057730534526674857,0.6306420019548475,0.3106326120029019,0.6420395985149951,0.3177155844332939
0.0,all,costly,mixed,2000,0.832375,0.98925,0.843125,0.10049467064993069,0.1184587942829396,0.551625,0.5175,0.8940747772287416,0.859181358675264,0.07068389583324085,0.07074858959755315,0.05578828907583836,0.5453478631425618,0.2917972432698407,0.6399404301959853,0.3089537950585288
0.0,all,mixed,honest,2000,0.416875,0.83625,0.580375,0.058664640877498814,0.13677196570183153,0.159625,0.1135,0.863997858309045,0.8743843454833486,0.08030409857842534,0.08115924267568687,0.060191397138614634,0.5496449469355252,0.31517695544855323,0.5470345727894312,0.30002426415145644
0.0,all,mixed,attenuated,2000,0.483625,0.843,0.639375,0.04763313720955303,0.19349072743030582,0.258375,0.202,0.8586912361850998,0.8141754690728364,0.10854214994991968,0.10061064729709454,0.07405965938400245,0.5323770892069858,0.43910124227607683,0.5406375853429592,0.27752668618691484
0.0,all,mixed,costly,2000,0.822875,0.836,0.986875,0.09748754658488157,0.1203574812904808,0.5215,0.4805,0.8619568318872753,0.8897696662460455,0.07286054635020565,0.0576684435639957,0.07122076470869618,0.631403324486789,0.3026580372309999,0.5465476675442614,0.29685709932624743
0.0,all,mixed,mixed,2000,0.68175,0.83825,0.8435,0.06438120494509539,0.15154419879820888,0.26525,0.224,0.8628634075418504,0.8600174802122056,0.08123219463229395,0.06855594967081655,0.06984225897257607,0.5432418580949712,0.28805764123793814,0.5425567231912465,0.2931374030197385
0.0,both_own,honest,honest,488,0.4600409836065574,0.7269467213114754,0.733094262295082,0.06846737214843057,0.3702893189884742,0.24487704918032788,0.125,0.7056556591457901,0.6777699958182388,0.20517953281551446,0.1953457778853672,0.15557053880716276,0.25920710972458916,0.26253708196516906,0.3412995980457807,0.3172143171277861
0.0,both_own,honest,attenuated,488,0.6757172131147541,0.6864754098360656,0.9882172131147541,0.06843633912085602,0.4346637057106053,0.5691598360655737,0.375,0.675022837630984,0.5917937914823569,0.2522998987404849,0.12484609059811128,0.22991570107992615,0.31238318337524373,0.6895297219701881,0.37255791627679957,0.2073417626662047
0.0,both_own,honest,costly,488,0.7207991803278688,0.7218237704918032,0.9989754098360656,0.16412600534517882,0.304681753815291,0.6234631147540983,0.5717213114754098,0.7041759740840557,0.7207023196047048,0.18075759348848017,0.11884061437848241,0.17930424960473004,0.5897944100165164,0.21607481262982653,0.34483038928362875,0.2992668278290546
0.0,both_own,honest,mixed,488,0.6895491803278688,0.6982581967213115,0.9912909836065574,0.10466373500498126,0.37272812296325847,0.5712090163934426,0.45901639344262296,0.6953418530686818,0.6639237029102972,0.20295929987807979,0.10207497633944218,0.2050298251117948,0.35366467805935436,0.21838695508292927,0.3531327159387689,0.2657880747949068
0.0,both_own,attenuated,honest,488,0.7269467213114754,0.985655737704918,0.7397540983606558,0.07175467229364271,0.4492657642560821,0.5942622950819673,0.35860655737704916,0.6151034927011998,0.6569083709187538,0.254876459188539,0.23482526805054843,0.12979497656790098,0.29658612063213347,0.14599674500263807,0.30773942854282815,0.6637623832551987
0.0,both_own,attenuated,attenuated,488,0.961577868852459,0.9789959016393442,0.9820696721311475,0.05279374956484287,0.6177111378403343,0.9487704918032787,0.7151639344262295,0.6101626379318434,0.5924203150486392,0.30885556892016713,0.1703984778444654,0.18424320788517154,0.30145391644367353,0.9018618906212555,0.30438796763656994,0.877739722110807
0.0,both_own,attenuated,costly,488,0.9836065573770492,0.985655737704918,0.9979508196721312,0.17130657270898783,0.389312670241669,0.96875,0.8770491803278688,0.6140630758695478,0.7014410361111453,0.23215739388156023,0.1605342127415081,0.14361089134827357,0.5985848495421476,0.10331297811045914,0.3036414549939516,0.6894434710337668
0.0,both_own,attenuated,mixed,488,0.9733606557377049,0.9820696721311475,0.9912909836065574,0.1082316163651631,0.4983771480150058,0.9441598360655737,0.7991803278688525,0.6139717519536116,0.6627666296327069,0.2598214151915239,0.13142279202013313,0.16404342473451008,0.3649921953268468,0.12473121291392364,0.3070327390040129,0.7485417744350265
0.0,both_own,costly,honest,488,0.7269467213114754,0.9974385245901639,0.7295081967213115,0.16389471462072103,0.31865916849225795,0.59375,0.5061475409836066,0.7424246658102953,0.676654884879322,0.18513445252709335,0.2085002767574001,0.10446740383600302,0.26020008211136003,0.25389956078416576,0.5611860769942008,0.29087454002425633
0.0,both_own,costly,attenuated,488,0.9846311475409836,0.9974385245901639,0.9871926229508197,0.17457496893796248,0.3860979043024479,0.9779713114754098,0.8586065573770492,0.7118362434022761,0.5920816910679493,0.23401467684976487,0.1359710332925529,0.16807995970374862,0.3117236110755702,0.7084458772507551,0.5995151040579565,0.16697079417427826
0.0,both_own,costly,costly,488,0.9964139344262295,0.9974385245901639,0.9989754098360656,0.26300189012300695,0.2489240996517765,0.9866803278688525,0.9774590163934426,0.739796245454287,0.7181074374610071,0.16059574026698245,0.13245826920505238,0.1251782707949308,0.5937287219093634,0.20890077588234926,0.5672466654677542,0.2711889540419572
0.0,both_own,costly,mixed,488,0.9887295081967213,0.9974385245901639,0.9912909836065574,0.20737160567625948,0.3202527333265898,0.9661885245901639,0.9200819672131147,0.732130050876635,0.6647367751018062,0.1827572351370902,0.11462297936753264,0.145864477306865,0.355694259941958,0.208783871908186,0.5839078393376023,0.22930712154903887
0.0,both_own,mixed,honest,488,0.7233606557377049,0.9938524590163934,0.7295081967213115,0.11379059660823682,0.38507245608367713,0.5753073770491803,0.44672131147540983,0.6947044894358123,0.6788529696328944,0.20789113828922975,0.2248547473649898,0.09887915793479557,0.26396947256758924,0.21225166910926338,0.33504300784016017,0.24717419827741544
0.0,both_own,mixed,attenuated,488,0.9779713114754098,0.992827868852459,0.9851434426229508,0.11077022420779975,0.4950957738881858,0.9528688524590164,0.8012295081967213,0.674941076764904,0.5936027226621629,0.26092858580338235,0.15780667251212924,0.1441557841455123,0.3034880958184969,0.7624994957559659,0.3432019965856949,0.16180789175771845
0.0,both_own,mixed,costly,488,0.9923155737704918,0.9938524590163934,0.9984631147540983,0.21161074943026792,0.3186065356376789,0.9661885245901639,0.9364754098360656,0.6944020310674098,0.7245346487306765,0.18363397500402778,0.1493423746670407,0.11588542899334787,0.5984649044822519,0.16594214347278752,0.3363401986584802,0.23449481850817433
0.0,both_own,mixed,mixed,488,0.9846311475409836,0.9933401639344263,0.9912909836065574,0.15241052933605503,0.40690442189332615,0.9441598360655737,0.8770491803278688,0.6886886381739544,0.66987229937468,0.21157513180613277,0.12701548269068264,0.13118175218484146,0.35839650996695804,0.19434267277014544,0.33832298172804554,0.2166247049827781
1.5,all,honest,honest,2000,0.12725,0.54325,0.583125,0.05021393984604613,0.12084007183643058,0.06375,0.0315,0.8810668633153806,0.8756973191206022,0.07415547496172743,0.06580171968800397,0.06026520473388939,0.5568948088520822,0.326372791613379,0.6054181864640079,0.3302762824121196
1.5,all,honest,attenuated,2000,0.1935,0.552,0.638125,0.04312947184612177,0.1661618574875031,0.14275,0.094,0.8672465330658363,0.813748316885142,0.10590683205301644,0.09124761076445173,0.07892857038230738,0.5352192504365635,0.42144109082866305,0.609794900087512,0.3074334152543312
1.5,all,honest,costly,2000,0.532,0.542125,0.989875,0.09000234872361652,0.09852905216574344,0.43325,0.393,0.8775899103500462,0.8917665885562241,0.06531894819141579,0.0409287674769614,0.07546805476619843,0.6163509360711454,0.3047445242108886,0.6074095612993332,0.3223949253284303
1.5,all,honest,mixed,2000,0.38925,0.544875,0.84425,0.05637048293050126,0.12919665400359867,0.155,0.1145,0.8769627395311579,0.8620994898943284,0.07412016396560835,0.05514688099662655,0.07463202325681155,0.5453340469253344,0.2897164702905289,0.6098747833428422,0.31325417812422285
1.5,all,attenuated,honest,2000,0.20825,0.621625,0.582875,0.0455298507488263,0.17108289803462184,0.151375,0.102,0.8139671209429074,0.8643726621796024,0.10812138030076414,0.07680511998139744,0.09551001705106225,0.5617893881424255,0.3019373837221332,0.5399971792943233,0.4245645835074805
1.5,all,attenuated,attenuated,2000,0.2835,0.626625,0.642125,0.02464863925898175,0.2367649952843403,0.264,0.2,0.8131257141458812,0.8136571495517988,0.13134930457844513,0.09940199440256718,0.1064345922518064,0.5363243281337755,0.4894018692752676,0.5357442096092268,0.49503654422832527
1.5,all,attenuated,costly,2000,0.609875,0.621875,0.988,0.08720947470417287,0.15427516385178913,0.5115,0.4755,0.8124913762961908,0.879414385963821,0.1023654167631477,0.05357413620874719,0.09982805719541964,0.6202277156466698,0.2814737413635274,0.5376614352753236,0.4254879460219758
1.5,all,attenuated,mixed,2000,0.47175,0.62275,0.8475,0.04968260503167411,0.19065960226742512,0.254875,0.214,0.8138310136566201,0.8575342779701687,0.10846133061265635,0.06193229224361809,0.1006930637074046,0.5444392865995601,0.2625403283156611,0.5390830817235635,0.448734116510091
1.5,all,costly,honest,2000,0.569625,0.991,0.578625,0.09604735107583542,0.10160740194120754,0.47575,0.4385,0.895959792665252,0.8749794362463131,0.06664541324629077,0.07880066032418916,0.041826732020793504,0.5605478940454545,0.320569547876511,0.6365724023264135,0.3156233176141835
1.5,all,costly,attenuated,2000,0.62925,0.990375,0.63825,0.09159999686365101,0.1498491318762951,0.548,0.5115,0.8817160324810432,0.8130453294855555,0.10042358597729924,0.09441601142182345,0.057714144345495995,0.5339626243139685,0.41911802922587166,0.6374391610707617,0.29033544723075205
1.5,all,costly,costly,2000,0.98,0.990625,0.989375,0.13566418171101746,0.07876586707363503,0.848875,0.814,0.8930091644605557,0.890767748148308,0.057643021567883174,0.05412065015048017,0.05471171727889489,0.620670699050154,0.2996257449769784,0.637262979587307,0.3085971531001234
1.5,all,costly,mixed,2000,0.833,0.989875,0.843125,0.10311943213197401,0.11265002370125594,0.565,0.5305,0.8937348622926136,0.8617567985896547,0.06835989794461611,0.06506710647472366,0.052414542482050505,0.5464298572110926,0.2924919677370282,0.6376150845817679,0.2993591401767993
1.5,all,mixed,honest,2000,0.416125,0.83725,0.578625,0.05960846208757811,0.1299759460985674,0.1645,0.1205,0.8661664420357017,0.8754641915644829,0.07753732956443966,0.07628718369516148,0.055265272916515694,0.5593754167946904,0.31114580958190874,0.5498637687618959,0.29299198429451534
1.5,all,mixed,attenuated,2000,0.48475,0.843375,0.639875,0.050439861589034976,0.1863641600165265,0.262875,0.2165,0.8586188357511536,0.8143118806262455,0.10739664345493227,0.09626692552678535,0.06548426582795384,0.5327275242539453,0.4426578787700784,0.5452793479416728,0.2682447563051757
1.5,all,mixed,costly,2000,0.825125,0.8365,0.988625,0.10006359517966493,0.11276131268367257,0.5335,0.4925,0.8626252108429507,0.8921512849041137,0.06901781843312807,0.05059846563142287,0.06559321930677521,0.6218586975516318,0.28999373555162317,0.5497327969406788,0.29036989195870855
1.5,all,mixed,mixed,2000,0.68275,0.8385,0.84425,0.06613026803287216,0.14558032829564496,0.268125,0.2275,0.8633763522605531,0.8616923521457722,0.07930961998319296,0.06289943573850205,0.06359137990775374,0.5441439197239031,0.2857566314607754,0.5473264055700647,0.2867996216442815
1.5,both_own,honest,honest,488,0.4410860655737705,0.7085040983606558,0.7315573770491803,0.06631351768872906,0.34007725920726456,0.2540983606557377,0.1290983606557377,0.71957754071917,0.6869777283388749,0.18879089584561226,0.1768470275926629,0.1480696555393587,0.3090528783063822,0.2527394800732513,0.4113543478764854,0.30239179073707695
1.5,both_own,honest,attenuated,488,0.649077868852459,0.6582991803278688,0.9902663934426229,0.07429240896970529,0.3986552226747626,0.5558401639344263,0.38524590163934425,0.6617421528596034,0.59175972942397,0.25500106250492094,0.11169605889248463,0.21794750186733608,0.32489631340430025,0.68178423552124,0.45172213360109637,0.19826387944677218
1.5,both_own,honest,costly,488,0.701844262295082,0.7038934426229508,0.9979508196721312,0.1621948736366466,0.27094355483430604,0.6168032786885246,0.5491803278688525,0.710418221258478,0.7282404476644216,0.15894746271650306,0.09760655311018705,0.16774674054852826,0.5487703036265418,0.18635999316414015,0.41550349068736775,0.27955096649627326
1.5,both_own,honest,mixed,488,0.6680327868852459,0.6777663934426229,0.9902663934426229,0.10512140813918787,0.34516399345649834,0.5645491803278688,0.4487704918032787,0.7032260809817675,0.6747855134681088,0.18975246474104576,0.08507740522962452,0.18824006685098005,0.3639534559654309,0.20575068689582438,0.44156849608791393,0.23768513268772878
1.5,both_own,attenuated,honest,488,0.7100409836065574,0.9866803278688525,0.7233606557377049,0.08488321280276749,0.41327876230858396,0.5922131147540983,0.4180327868852459,0.6152141769105923,0.6468737779668167,0.2566822113939998,0.21734171982352388,0.11752457044123596,0.33584809650113867,0.14336578484134946,0.3173638532528069,0.6564749776043399
1.5,both_own,attenuated,attenuated,488,0.9718237704918032,0.9836065573770492,0.9882172131147541,0.05913120823102599,0.6070349893633092,0.9600409836065574,0.819672131147541,0.608210122148142,0.5925972648279452,0.30351749468165456,0.1524726947647649,0.16325073407995253,0.3176776015337401,0.9095441196845792,0.3113982126052744,0.8882826087161833
1.5,both_own,attenuated,costly,488,0.983094262295082,0.985655737704918,0.9974385245901639,0.18984274115433594,0.3513851561219307,0.9682377049180327,0.9118852459016393,0.6129142894763757,0.6939680807553278,0.2351028289561272,0.13804402920790992,0.1302316394800953,0.5670194215577697,0.07775209693643874,0.31981163200074686,0.6802007299097568
1.5,both_own,attenuated,mixed,488,0.9733606557377049,0.9841188524590164,0.9892418032786885,0.12015421446066074,0.47297079059124664,0.9472336065573771,0.8524590163934426,0.6136948584616209,0.6648586892502976,0.2550232066929857,0.10671729047393168,0.14413672138438466,0.3773741242958129,0.10501926089880893,0.3171993079755751,0.7537071430911638
1.5,both_own,costly,honest,488,0.7310450819672131,0.9984631147540983,0.7325819672131147,0.17112828456192497,0.2925647523251961,0.6152663934426229,0.5266393442622951,0.7502070822177518,0.6859927143062142,0.17164079248942257,0.18922472913334568,0.10034003378107068,0.30692738537000686,0.24021900916774971,0.5501162008434184,0.2649692416460547
1.5,both_own,costly,attenuated,488,0.9882172131147541,0.9964139344262295,0.9918032786885246,0.19188852344799007,0.3519463660111373,0.9820696721311475,0.9057377049180327,0.6916627683033255,0.5910990606998268,0.24145333281291473,0.12243021365138246,0.1546617787825375,0.3206726668040212,0.6864134277852594,0.5933653558618621,0.15217372473731008
1.5,both_own,costly,costly,488,0.9964139344262295,0.9984631147540983,0.9979508196721312,0.26608890798850515,0.22216149878474534,0.9836065573770492,0.9692622950819673,0.7427249334005135,0.7279395867059872,0.14155257786746908,0.10992518130333757,0.11622171617187509,0.5503614482024588,0.17345198541109963,0.5538213342398772,0.2409479829384365
1.5,both_own,costly,mixed,488,0.9882172131147541,0.9979508196721312,0.9902663934426229,0.21666603828023903,0.29858356193049,0.9692622950819673,0.9262295081967213,0.7344810826246644,0.6742766014900341,0.173526369292176,0.09659572371002491,0.13328370665128428,0.36622764531549196,0.20740527177165075,0.5758914289019028,0.194442633600567
1.5,both_own,mixed,honest,488,0.7167008196721312,0.9933401639344263,0.7233606557377049,0.11859221308605378,0.35821541897537534,0.5804303278688525,0.46311475409836067,0.7021513328485659,0.6866635080692741,0.19793207361422455,0.20478943316475964,0.0811320999271007,0.3078787601531612,0.19184184547916086,0.3584062747231553,0.21742216088048172
1.5,both_own,mixed,attenuated,488,0.9805327868852459,0.9912909836065574,0.9892418032786885,0.12306590943211342,0.4690488049215661,0.9538934426229508,0.8504098360655737,0.6720764859760991,0.5934536251440361,0.25769150174988004,0.13881357705157576,0.11244963770221487,0.315512995577305,0.7767553230345161,0.37305952001065495,0.11706283189476055
1.5,both_own,mixed,costly,488,0.9907786885245902,0.992827868852459,0.9979508196721312,0.21861835303231358,0.2896558521011597,0.9595286885245902,0.9262295081967213,0.694871799724991,0.7317199501515186,0.17033623179164734,0.12342433980264184,0.09607809449294194,0.5593863353789056,0.1225353215404363,0.35956332743392155,0.20927588423207177
1.5,both_own,mixed,mixed,488,0.9820696721311475,0.9918032786885246,0.9902663934426229,0.16104389302105027,0.38334336186108825,0.9421106557377049,0.8790983606557377,0.6907251591909687,0.6766904847117775,0.2044079853783956,0.1071781078225017,0.10825793901602278,0.3702211267319611,0.17913849933822124,0.3671344389778094,0.18909004705978513
