run,split,n,A_right,A_right_se,A_own0,A_own0_se,B_own0,B_own0_se,nonc_A,nonc_A_se,nonc_B,nonc_B_se,nonc_mutual,nonc_mutual_se,U_final,U_final_se,no_concession_either,no_concession_either_se,A_p_truth0,A_p_truth0_se,A_p_truth,A_p_truth_se,B_p_truth0,B_p_truth0_se,B_p_truth,B_p_truth_se,A_dbelief,A_dbelief_se,B_dbelief,B_dbelief_se,belief_gap_final,belief_gap_final_se,A_hidden_shift,A_hidden_shift_se,B_hidden_shift,B_hidden_shift_se,dist_oracle,dist_oracle_se,A_transp_err,A_transp_err_se,B_transp_err,B_transp_err_se,A_assert,A_assert_se,A_concede,A_concede_se,A_pressure,A_pressure_se,A_silence,A_silence_se,A_reassure,A_reassure_se,B_assert,B_assert_se,B_concede,B_concede_se,B_pressure,B_pressure_se,B_silence,B_silence_se,B_reassure,B_reassure_se,A_pC_true,A_pC_true_se,A_pW_true,A_pW_true_se,B_pC_true,B_pC_true_se,B_pW_true,B_pW_true_se,A_type,B_type,beta
E1_honestxhonest_beta0.0,all,2000,0.5,0.011183136021064612,0.5985,0.01096398556592195,0.613,0.010893798117218316,0.548125,0.0106408049767288,0.584625,0.010378224002893129,0.13275,0.00577324726146135,0.0615,0.004752780182138646,0.0305,0.003846072169833502,0.7861258782201406,0.005937274143037439,0.8770672331314492,0.005176717304080369,0.7856867681498828,0.00604309916807027,0.8734073746430963,0.00515004758395803,0.1244730906686628,0.003052786605583323,0.1314894252226943,0.0032600709232249252,0.12843289042067568,0.003431445538946156,0.04566961771593223,0.0022146448480170763,0.056675377370888486,0.0027619607384767385,0.07860950040010087,0.0021215780399600833,0.07007901517511429,0.0025668821316710737,0.06291658127705697,0.002217911889321217,0.50925,0.010653967703136015,0.436875,0.010305066469486058,0.018166666666666664,0.001050189826439964,0.017958333333333333,0.0010361761251957396,0.01775,0.0010320966931514843,0.526375,0.010700112709902329,0.4104583333333333,0.010202283618806863,0.020708333333333332,0.0012003402694852575,0.020874999999999998,0.0012555110988507615,0.021583333333333333,0.0012790439372294244,0.5448154985083192,0.007846166299153199,0.32869276824305144,0.002270022889039228,0.5886374270626739,0.007669491660230925,0.3335436140809904,0.0025718743198329137,honest,honest,0.0
E1_honestxhonest_beta0.0,both_own,488,0.5163934426229508,0.02264498145031134,1.0,0.0,1.0,0.0,0.7269467213114754,0.016828418581601615,0.733094262295082,0.015253883637771245,0.4600409836065574,0.014752248582441889,0.24487704918032788,0.0167731996191642,0.125,0.0149863044938347,0.5785119207586287,0.017028818039318473,0.7056556591457901,0.01366555568997879,0.5569499366529735,0.017121837290904097,0.6777699958182388,0.012698459623648174,0.22143792445594493,0.008654578825969402,0.21609518907919895,0.007978910258352411,0.3702893189884742,0.005222993011137371,0.07268266100652036,0.0057272180816692695,0.06425208329034077,0.005672229776910847,0.20517953281551446,0.002802253808429643,0.1953457778853672,0.0075128196346517665,0.15557053880716276,0.006671356614083865,0.6449795081967213,0.018494716218403134,0.22165300546448086,0.013402776921686699,0.04627732240437159,0.003218520263248501,0.04456967213114754,0.003276563134806483,0.04252049180327869,0.0032521301312439417,0.555327868852459,0.01972926498410348,0.2493169398907104,0.013161253640299679,0.06506147540983606,0.003903801530643667,0.06352459016393443,0.004160653044382372,0.0667691256830601,0.004207073066602896,0.25920710972458916,0.01139478527108276,0.26253708196516906,0.0074441299722934244,0.3412995980457807,0.011440702228778576,0.3172143171277861,0.009504971204665565,honest,honest,0.0
E1_honestxattenuated_beta0.0,all,2000,0.5,0.011183136021064612,0.5985,0.01096398556592195,0.613,0.010893798117218316,0.559875,0.010495389167838997,0.63825,0.010263522236267,0.2005,0.007602879512950618,0.145125,0.007515449632529616,0.0915,0.006448617474596151,0.7861258782201406,0.005937274143037439,0.8702945102958894,0.0047149011821767325,0.7856867681498828,0.00604309916807027,0.8135958032553965,0.0057121381471812345,0.1440040469905011,0.003498104050174699,0.03384764775058702,0.0008394449626166402,0.17540156553652037,0.004205686404316851,0.06290305240938256,0.002947780572831754,0.02136931345766655,0.0008513174618262412,0.10545740934301241,0.0024562794958651398,0.09463825755765504,0.0021449014781219234,0.08203316773528786,0.0024683276969899013,0.5075416666666667,0.010420490335404013,0.4264166666666666,0.010105522504952655,0.022333333333333334,0.0011416418516781853,0.022083333333333333,0.0011410315770666757,0.021625,0.0011355147858389488,0.5733333333333333,0.010359183564347034,0.36304166666666665,0.01018583369534926,0.020416666666666663,0.0010867655127210375,0.021875,0.0010972932821752288,0.021333333333333333,0.0011096816996396016,0.5328894098532346,0.007336392592688901,0.42298101293908064,0.004928827222217357,0.5902747208111766,0.007738784730573274,0.31117322102332595,0.0035871375361344214,honest,attenuated,0.0
E1_honestxattenuated_beta0.0,both_own,488,0.5163934426229508,0.02264498145031134,1.0,0.0,1.0,0.0,0.6864754098360656,0.016747283726215846,0.9882172131147541,0.002709518273815094,0.6757172131147541,0.0165373052868439,0.5691598360655737,0.02063843202245721,0.375,0.021937703473143323,0.5785119207586287,0.017028818039318473,0.675022837630984,0.010328695549301525,0.5569499366529735,0.017121837290904097,0.5917937914823569,0.01590201437225201,0.2597594215318431,0.008162405805622393,0.04768159025131786,0.0024437500286632,0.4346637057106053,0.008726089243916055,0.09151342051655588,0.0064354484590983365,0.045359257725156164,0.002411373166018545,0.2522998987404849,0.004265819650984347,0.12484609059811128,0.005130280713700104,0.22991570107992615,0.00541438982593169,0.5606215846994537,0.017717487635197322,0.2626366120218579,0.013469375246788016,0.06130464480874316,0.0034481645970377895,0.06010928961748633,0.0035450980874739556,0.05532786885245901,0.003431113179361343,0.8690232240437158,0.007291538437180205,0.01092896174863388,0.0014055256419560666,0.04081284153005464,0.0032521301312439417,0.03859289617486338,0.003016192660114504,0.04064207650273224,0.0031608986498314283,0.31238318337524373,0.008264038736755904,0.6895297219701881,0.013006214187335018,0.37255791627679957,0.013995819705268623,0.2073417626662047,0.012211905775182457,honest,attenuated,0.0
E1_honestxcostly_beta0.0,all,2000,0.5,0.011183136021064612,0.5985,0.01096398556592195,0.613,0.010893798117218316,0.546875,0.010628898293189349,0.988875,0.0011798042874046055,0.53575,0.010455710386666461,0.426375,0.010795882558995063,0.388,0.010898962964284649,0.7861258782201406,0.005937274143037439,0.875626926082055,0.005050489062762066,0.7856867681498828,0.00604309916807027,0.8891264656402761,0.005110343181089558,0.12160359842796219,0.003044021525257137,0.14845399560096603,0.0039090116352663365,0.107620398658666,0.0031066991660102096,0.042113301357152286,0.0021365320004289017,0.13805426051895572,0.003969232456256841,0.07126476721611574,0.002066079001904297,0.04633991736708545,0.0016665194030426771,0.07903244096486534,0.0021573070795383596,0.5053333333333333,0.010621837858747728,0.4389166666666666,0.010291069733150715,0.01875,0.001064806759226774,0.018708333333333334,0.0010561663842480536,0.018291666666666664,0.0010466173833015913,0.5360833333333334,0.010575721804957234,0.010125,0.0006992261448604334,0.15025,0.004014085986157153,0.1509166666666667,0.0039932996345109755,0.152625,0.004011885753751043,0.625801793197888,0.007100500230336903,0.3135210249177627,0.002184827008231306,0.5911478903305782,0.007706672758183138,0.3270517041773859,0.002601015137677366,honest,costly,0.0
E1_honestxcostly_beta0.0,both_own,488,0.5163934426229508,0.02264498145031134,1.0,0.0,1.0,0.0,0.7218237704918032,0.016812399232453958,0.9989754098360656,0.0007237504362715333,0.7207991803278688,0.01679315584230692,0.6234631147540983,0.02104429022104261,0.5717213114754098,0.022422856732945876,0.5785119207586287,0.017028818039318473,0.7041759740840557,0.012944697403274898,0.5569499366529735,0.017121837290904097,0.7207023196047048,0.013307895740520916,0.2145040911899478,0.008778163347615156,0.2694297495387287,0.010744719329786634,0.304681753815291,0.006599862780232825,0.06320930433481303,0.005498136666292851,0.2650427063555446,0.010777885081990308,0.18075759348848017,0.003815253525486545,0.11884061437848241,0.004690988361024385,0.17930424960473004,0.006089031350696415,0.6306352459016393,0.018432852574652145,0.22780054644808745,0.01342438268265068,0.04969262295081967,0.003285760676778608,0.04747267759562841,0.003330621499963913,0.04439890710382513,0.00328576978854081,0.5853825136612022,0.018942545004990045,0.0008538251366120218,0.00038027083548957346,0.13575819672131148,0.007571451096623179,0.13541666666666669,0.00732130372215792,0.14258879781420764,0.007648999361911856,0.5897944100165164,0.013155930424605465,0.21607481262982653,0.006526839726693516,0.34483038928362875,0.011798872954743541,0.2992668278290546,0.009799199031619917,honest,costly,0.0
E1_honestxmixed_beta0.0,all,2000,0.5,0.011183136021064612,0.5985,0.01096398556592195,0.613,0.010893798117218316,0.55125,0.010563439869708185,0.8445,0.005835400667518489,0.39575,0.008707619081300726,0.154375,0.007711892850213012,0.116,0.007162237696726645,0.7861258782201406,0.005937274143037439,0.8752327064341048,0.004799576989788663,0.7856867681498828,0.00604309916807027,0.8587142511948478,0.0052686915122856365,0.12960180440654256,0.0032486133248236307,0.09551860570090255,0.002555716045989505,0.13644520560232543,0.0035845898354249076,0.04894682135309104,0.0024853072098244455,0.06458392993472296,0.002590210275034137,0.07746435820978462,0.0019438857488816225,0.059518089671907956,0.0017585093915950605,0.07882398986342451,0.0023388129738066378,0.5040416666666666,0.010520496825129367,0.43533333333333335,0.010213832944293203,0.020291666666666663,0.0010950970914275864,0.0205,0.0011018589554430077,0.019833333333333328,0.001079357708123956,0.5525416666666667,0.010367960961285849,0.15429166666666666,0.005115409677959769,0.09604166666666666,0.002834804122222971,0.097375,0.0028162782491909797,0.09975,0.0029204851252289128,0.5453148488545025,0.006982069729687396,0.29274830839446075,0.002329419608303304,0.5894407291535169,0.007757884584675608,0.31941633934433666,0.0028896235253111253,honest,mixed,0.0
E1_honestxmixed_beta0.0,both_own,488,0.5163934426229508,0.02264498145031134,1.0,0.0,1.0,0.0,0.6982581967213115,0.016838150895907476,0.9912909836065574,0.002077258861445192,0.6895491803278688,0.01664470601552092,0.5712090163934426,0.020827140046469777,0.45901639344262296,0.022580921968505654,0.5785119207586287,0.017028818039318473,0.6953418530686818,0.011487253760163244,0.5569499366529735,0.017121837290904097,0.6639237029102972,0.014228565313672868,0.2277368114537868,0.008850384433503366,0.15761876050517962,0.007459463888042185,0.37272812296325847,0.0068133805120787,0.06480952305235044,0.005814253642656356,0.14451794695761208,0.007322260094268676,0.20295929987807979,0.0031906964728366247,0.10207497633944218,0.004954293631692346,0.2050298251117948,0.0057364219768947615,0.5910177595628414,0.018154185998490554,0.2472677595628415,0.013485307417833868,0.05635245901639344,0.003396700679025795,0.054815573770491795,0.003469078389833765,0.05054644808743169,0.003386425438634201,0.7088456284153006,0.015498147287404587,0.00546448087431694,0.0009347422257929149,0.09221311475409837,0.005888039744958999,0.09614071038251368,0.006037539741096229,0.09733606557377049,0.0061067108752993335,0.35366467805935436,0.0065931879545636915,0.21838695508292927,0.007380816649589062,0.3531327159387689,0.012897451101482054,0.2657880747949068,0.010666857710368283,honest,mixed,0.0
E1_attenuatedxhonest_beta0.0,all,2000,0.5,0.011183136021064612,0.5985,0.01096398556592195,0.613,0.010893798117218316,0.621625,0.010378073370859617,0.586625,0.010326155840133218,0.212,0.007749711543954862,0.152125,0.007601711004280305,0.0875,0.006319956164639235,0.7861258782201406,0.005937274143037439,0.8138854510886374,0.005625466067807678,0.7856867681498828,0.00604309916807027,0.8670153722681088,0.004884252616405027,0.03378329205772805,0.0008336230331426482,0.1398169022095271,0.003341254769406095,0.1800586607646685,0.004174925981511014,0.02039878474932721,0.0008381363296365445,0.06439812887825,0.0029176409392768095,0.10772200399942827,0.002425897874590859,0.08092410618803032,0.002635022875495534,0.09839203898101806,0.0021764772605073045,0.5585416666666666,0.010398912458623039,0.37525,0.010208077632554225,0.021958333333333333,0.0010643054357327435,0.022333333333333334,0.0011029492905195676,0.021916666666666664,0.0011039803353025868,0.5182083333333333,0.010515643289243674,0.4091666666666666,0.010132744781842801,0.02420833333333333,0.001275223185750489,0.02425,0.0013196824440367353,0.024166666666666663,0.0013151746220893016,0.5529823671169523,0.007902450707637468,0.3019890453982143,0.003233462525327898,0.5404150060970457,0.007326617874856994,0.4287698586223454,0.004777763831339024,attenuated,honest,0.0
E1_attenuatedxhonest_beta0.0,both_own,488,0.5163934426229508,0.02264498145031134,1.0,0.0,1.0,0.0,0.985655737704918,0.0028271937004041513,0.7397540983606558,0.014784724798559908,0.7269467213114754,0.014566731963752981,0.5942622950819673,0.019799285537329184,0.35860655737704916,0.02173235999639232,0.5785119207586287,0.017028818039318473,0.6151034927011998,0.015833400934169645,0.5569499366529735,0.017121837290904097,0.6569083709187538,0.010129082870265633,0.050257952771820345,0.002475422188699887,0.24794140898344694,0.007626027730374146,0.4492657642560821,0.007417639706809868,0.04696956116967793,0.002423276996384851,0.0965397834176075,0.006668232342754923,0.254876459188539,0.0036866900009862504,0.23482526805054843,0.006206522537124159,0.12979497656790098,0.00541043281221583,0.8760245901639344,0.007138523888811101,0.01058743169398907,0.0014314443013710334,0.04064207650273224,0.0030093557359620327,0.036885245901639344,0.00304059165575825,0.035860655737704916,0.0030176216838807726,0.5295423497267759,0.018143575516916262,0.24334016393442623,0.012554375990585915,0.07667349726775956,0.00394973072568959,0.07377049180327869,0.0041506244433144905,0.07667349726775956,0.004158745727579117,0.29658612063213347,0.013631137031305581,0.14599674500263807,0.008806152177764733,0.30773942854282815,0.00766489517996314,0.6637623832551987,0.013274295353971448,attenuated,honest,0.0
E1_attenuatedxattenuated_beta0.0,all,2000,0.5,0.011183136021064612,0.5985,0.01096398556592195,0.613,0.010893798117218316,0.6255,0.01027540349370667,0.642375,0.010183978171284372,0.281,0.009053548109259891,0.259125,0.009517446247762028,0.1745,0.008488869503810642,0.7861258782201406,0.005937274143037439,0.8135449126760512,0.005427378280374818,0.7856867681498828,0.00604309916807027,0.8135667521091081,0.0055617169135379185,0.037822321281044936,0.0009430954806743407,0.038058896284564214,0.0009334141914139592,0.24031827163079883,0.00548901925128016,0.022676608403416006,0.0008991014351461949,0.023855622712646858,0.000906755592428893,0.13294519659277565,0.002570858018471564,0.10369939639609484,0.002140101113891076,0.11145156211230617,0.002214747417838786,0.555375,0.010314205899214342,0.3710833333333334,0.010103886034912668,0.022666666666666665,0.001088428073493567,0.026583333333333327,0.0012139971078310872,0.024291666666666663,0.001169230237500405,0.569875,0.0102851110320682,0.35975,0.010115521218585362,0.023,0.0011622214559582345,0.024125,0.0011871603261976987,0.02325,0.0011819830619116288,0.5323728271124422,0.007363313951253777,0.48781683178333346,0.006137776859176103,0.5389718942224729,0.007412210852916013,0.49300156958258196,0.005851012336781716,attenuated,attenuated,0.0
E1_attenuatedxattenuated_beta0.0,both_own,488,0.5163934426229508,0.02264498145031134,1.0,0.0,1.0,0.0,0.9789959016393442,0.0033844356473826534,0.9820696721311475,0.003263158632067233,0.961577868852459,0.0045137948293539395,0.9487704918032787,0.006185991890599057,0.7151639344262295,0.020452001268770573,0.5785119207586287,0.017028818039318473,0.6101626379318434,0.015077850908844365,0.5569499366529735,0.017121837290904097,0.5924203150486392,0.015204242807809791,0.05702466408758031,0.0025228448125882022,0.056869883284160816,0.0024574466992834795,0.6177111378403343,0.007416534107968729,0.052511707776435684,0.00249663715315668,0.053075791353250044,0.002431191404682322,0.30885556892016713,0.0037082670539843638,0.1703984778444654,0.004460756113086318,0.18424320788517154,0.0045124769033003855,0.8584357923497267,0.0073140047472239665,0.01331967213114754,0.001562330271946552,0.04115437158469945,0.0030193177711438017,0.04627732240437158,0.003281457100717884,0.04081284153005464,0.0031238076689712345,0.8504098360655737,0.007555304655492902,0.013831967213114754,0.0015811311408770751,0.04559426229508197,0.0033186896406063875,0.04576502732240437,0.0032650022635274684,0.04439890710382513,0.003258981384821267,0.30145391644367353,0.008637876015484979,0.9018618906212555,0.006459504542560523,0.30438796763656994,0.008681510864820385,0.877739722110807,0.006824918619772764,attenuated,attenuated,0.0
E1_attenuatedxcostly_beta0.0,all,2000,0.5,0.011183136021064612,0.5985,0.01096398556592195,0.613,0.010893798117218316,0.621625,0.01037204629567762,0.98675,0.001277413262151744,0.608375,0.01021219609888495,0.5025,0.010918458287033148,0.4545,0.011136735987003647,0.7861258782201406,0.005937274143037439,0.8126441716198628,0.00558357904850186,0.7856867681498828,0.00604309916807027,0.880942723047104,0.004798710286192891,0.03172991199015895,0.0008097068922525839,0.15671715073643577,0.003942703764061634,0.16357497085383887,0.004073663565935717,0.018335682246619727,0.0007980962904924294,0.14537349190369284,0.004013816285966528,0.10176817414711327,0.0024217315795216523,0.060023715719564975,0.0019128105724394145,0.1024484190691625,0.002052754062774035,0.55675,0.010373700616034976,0.3754166666666667,0.010210116594795992,0.022583333333333334,0.0010618402537973942,0.023125,0.0011097282661991128,0.022125,0.0011074030293193998,0.5255,0.010398974303050276,0.011416666666666665,0.0007414094944520715,0.15366666666666665,0.003951930328473035,0.1542916666666667,0.003946997406410036,0.155125,0.003967132343998014,0.6282960817854398,0.006983255757320199,0.28990263774762887,0.00311761040026201,0.5377690186892591,0.007344736841681225,0.43016649696302084,0.004695109265280389,attenuated,costly,0.0
E1_attenuatedxcostly_beta0.0,both_own,488,0.5163934426229508,0.02264498145031134,1.0,0.0,1.0,0.0,0.985655737704918,0.0028271937004041513,0.9979508196721312,0.001021429466951615,0.9836065573770492,0.00298590486757005,0.96875,0.005922469506041227,0.8770491803278688,0.014880352081105597,0.5785119207586287,0.017028818039318473,0.6140630758695478,0.01562674616607632,0.5569499366529735,0.017121837290904097,0.7014410361111453,0.010753819957670802,0.04643276053415809,0.0024857485916970784,0.3048429040724427,0.009858969085453723,0.389312670241669,0.009682618735015004,0.04321901127161849,0.00242896020396743,0.2993941341463572,0.009945206765640474,0.23215739388156023,0.004900407959700055,0.1605342127415081,0.004374920811369067,0.14361089134827357,0.004975139038650572,0.8729508196721312,0.007105246462902139,0.010416666666666664,0.001423789744507951,0.04183743169398907,0.0029902233014027666,0.038422131147540985,0.003054335811746252,0.03637295081967213,0.0030292173949806305,0.54900956284153,0.017504659197511208,0.0011953551912568304,0.00044900999602769993,0.14719945355191258,0.007182276034492195,0.14976092896174864,0.007095392300052639,0.15283469945355194,0.007291669828236151,0.5985848495421476,0.012309461840313899,0.10331297811045914,0.006722256138444106,0.3036414549939516,0.007595430699852274,0.6894434710337668,0.012314635943036634,attenuated,costly,0.0
E1_attenuatedxmixed_beta0.0,all,2000,0.5,0.011183136021064612,0.5985,0.01096398556592195,0.613,0.010893798117218316,0.622375,0.010331380517588128,0.84825,0.0057881534283444,0.472125,0.009160735599604593,0.25325,0.009450959161086892,0.2,0.00894650881685169,0.7861258782201406,0.005937274143037439,0.8140155173158441,0.005498449591212395,0.7856867681498828,0.00604309916807027,0.8570145455262717,0.0049091825708973665,0.03400591567959829,0.0008770711143229081,0.10451167951988254,0.002643147477240773,0.19697179733595596,0.004725915349486555,0.019931924602468315,0.0008491740725347702,0.0741691754439105,0.0027267862539196623,0.1096689929775575,0.0023424861246878837,0.06860865376811949,0.001845398945790629,0.10573393151101823,0.0021817873617495814,0.5560416666666668,0.01035308572313619,0.37466666666666665,0.010179449861786894,0.022166666666666664,0.0010596869670964708,0.023916666666666666,0.001134705676786236,0.02320833333333333,0.0011443191710038803,0.546875,0.010248173509127963,0.1514583333333333,0.005088768512124028,0.09966666666666665,0.0028636641752266376,0.09983333333333333,0.0028148520834461966,0.10216666666666666,0.0029327903032461662,0.541207975352444,0.0068882778145333496,0.26672238463773473,0.0027918797530016655,0.5400272352829922,0.007352694960160203,0.4493669489915793,0.005083622957793302,attenuated,mixed,0.0
E1_attenuatedxmixed_beta0.0,both_own,488,0.5163934426229508,0.02264498145031134,1.0,0.0,1.0,0.0,0.9820696721311475,0.003097783665458099,0.9912909836065574,0.002077258861445192,0.9733606557377049,0.0036427973108700334,0.9441598360655737,0.007922270966793234,0.7991803278688525,0.01815352797273439,0.5785119207586287,0.017028818039318473,0.6139717519536116,0.015336878668480866,0.5569499366529735,0.017121837290904097,0.6627666296327069,0.012179668330087063,0.04830110651643912,0.002539234454933451,0.1856659499269195,0.007111888513047859,0.4983771480150058,0.009045394272537989,0.0444827167238908,0.0024891815187459204,0.1719805160064354,0.00708104762320433,0.2598214151915239,0.00416964641251242,0.13142279202013313,0.004530361337653614,0.16404342473451008,0.004812343876662143,0.8668032786885246,0.007218616536695996,0.011953551912568304,0.00148982078344038,0.04047131147540984,0.003028584788277702,0.04149590163934426,0.0031333771837479063,0.039275956284153,0.003103393769003352,0.6734972677595628,0.015217256514821401,0.006147540983606557,0.000987085833738136,0.10484972677595626,0.006027837439706738,0.10655737704918032,0.0060680141608812485,0.10894808743169399,0.0061678255561499465,0.3649921953268468,0.006854759456899456,0.12473121291392364,0.006766973777157164,0.3070327390040129,0.008167944273528741,0.7485417744350265,0.011431189493729337,attenuated,mixed,0.0
E1_costlyxhonest_beta0.0,all,2000,0.5,0.011183136021064612,0.5985,0.01096398556592195,0.613,0.010893798117218316,0.9905,0.0010836106801121086,0.57925,0.010395672356893322,0.56975,0.010258903025940336,0.460125,0.0108439805027523,0.424,0.011053193499766103,0.7861258782201406,0.005937274143037439,0.8937244340569809,0.0051491277383504215,0.7856867681498828,0.00604309916807027,0.8726094071344828,0.005091691684546333,0.14430082221650836,0.0037599419010393566,0.12785154419939668,0.003159751665238616,0.10799548750147381,0.0032492671223889194,0.13618970473156047,0.0037992182639699254,0.052670658654649725,0.002582367565814033,0.0707123955506943,0.002077392011634574,0.08391330056736249,0.0024493260617662114,0.043244746048060716,0.0015763937664925248,0.5190416666666667,0.01056007054949364,0.0085,0.0006281941336006734,0.15608333333333332,0.004004416004223157,0.1587916666666667,0.004047430904271414,0.15758333333333335,0.004064795611714793,0.5195416666666667,0.010683246346883448,0.4159583333333333,0.010216486196575838,0.021166666666666663,0.0012071745117494715,0.021166666666666667,0.0012579081179017837,0.022166666666666664,0.0012996891236489161,0.548561058748042,0.007888023499096647,0.32392059527554706,0.002326715749059771,0.6403330653040527,0.007172978215503098,0.3232252936100763,0.0023578359128125373,costly,honest,0.0
E1_costlyxhonest_beta0.0,both_own,488,0.5163934426229508,0.02264498145031134,1.0,0.0,1.0,0.0,0.9974385245901639,0.0011408125064687206,0.7295081967213115,0.0153051129421709,0.7269467213114754,0.01525459020081865,0.59375,0.020681210832198513,0.5061475409836066,0.022655450125971442,0.5785119207586287,0.017028818039318473,0.7424246658102953,0.014100263256453978,0.5569499366529735,0.017121837290904097,0.676654884879322,0.01238639999847585,0.26849929679793766,0.01100801319397338,0.21696126136193628,0.008017957175264214,0.31865916849225795,0.00678517120934617,0.2641293328732017,0.01100557127740251,0.0636600963682403,0.005713258538199087,0.18513445252709335,0.003900285012163135,0.2085002767574001,0.006967196644053131,0.10446740383600302,0.004445605037777099,0.6567622950819673,0.018067266870932262,0.0010245901639344263,0.00041613437811754403,0.11577868852459017,0.006977262556980254,0.11577868852459017,0.006960490514813162,0.11065573770491803,0.006857966859995007,0.551058743169399,0.01971512746403191,0.25187841530054644,0.013171002062330343,0.06574453551912568,0.003925155587873718,0.06386612021857924,0.0041569383676821016,0.06745218579234973,0.0042401339388491695,0.26020008211136003,0.011533686673161379,0.25389956078416576,0.00746156409118567,0.5611860769942008,0.01316286180072899,0.29087454002425633,0.008620570360219038,costly,honest,0.0
E1_costlyxattenuated_beta0.0,all,2000,0.5,0.011183136021064612,0.5985,0.01096398556592195,0.613,0.010893798117218316,0.990125,0.001131374027939279,0.6375,0.01026703857207716,0.628,0.010158905043154892,0.535125,0.010958274685348043,0.488,0.011179914813969908,0.7861258782201406,0.005937274143037439,0.885804731987178,0.004689727653087799,0.7856867681498828,0.00604309916807027,0.8133561962652293,0.005689210981801557,0.16104626932624416,0.004012421377720804,0.03244953531847043,0.0008353682569255506,0.15874521076548787,0.004186503798141255,0.15296537421471296,0.0040664195304367596,0.020250861343050073,0.0008330800692100114,0.09897734292437156,0.002485092127123429,0.09809561696268483,0.0020144543889156746,0.061968948480397204,0.0018987765023734072,0.5145833333333334,0.010322527760825826,0.008958333333333332,0.0006535300847085334,0.1570416666666667,0.003923919233045275,0.16058333333333336,0.003993470140490925,0.15883333333333335,0.003995858633746722,0.5715833333333332,0.010342321655473654,0.36408333333333337,0.010198177841004219,0.020916666666666663,0.001116757753272975,0.022,0.001096834521442573,0.021416666666666664,0.0011104437368216018,0.5337870913281636,0.007354415592739902,0.4235535193845907,0.004884261548187268,0.6389893646490141,0.007034334055334288,0.2950140662783029,0.0032137021560225756,costly,attenuated,0.0
E1_costlyxattenuated_beta0.0,both_own,488,0.5163934426229508,0.02264498145031134,1.0,0.0,1.0,0.0,0.9974385245901639,0.0011408125064687206,0.9871926229508197,0.0027956617824001816,0.9846311475409836,0.0029970739021492883,0.9779713114754098,0.004506147362072374,0.8586065573770492,0.01578873204411763,0.5785119207586287,0.017028818039318473,0.7118362434022761,0.011150038432035516,0.5569499366529735,0.017121837290904097,0.5920816910679493,0.015762997354451323,0.3095178618423634,0.010290528339820776,0.0463210662212833,0.002475339304686805,0.3860979043024479,0.010509519177391626,0.3051525669823886,0.010323861238671957,0.0439973708935364,0.0024407744005985484,0.23401467684976487,0.005361151775342951,0.1359710332925529,0.004822483906427837,0.16807995970374862,0.003917927553294492,0.5799180327868853,0.017204082392427943,0.0011953551912568304,0.00044900999602769993,0.1413934426229508,0.00690377486478014,0.14258879781420764,0.006994486640698354,0.13490437158469945,0.006727984906550651,0.8654371584699454,0.007335655416468309,0.011612021857923496,0.0014355378502908462,0.041666666666666664,0.003288101569044376,0.039788251366120214,0.0030278729477535354,0.04149590163934426,0.0031979900866861023,0.3117236110755702,0.008480098193071727,0.7084458772507551,0.012479937471335236,0.5995151040579565,0.012757946835723542,0.16697079417427826,0.010360370687480278,costly,attenuated,0.0
E1_costlyxcostly_beta0.0,all,2000,0.5,0.011183136021064612,0.5985,0.01096398556592195,0.613,0.010893798117218316,0.990125,0.001117471054783586,0.98875,0.0011858211652344371,0.978875,0.0015949182015184249,0.82925,0.008036137660857492,0.7955,0.009021117740204997,0.7861258782201406,0.005937274143037439,0.8919176117798087,0.0050395680489449006,0.7856867681498828,0.00604309916807027,0.8874090380158765,0.005064896799146063,0.14146622357241986,0.003746260736146556,0.14572885173037534,0.003847867740336787,0.08592239869826296,0.002806244042284717,0.13322090328418418,0.003783217478000121,0.13497606463530581,0.003907461662822995,0.06328762519750289,0.0019926841549090055,0.06038123988039403,0.0015721404418500156,0.057730534526674857,0.0015158047629079904,0.5151666666666668,0.010527879062908446,0.008666666666666666,0.000635309748000626,0.15741666666666665,0.004000426839962879,0.159875,0.004037241930360092,0.158875,0.004062931522982745,0.5285,0.010566606541796034,0.010666666666666666,0.0007161089034052876,0.153,0.0040248519289358044,0.15308333333333332,0.0039990163143463,0.15475,0.00401164469692481,0.6306420019548475,0.007118379546799662,0.3106326120029019,0.0022358555986479885,0.6420395985149951,0.00717273012619579,0.3177155844332939,0.0024051422915064044,costly,costly,0.0
E1_costlyxcostly_beta0.0,both_own,488,0.5163934426229508,0.02264498145031134,1.0,0.0,1.0,0.0,0.9974385245901639,0.0011408125064687206,0.9989754098360656,0.0007237504362715333,0.9964139344262295,0.0013470299880830997,0.9866803278688525,0.004661164437455342,0.9774590163934426,0.006726222500520007,0.5785119207586287,0.017028818039318473,0.739796245454287,0.013454361063302625,0.5569499366529735,0.017121837290904097,0.7181074374610071,0.013047140435581573,0.2621736237899716,0.011160185414256816,0.2725871635639623,0.010798849022424593,0.2489240996517765,0.006992097979103608,0.2578036598652357,0.011152688450885375,0.26820012038077823,0.010834474581325656,0.16059574026698245,0.004495176843332046,0.13245826920505238,0.004254394692240489,0.1251782707949308,0.003956691755738617,0.6437841530054644,0.01802524719818457,0.0010245901639344263,0.00041613437811754403,0.12124316939890709,0.007016901356443787,0.12004781420765026,0.006973601412820905,0.11390027322404371,0.006883062409895728,0.578893442622951,0.01897407231219007,0.0008538251366120218,0.00038027083548957346,0.13866120218579234,0.007611901381450528,0.1369535519125683,0.007344384234650646,0.1446379781420765,0.0076959188529232385,0.5937287219093634,0.013210096744904698,0.20890077588234926,0.006417852671385992,0.5672466654677542,0.01320476930372571,0.2711889540419572,0.008670070395950795,costly,costly,0.0
E1_costlyxmixed_beta0.0,all,2000,0.5,0.011183136021064612,0.5985,0.01096398556592195,0.613,0.010893798117218316,0.98925,0.0012012244669960957,0.843125,0.005842436068722407,0.832375,0.005834901689519985,0.551625,0.01086960803695048,0.5175,0.011176284251254187,0.7861258782201406,0.005937274143037439,0.8940747772287416,0.004698964371132826,0.7856867681498828,0.00604309916807027,0.859181358675264,0.005158333304221719,0.14835728311979093,0.003898639963232243,0.09249284697751246,0.0024851071300236653,0.1184587942829396,0.0034406295087693623,0.14001845953258982,0.003941990289238444,0.06097088176727155,0.0024948034230507414,0.07068389583324085,0.0019387327509717074,0.07074858959755315,0.0015996543740548466,0.05578828907583836,0.0016738816619146267,0.515375,0.010423015365629855,0.009666666666666665,0.0007012261270537869,0.156875,0.0039585307955627425,0.15983333333333336,0.0040063262879054895,0.15825,0.00401953803090353,0.5448333333333333,0.010366551281429761,0.15654166666666666,0.005132457655122363,0.09795833333333334,0.0028479205887816934,0.09933333333333334,0.0028426926604703602,0.10133333333333333,0.0029419088044510917,0.5453478631425618,0.007018829113122403,0.2917972432698407,0.0023369451108535434,0.6399404301959853,0.0071200772287284535,0.3089537950585288,0.0026820808000001463,costly,mixed,0.0
E1_costlyxmixed_beta0.0,both_own,488,0.5163934426229508,0.02264498145031134,1.0,0.0,1.0,0.0,0.9974385245901639,0.0011408125064687206,0.9912909836065574,0.002077258861445192,0.9887295081967213,0.002350498643121937,0.9661885245901639,0.006785411017150475,0.9200819672131147,0.0122877161765079,0.5785119207586287,0.017028818039318473,0.732130050876635,0.012129841125017651,0.5569499366529735,0.017121837290904097,0.6647367751018062,0.013839879176026765,0.2738115881308738,0.01118282724976582,0.15726665166555107,0.007538269019735152,0.3202527333265898,0.008255164092779666,0.2705773732345354,0.01118616936083072,0.14416583811798356,0.007401246314428033,0.1827572351370902,0.004120816172873729,0.11462297936753264,0.004699084895643804,0.145864477306865,0.003956702381516768,0.6109972677595629,0.017662539507109415,0.0010245901639344263,0.00041613437811754403,0.13217213114754098,0.006969637656661443,0.13114754098360656,0.006996750599158607,0.12465846994535518,0.006803318879015377,0.7016734972677595,0.015512188877752763,0.0056352459016393444,0.0009481938182516128,0.09511612021857924,0.005919678392526299,0.09784836065573771,0.00606342881442286,0.09972677595628417,0.006142240034270712,0.355694259941958,0.006669893432123005,0.208783871908186,0.007366000411327828,0.5839078393376023,0.013037701374103022,0.22930712154903887,0.009270093711753937,costly,mixed,0.0
E1_mixedxhonest_beta0.0,all,2000,0.5,0.011183136021064612,0.5985,0.01096398556592195,0.613,0.010893798117218316,0.83625,0.005914850926332832,0.580375,0.010366498291656418,0.416875,0.008593466472879863,0.159625,0.00775761851408053,0.1135,0.007094648829999306,0.7861258782201406,0.005937274143037439,0.863997858309045,0.005149316088434438,0.7856867681498828,0.00604309916807027,0.8743843454833486,0.004848223053599801,0.09621756246442477,0.002501083626387852,0.1318160685208481,0.003235170564509826,0.13677196570183153,0.003591736701217075,0.06165426830724262,0.0025380263136509144,0.05567501344775501,0.0027112844905102518,0.08030409857842534,0.0020021838568421925,0.08115924267568687,0.0025561361278467402,0.060191397138614634,0.0017028920051360675,0.5363333333333332,0.010401068695277946,0.15525,0.005041456932783782,0.10070833333333333,0.002869991928541002,0.10354166666666666,0.0028734190649343217,0.10416666666666667,0.0030160507571945594,0.5165416666666667,0.010611562238775544,0.415375,0.010195353629896936,0.022625,0.0012444470483602467,0.022333333333333334,0.001279392903246777,0.023124999999999996,0.0013053563790203942,0.5496449469355252,0.007923658603364282,0.31517695544855323,0.0026296308657170688,0.5470345727894312,0.007097351743461954,0.30002426415145644,0.0021550724110074365,mixed,honest,0.0
E1_mixedxhonest_beta0.0,both_own,488,0.5163934426229508,0.02264498145031134,1.0,0.0,1.0,0.0,0.9938524590163934,0.001898470435194135,0.7295081967213115,0.015167027384836607,0.7233606557377049,0.01506034256314993,0.5753073770491803,0.02051744144206386,0.44672131147540983,0.022528165412577815,0.5785119207586287,0.017028818039318473,0.6947044894358123,0.014248268938489638,0.5569499366529735,0.017121837290904097,0.6788529696328944,0.011169903380556139,0.16657903398699309,0.007538053989287991,0.2263075631442586,0.008089062340313593,0.38507245608367713,0.005740733170593375,0.15484521825450412,0.007438436098186902,0.0727359749619695,0.006267887330036823,0.20789113828922975,0.0027250530353846456,0.2248547473649898,0.006460947994277958,0.09887915793479557,0.0049067588465881535,0.7389002732240437,0.01487508577280522,0.004439890710382513,0.0009144066407751957,0.08504098360655737,0.005766023239684928,0.08811475409836066,0.005660145261823593,0.08350409836065574,0.005844552138599999,0.5382513661202185,0.019129414580670398,0.2505122950819672,0.013010543386294532,0.07189207650273223,0.003956819280950135,0.06779371584699452,0.004152232666066331,0.07155054644808743,0.004212364322512881,0.26396947256758924,0.0121338904078722,0.21225166910926338,0.007832466723016622,0.33504300784016017,0.005026947817674638,0.24717419827741544,0.006906041842122148,mixed,honest,0.0
E1_mixedxattenuated_beta0.0,all,2000,0.5,0.011183136021064612,0.5985,0.01096398556592195,0.613,0.010893798117218316,0.843,0.005826016755521547,0.639375,0.010229198303702409,0.483625,0.009089024142746774,0.258375,0.009529281625161775,0.202,0.008979884139540989,0.7861258782201406,0.005937274143037439,0.8586912361850998,0.004807739391134781,0.7856867681498828,0.00604309916807027,0.8141754690728364,0.005620604263665491,0.10673784940676004,0.0027213746070236904,0.03463694524325804,0.0008873392438714418,0.19349072743030582,0.0047767658520560955,0.07383505403567082,0.0028126181689647088,0.021431220383435232,0.0008715782988096301,0.10854214994991968,0.0023719846390503406,0.10061064729709454,0.0021304251102006173,0.07405965938400245,0.0019090429282342817,0.5335,0.01020610446719554,0.14883333333333332,0.004971363439686034,0.10341666666666666,0.00286326078546947,0.107375,0.002909208615451535,0.10687499999999998,0.002994198523795633,0.5706666666666668,0.01032261542951998,0.3627916666666666,0.010169984340117693,0.021833333333333333,0.0011373431991066084,0.02295833333333333,0.0011192447541479127,0.02175,0.0011350852456150427,0.5323770892069858,0.007376241405353579,0.43910124227607683,0.005251969795132744,0.5406375853429592,0.006967893445078587,0.27752668618691484,0.002665602390624406,mixed,attenuated,0.0
E1_mixedxattenuated_beta0.0,both_own,488,0.5163934426229508,0.02264498145031134,1.0,0.0,1.0,0.0,0.992827868852459,0.002025373371754696,0.9851434426229508,0.002958253227209392,0.9779713114754098,0.003523607441003144,0.9528688524590164,0.007407655602475191,0.8012295081967213,0.018083810325147078,0.5785119207586287,0.017028818039318473,0.674941076764904,0.012278104818571882,0.5569499366529735,0.017121837290904097,0.5936027226621629,0.015508526216846537,0.18877180632391563,0.007516702876273707,0.04897727551531694,0.002514504876439777,0.4950957738881858,0.009642155153991626,0.1756558466364956,0.007488904656068419,0.04588460177910389,0.0024754765157537274,0.26092858580338235,0.004324773889272045,0.15780667251212924,0.00462504213085884,0.1441557841455123,0.00460991480269354,0.6871584699453551,0.014887014298775175,0.005806010928961748,0.0010486198956204367,0.10314207650273223,0.006005883904976698,0.10280054644808742,0.005800315280149203,0.10109289617486338,0.005921139846124501,0.8586065573770492,0.0075040920121125735,0.012636612021857922,0.0014978375265476207,0.04371584699453552,0.003304522924019531,0.04286202185792349,0.003104811585951131,0.04217896174863388,0.003216138034953822,0.3034880958184969,0.00847191615200275,0.7624994957559659,0.01156024750561129,0.3432019965856949,0.005388726717113152,0.16180789175771845,0.0073171932858244,mixed,attenuated,0.0
E1_mixedxcostly_beta0.0,all,2000,0.5,0.011183136021064612,0.5985,0.01096398556592195,0.613,0.010893798117218316,0.836,0.0059219536275948404,0.986875,0.0012841599280698764,0.822875,0.005881861128305082,0.5215,0.010880743094345283,0.4805,0.011174628009718166,0.7861258782201406,0.005937274143037439,0.8619568318872753,0.005040925702473861,0.7856867681498828,0.00604309916807027,0.8897696662460455,0.004786083142008277,0.09315892660923547,0.002493192592256795,0.1483001985483877,0.0038749218226590957,0.1203574812904808,0.003284481309246085,0.05840068017332624,0.0025082894864617016,0.1365744129964369,0.003939889059304203,0.07286054635020565,0.0019369231894685998,0.0576684435639957,0.001739307266048062,0.07122076470869618,0.0015594089746656806,0.5334166666666667,0.010363642600970323,0.1555,0.005040358766708721,0.10145833333333333,0.002862820783195505,0.1045,0.0028708731464448505,0.105125,0.0030123729008637093,0.5248333333333333,0.010501335238848301,0.012083333333333331,0.0007994508391110806,0.15354166666666666,0.003977790877396499,0.153875,0.003982261606469657,0.15566666666666668,0.003998644926383226,0.631403324486789,0.007073762896785605,0.3026580372309999,0.0025401936729143953,0.5465476675442614,0.007098277355505145,0.29685709932624743,0.002154807332973092,mixed,costly,0.0
E1_mixedxcostly_beta0.0,both_own,488,0.5163934426229508,0.02264498145031134,1.0,0.0,1.0,0.0,0.9938524590163934,0.001898470435194135,0.9984631147540983,0.0008854972213317915,0.9923155737704918,0.0020855441097823485,0.9661885245901639,0.0073795208267281205,0.9364754098360656,0.011052350378447305,0.5785119207586287,0.017028818039318473,0.6944020310674098,0.01362439566427412,0.5569499366529735,0.017121837290904097,0.7245346487306765,0.011662091560311744,0.1598165596129456,0.007703474070412653,0.2802705490569312,0.0106513335148175,0.3186065356376789,0.0074289467746518865,0.14808274388045664,0.007584570866691627,0.2751387549800792,0.010707329187795588,0.18363397500402778,0.0037216296385275487,0.1493423746670407,0.004216848397361265,0.11588542899334787,0.00459529223575013,0.7295081967213115,0.014806319858899155,0.004610655737704918,0.0009285400000317485,0.08913934426229508,0.005806010928961749,0.09118852459016394,0.005668580953704902,0.0855532786885246,0.005863658818655793,0.5652322404371586,0.018416364182731838,0.001024590163934426,0.00041613437811754403,0.14310109289617484,0.007393982224177408,0.1422472677595628,0.007282729836466584,0.1483948087431694,0.007570818396507143,0.5984649044822519,0.012882813639000174,0.16594214347278752,0.0062753213090377975,0.3363401986584802,0.005046628571867327,0.23449481850817433,0.006953375034021257,mixed,costly,0.0
E1_mixedxmixed_beta0.0,all,2000,0.5,0.011183136021064612,0.5985,0.01096398556592195,0.613,0.010893798117218316,0.83825,0.005878839096672258,0.8435,0.005846128086759936,0.68175,0.006600587294045368,0.26525,0.009579841096161973,0.224,0.009324992103957484,0.7861258782201406,0.005937274143037439,0.8628634075418504,0.004855055366139588,0.7856867681498828,0.00604309916807027,0.8600174802122056,0.004986844148322595,0.09786468772631596,0.002608217416260161,0.09624118966002718,0.0025358371644905566,0.15154419879820888,0.003978924091051287,0.0641336702500601,0.0026527740726632527,0.06462873964013068,0.00256546553822692,0.08123219463229395,0.0020116438337156686,0.06855594967081655,0.0017562329940928572,0.06984225897257607,0.0017540440624988823,0.5335,0.010287133755025263,0.153125,0.005021040490904813,0.10245833333333333,0.0028735012756530105,0.1055,0.0028749602757572987,0.10541666666666666,0.0029959854700399614,0.5438333333333333,0.010325715831163242,0.15558333333333332,0.0051289277122529755,0.09879166666666665,0.0028524242739305355,0.09991666666666665,0.0028263082483538328,0.101875,0.0029328316132142783,0.5432418580949712,0.0069834570975526675,0.28805764123793814,0.002514384176659616,0.5425567231912465,0.007060134743227557,0.2931374030197385,0.0024289852995181024,mixed,mixed,0.0
E1_mixedxmixed_beta0.0,both_own,488,0.5163934426229508,0.02264498145031134,1.0,0.0,1.0,0.0,0.9933401639344263,0.001963084956940421,0.9912909836065574,0.002077258861445192,0.9846311475409836,0.0028161163603247076,0.9441598360655737,0.008950943944758954,0.8770491803278688,0.014880352081105597,0.5785119207586287,0.017028818039318473,0.6886886381739544,0.01278041688715293,0.5569499366529735,0.017121837290904097,0.66987229937468,0.012899714484010012,0.16447303884406833,0.0077717871008946195,0.16635414041244723,0.007430254345934315,0.40690442189332615,0.008085646969134008,0.1521954239666403,0.007671469156202776,0.15262563470546978,0.0073246155169383095,0.21157513180613277,0.003731181897343246,0.12701548269068264,0.004603993395181673,0.13118175218484146,0.0047005353417116395,0.710724043715847,0.014789640688481048,0.004952185792349726,0.0009860844090697973,0.09511612021857924,0.005973729561345073,0.09682377049180328,0.00571107053700896,0.09238387978142075,0.0058800563863345276,0.6875,0.015420194907711047,0.005806010928961748,0.0009613949494432741,0.09955601092896174,0.005971925042382979,0.10348360655737705,0.006080927297762697,0.10365437158469945,0.006125249100620603,0.35839650996695804,0.006721157297864345,0.19434267277014544,0.007959994327929085,0.33832298172804554,0.005238581841483638,0.2166247049827781,0.007755951594357476,mixed,mixed,0.0
E1_honestxhonest_beta1.5,all,2000,0.5,0.011183136021064612,0.5985,0.01096398556592195,0.613,0.010893798117218316,0.54325,0.010698864500534644,0.583125,0.010403838816444596,0.12725,0.005740334874572747,0.06375,0.004941424651737026,0.0315,0.003906597720891727,0.7861258782201406,0.005937274143037439,0.8810668633153806,0.005001705251111511,0.7856867681498828,0.00604309916807027,0.8756973191206022,0.005062455929226112,0.12770727316487848,0.003232088002931045,0.13197075133385772,0.003329031437249314,0.12084007183643058,0.0032224943534055186,0.04402968658752125,0.00219255304696256,0.056398193104571004,0.0027369834105435103,0.07415547496172743,0.002011451516345103,0.06580171968800397,0.0024090508336155566,0.06026520473388939,0.002058854180611975,0.511125,0.010617875422767651,0.4376666666666667,0.010293733661726999,0.016708333333333332,0.0009779468798314702,0.017958333333333337,0.0010294489426962196,0.016541666666666663,0.000977588031848457,0.532,0.010685040245245745,0.41020833333333334,0.01020407861908163,0.018916666666666665,0.0011283196810529033,0.01895833333333333,0.0011455419574348542,0.019916666666666666,0.0012106157252018254,0.5568948088520822,0.007776000351809222,0.326372791613379,0.0024266873162592253,0.6054181864640079,0.0075994822709776,0.3302762824121196,0.0026892832136989142,honest,honest,1.5
E1_honestxhonest_beta1.5,both_own,488,0.5163934426229508,0.02264498145031134,1.0,0.0,1.0,0.0,0.7085040983606558,0.017687153312426613,0.7315573770491803,0.015599737313844732,0.4410860655737705,0.015469004000465247,0.2540983606557377,0.01738960719538167,0.1290983606557377,0.01519429090961043,0.5785119207586287,0.017028818039318473,0.71957754071917,0.012918481057840147,0.5569499366529735,0.017121837290904097,0.6869777283388749,0.012442493506821512,0.2336024670068888,0.009360377288466991,0.21998839620986277,0.008476965469875024,0.34007725920726456,0.00573611438747262,0.06647000494704765,0.005569223154275346,0.06615703043041048,0.0057258314122292835,0.18879089584561226,0.003086505140664883,0.1768470275926629,0.007192910054149906,0.1480696555393587,0.006126504976728393,0.6477117486338798,0.018067788847163965,0.22882513661202183,0.013615788059659543,0.03944672131147541,0.002959062759410057,0.043715846994535526,0.0032420338888512513,0.04030054644808743,0.003095240808944288,0.5824795081967213,0.019375118103910474,0.24419398907103823,0.013140883039039522,0.0548155737704918,0.003744529853507122,0.05737704918032786,0.003770989180849645,0.061133879781420764,0.004013890093355115,0.3090528783063822,0.012777480291391887,0.2527394800732513,0.007968335015357328,0.4113543478764854,0.013399825404616202,0.30239179073707695,0.010014409743695487,honest,honest,1.5
E1_honestxattenuated_beta1.5,all,2000,0.5,0.011183136021064612,0.5985,0.01096398556592195,0.613,0.010893798117218316,0.552,0.010552721448279703,0.638125,0.010265125600268835,0.1935,0.007520449027603895,0.14275,0.0074725590207879635,0.094,0.006527120471603492,0.7861258782201406,0.005937274143037439,0.8672465330658363,0.004754356592888379,0.7856867681498828,0.00604309916807027,0.813748316885142,0.005701318149087528,0.15282570256760178,0.0036616706296491506,0.03322827229774287,0.0008361801419841842,0.1661618574875031,0.004004368766799283,0.0654566556537506,0.0029953519772405288,0.020802288038492954,0.0008402065222983328,0.10590683205301644,0.002557973300411604,0.09124761076445173,0.002013843166295561,0.07892857038230738,0.0023584077970948553,0.5085833333333334,0.010383600344092154,0.42875,0.010086023024860035,0.020291666666666663,0.00105139942039357,0.021666666666666667,0.0011266697352579295,0.020708333333333332,0.0010991185086358024,0.58275,0.010421097273521253,0.36141666666666666,0.010184643887954604,0.017666666666666664,0.0009449878605484025,0.019041666666666665,0.0009797001436477946,0.019125,0.0010120407714038569,0.5352192504365635,0.007218921117432365,0.42144109082866305,0.004819951972475286,0.609794900087512,0.00768258065811906,0.3074334152543312,0.003631205553786215,honest,attenuated,1.5
E1_honestxattenuated_beta1.5,both_own,488,0.5163934426229508,0.02264498145031134,1.0,0.0,1.0,0.0,0.6582991803278688,0.017655803738730942,0.9902663934426229,0.0021913862277188447,0.649077868852459,0.017447014391482277,0.5558401639344263,0.020746460516936974,0.38524590163934425,0.022052368924298665,0.5785119207586287,0.017028818039318473,0.6617421528596034,0.010054647359927052,0.5569499366529735,0.017121837290904097,0.59175972942397,0.015843326770815982,0.29595537055048887,0.008219512153517952,0.04595939641387761,0.00242870116184999,0.3986552226747626,0.009218554440056825,0.10504566822942235,0.0068035072891985664,0.04353914970998823,0.002397199440163681,0.25500106250492094,0.00499521987801233,0.11169605889248463,0.004394190266144321,0.21794750186733608,0.0052273594173050855,0.5647199453551912,0.01727482533560399,0.2735655737704918,0.013652740209228001,0.051571038251366115,0.003175564717725035,0.05652322404371585,0.003437938669919001,0.05362021857923498,0.0033144739855020585,0.9036885245901639,0.005539529914724638,0.00665983606557377,0.0010521258037462804,0.027663934426229504,0.0024784646722786686,0.02937158469945355,0.0024497418257395614,0.03261612021857923,0.0026824217439174775,0.32489631340430025,0.006934485969504906,0.68178423552124,0.012428942977197432,0.45172213360109637,0.015524440077716644,0.19826387944677218,0.01248563052824621,honest,attenuated,1.5
E1_honestxcostly_beta1.5,all,2000,0.5,0.011183136021064612,0.5985,0.01096398556592195,0.613,0.010893798117218316,0.542125,0.010693071966537062,0.989875,0.001116351337014395,0.532,0.010537719001799225,0.43325,0.010846360703953199,0.393,0.010924063693689812,0.7861258782201406,0.005937274143037439,0.8775899103500462,0.004917167784884869,0.7856867681498828,0.00604309916807027,0.8917665885562241,0.005029994254659076,0.12477080744380378,0.0032362242974098474,0.14916102516972843,0.003975288308209913,0.09852905216574344,0.00286029845979114,0.04127247805496678,0.0021509657258444656,0.13873221939226626,0.004014060394583873,0.06531894819141579,0.001910099429380151,0.0409287674769614,0.0014485153411010038,0.07546805476619843,0.00198803859752163,0.5074583333333332,0.010578510064307064,0.43929166666666664,0.010281626387086693,0.017208333333333332,0.0010017385081099888,0.018458333333333334,0.0010368095866666869,0.017583333333333333,0.001004545765501195,0.5465,0.010465785642384135,0.009583333333333333,0.0006867873110560037,0.14529166666666668,0.003932121201430347,0.14833333333333334,0.0039668180700125465,0.15029166666666668,0.0040057243541338,0.6163509360711454,0.007012369970799376,0.3047445242108886,0.0023750765911475014,0.6074095612993332,0.0076354913369825195,0.3223949253284303,0.0027373982096800618,honest,costly,1.5
E1_honestxcostly_beta1.5,both_own,488,0.5163934426229508,0.02264498145031134,1.0,0.0,1.0,0.0,0.7038934426229508,0.017760203434841627,0.9979508196721312,0.0010214294669516153,0.701844262295082,0.017719375047623963,0.6168032786885246,0.021128436614859594,0.5491803278688525,0.022547294366871373,0.5785119207586287,0.017028818039318473,0.710418221258478,0.012232292588226671,0.5569499366529735,0.017121837290904097,0.7282404476644216,0.01308561662757951,0.22676985047599882,0.009566902759522482,0.2718386230126973,0.011141398533745734,0.27094355483430604,0.006699986540875233,0.060450551515335904,0.005647442639368402,0.2639391957579573,0.011171727378901316,0.15894746271650306,0.0037754863448082984,0.09760655311018705,0.00403158297278481,0.16774674054852826,0.005573519511026568,0.6343920765027322,0.01790700302933869,0.23428961748633878,0.013656678092018372,0.04166666666666667,0.003029069139638382,0.04593579234972678,0.0032645529170036405,0.04371584699453552,0.0031506145878024134,0.6253415300546448,0.017812263745101947,0.001536885245901639,0.0005080698957411118,0.11560792349726776,0.006845727905082349,0.12704918032786885,0.007059863645810598,0.13046448087431695,0.007336308397608854,0.5487703036265418,0.011953835205945774,0.18635999316414015,0.0066086814108925656,0.41550349068736775,0.013708555643380365,0.27955096649627326,0.010244557650988863,honest,costly,1.5
E1_honestxmixed_beta1.5,all,2000,0.5,0.011183136021064612,0.5985,0.01096398556592195,0.613,0.010893798117218316,0.544875,0.010643501973252378,0.84425,0.00584010035325319,0.38925,0.008755315329744648,0.155,0.007769261915739337,0.1145,0.007121814032783977,0.7861258782201406,0.005937274143037439,0.8769627395311579,0.0047670338985123665,0.7856867681498828,0.00604309916807027,0.8620994898943284,0.0051250971490752785,0.13304023434198592,0.0033857699539419027,0.09669408249885633,0.0026391126666254054,0.12919665400359867,0.003427845462157515,0.04716687057754508,0.002414537679588872,0.06557409528345744,0.002669657361451482,0.07412016396560835,0.0018509312604806567,0.05514688099662655,0.0015733270177032714,0.07463202325681155,0.0022016588472812734,0.5050416666666666,0.01049664390855765,0.43770833333333337,0.010194413827174929,0.018208333333333333,0.0010119171892606542,0.020416666666666663,0.0010835641934081124,0.018625,0.001035317485274118,0.5631666666666666,0.010298953199052606,0.15095833333333333,0.005044121842200918,0.095,0.0028299939123402813,0.09308333333333332,0.0027088894838221485,0.09779166666666665,0.002901514244888344,0.5453340469253344,0.006874197467987578,0.2897164702905289,0.0024383050450667056,0.6098747833428422,0.007653911663958039,0.31325417812422285,0.003137748652305767,honest,mixed,1.5
E1_honestxmixed_beta1.5,both_own,488,0.5163934426229508,0.02264498145031134,1.0,0.0,1.0,0.0,0.6777663934426229,0.017899283773821776,0.9902663934426229,0.0021913862277188447,0.6680327868852459,0.017672171616957905,0.5645491803278688,0.02115326496766328,0.4487704918032787,0.022537923207906877,0.5785119207586287,0.017028818039318473,0.7032260809817675,0.011472454209668331,0.5569499366529735,0.017121837290904097,0.6747855134681088,0.013755019737628953,0.24286878005006887,0.009397742947900163,0.16117485839463058,0.00784733078400358,0.34516399345649834,0.0072180497513548905,0.06198388283883721,0.005654177291209472,0.14825893343953853,0.007701573820243978,0.18975246474104576,0.003273311129530989,0.08507740522962452,0.004084777077885235,0.18824006685098005,0.005389632916560623,0.5947745901639344,0.017867797010245472,0.25905054644808745,0.013757498878802293,0.04644808743169399,0.0031258867425251733,0.05208333333333333,0.0033600742265035783,0.04764344262295082,0.0032139030922506986,0.7496584699453552,0.013771030383560989,0.004610655737704918,0.000863310048905745,0.08111338797814208,0.005608960461945409,0.07718579234972676,0.005103488011922006,0.08743169398907104,0.005702387940133355,0.3639534559654309,0.005412122455960817,0.20575068689582438,0.007563098641119444,0.44156849608791393,0.014723284124842521,0.23768513268772878,0.011376155820399,honest,mixed,1.5
E1_attenuatedxhonest_beta1.5,all,2000,0.5,0.011183136021064612,0.5985,0.01096398556592195,0.613,0.010893798117218316,0.621625,0.010387107426412993,0.582875,0.0103521169501786,0.20825,0.007701582690458434,0.151375,0.00761125122828895,0.102,0.006769114451331696,0.7861258782201406,0.005937274143037439,0.8139671209429074,0.00560562288908392,0.7856867681498828,0.00604309916807027,0.8643726621796024,0.004854314337688935,0.0336690710705753,0.0008298558212967091,0.14813846057168775,0.0034480316785334645,0.17108289803462184,0.003959623350722737,0.02023723223842778,0.000836297579723927,0.07082246925922482,0.003017525434644478,0.10812138030076414,0.0024910431155845624,0.07680511998139744,0.002463083416484613,0.09551001705106225,0.002061312513672843,0.5675833333333333,0.010475182317430222,0.37275,0.010183593252667149,0.019666666666666666,0.0009690330583058557,0.019708333333333335,0.0009819669237005099,0.020291666666666663,0.0010161139689846062,0.5230416666666666,0.01049518891177086,0.4097916666666666,0.010126536316955148,0.022125,0.0011963716238081493,0.022125,0.0012250649967613192,0.022916666666666665,0.001270125900982504,0.5617893881424255,0.007844927833147235,0.3019373837221332,0.0033588277471960607,0.5399971792943233,0.007243225879770796,0.4245645835074805,0.004655902154243702,attenuated,honest,1.5
E1_attenuatedxhonest_beta1.5,both_own,488,0.5163934426229508,0.02264498145031134,1.0,0.0,1.0,0.0,0.9866803278688525,0.003017145417829214,0.7233606557377049,0.015490744845556133,0.7100409836065574,0.015312083077068673,0.5922131147540983,0.02004339909526725,0.4180327868852459,0.022350639365108976,0.5785119207586287,0.017028818039318473,0.6152141769105923,0.015714350673249607,0.5569499366529735,0.017121837290904097,0.6468737779668167,0.00938096469045992,0.049477751924016586,0.002457399536802534,0.28228050440514346,0.007237044970712709,0.41327876230858396,0.007955006918920841,0.04662363926380762,0.002420636389250058,0.12314278634172736,0.007050150955348817,0.2566822113939998,0.004196360690582564,0.21734171982352388,0.005846443448146681,0.11752457044123596,0.004726786368259595,0.9113729508196722,0.005282664590678056,0.006318306010928961,0.0011618239018997168,0.0273224043715847,0.002426755648905171,0.0273224043715847,0.002390359709921747,0.027663934426229508,0.0024066865725269355,0.5466188524590164,0.01788779906790536,0.24846311475409835,0.012843102553637967,0.06506147540983606,0.003789861370456173,0.06847677595628415,0.0038356562676128965,0.07137978142076502,0.0040233070669898705,0.33584809650113867,0.014431442807111446,0.14336578484134946,0.009364427905393201,0.3173638532528069,0.006668594437686648,0.6564749776043399,0.012623592449376218,attenuated,honest,1.5
E1_attenuatedxattenuated_beta1.5,all,2000,0.5,0.011183136021064612,0.5985,0.01096398556592195,0.613,0.010893798117218316,0.626625,0.010292066994000985,0.642125,0.010199528537079023,0.2835,0.009128213798086227,0.264,0.009631245009873859,0.2,0.00894650881685169,0.7861258782201406,0.005937274143037439,0.8131257141458812,0.005401581469922719,0.7856867681498828,0.00604309916807027,0.8136571495517988,0.0055294185563709,0.039635909441312664,0.0009675922927735311,0.039375139376573436,0.0009465557930630768,0.2367649952843403,0.005450523175256237,0.02419133040291463,0.0009227777497533978,0.02510594811504887,0.0009243249743483482,0.13134930457844513,0.002551414542705475,0.09940199440256718,0.0019592314797026392,0.1064345922518064,0.0020713091352779567,0.5654166666666668,0.010410728672713525,0.36891666666666667,0.010088553601108375,0.022125,0.001046102776822863,0.021791666666666664,0.0010512507240785954,0.02175,0.0010574471683841365,0.5810416666666668,0.010395863627745038,0.3598333333333334,0.010141479446226506,0.019166666666666665,0.001009067610249363,0.01925,0.0009961416728806992,0.020708333333333332,0.001079987956230954,0.5363243281337755,0.007245653173730335,0.4894018692752676,0.006203689082540152,0.5357442096092268,0.007296933013232525,0.49503654422832527,0.005945086269889537,attenuated,attenuated,1.5
E1_attenuatedxattenuated_beta1.5,both_own,488,0.5163934426229508,0.02264498145031134,1.0,0.0,1.0,0.0,0.9836065573770492,0.003239373212253002,0.9882172131147541,0.002400745373015246,0.9718237704918032,0.00393241026054316,0.9600409836065574,0.005653434248162451,0.819672131147541,0.017421559524865085,0.5785119207586287,0.017028818039318473,0.608210122148142,0.014893975525310773,0.5569499366529735,0.017121837290904097,0.5925972648279452,0.015031558250175766,0.06300482066521057,0.0024776306702913864,0.06156555719227314,0.002415522272706167,0.6070349893633092,0.007972045971551099,0.0594460166419078,0.0024747803221543694,0.05881639982014417,0.002412989896149116,0.30351749468165456,0.003986022985775549,0.1524726947647649,0.0034867490926486894,0.16325073407995253,0.003962052275533844,0.8978825136612021,0.005478641808574706,0.008196721311475409,0.0012937217964992935,0.032445355191256825,0.0025699354051811254,0.03176229508196721,0.00257607913086907,0.02971311475409836,0.0024650926095468426,0.8951502732240437,0.0057397942260265745,0.007855191256830601,0.0011033784609891888,0.030225409836065573,0.002574346875090026,0.030908469945355187,0.002591686642855738,0.035860655737704916,0.002827659608477104,0.3176776015337401,0.007623283082635995,0.9095441196845792,0.005715007919969021,0.3113982126052744,0.007530975531842855,0.8882826087161833,0.0056141690876743726,attenuated,attenuated,1.5
E1_attenuatedxcostly_beta1.5,all,2000,0.5,0.011183136021064612,0.5985,0.01096398556592195,0.613,0.010893798117218316,0.621875,0.010378112535398653,0.988,0.001233900828927436,0.609875,0.010246980896646978,0.5115,0.01095702528981296,0.4755,0.011169702598013252,0.7861258782201406,0.005937274143037439,0.8124913762961908,0.005569224083559679,0.7856867681498828,0.00604309916807027,0.879414385963821,0.004797238830358755,0.031504673113605476,0.0008043108621139049,0.16755792196532868,0.004086003050907124,0.15427516385178913,0.003848432930850022,0.01803795352352281,0.0007901565670485263,0.15638099588482293,0.004149104400313761,0.1023654167631477,0.0025180981493233964,0.05357413620874719,0.001669028129545823,0.09982805719541964,0.0019183744018317005,0.5664166666666667,0.0104555163481053,0.3725,0.01017861644192822,0.020625,0.0009813936399123708,0.019875,0.0009767347949143949,0.02058333333333333,0.0010225607337053125,0.5344583333333333,0.010286478892775007,0.010833333333333332,0.0007504190739950112,0.14958333333333335,0.003883792477120269,0.1512083333333333,0.003907475205276552,0.15391666666666667,0.0039751250998905545,0.6202277156466698,0.006902232025391925,0.2814737413635274,0.003183447910801044,0.5376614352753236,0.0072447669408879515,0.4254879460219758,0.004542074711831812,attenuated,costly,1.5
E1_attenuatedxcostly_beta1.5,both_own,488,0.5163934426229508,0.02264498145031134,1.0,0.0,1.0,0.0,0.985655737704918,0.0030936928014411416,0.9974385245901639,0.0011408125064687209,0.983094262295082,0.0032743694359181367,0.9682377049180327,0.006199045642065411,0.9118852459016393,0.01284487643112597,0.5785119207586287,0.017028818039318473,0.6129142894763757,0.01552366821503001,0.5569499366529735,0.017121837290904097,0.6939680807553278,0.010365880666895347,0.045151350631652286,0.002462578512018071,0.345640179780932,0.009385491006801623,0.3513851561219307,0.009855509911856119,0.04229723797144332,0.0024154192907924984,0.3373882443372286,0.009539203749867156,0.2351028289561272,0.005439687726624687,0.13804402920790992,0.003704446334648442,0.1302316394800953,0.004189190701257294,0.9086407103825136,0.005247819683222804,0.006659836065573769,0.0011828670401621882,0.02851775956284153,0.0024644488284053124,0.028005464480874313,0.0023985619977488866,0.02817622950819672,0.002388342343327044,0.5773565573770492,0.01655606485748924,0.001536885245901639,0.0005080698957411118,0.13165983606557377,0.006626847503046012,0.1413934426229508,0.006822882500670484,0.14805327868852458,0.00711952065468357,0.5670194215577697,0.01132464027104133,0.07775209693643874,0.005972530684993433,0.31981163200074686,0.006902798660298189,0.6802007299097568,0.011560392047411583,attenuated,costly,1.5
E1_attenuatedxmixed_beta1.5,all,2000,0.5,0.011183136021064612,0.5985,0.01096398556592195,0.613,0.010893798117218316,0.62275,0.01034503400740216,0.8475,0.005797191450552342,0.47175,0.009189978052111938,0.254875,0.009497636270929071,0.214,0.00917300779657458,0.7861258782201406,0.005937274143037439,0.8138310136566201,0.005500844746762809,0.7856867681498828,0.00604309916807027,0.8575342779701687,0.004836486595564391,0.03383977976710124,0.000871299794761241,0.11107953657173934,0.0027665608854640683,0.19065960226742512,0.004612194365665269,0.019726525109506093,0.0008415684800838912,0.07963868495384213,0.0028564215879443113,0.10846133061265635,0.002332312481477211,0.06193229224361809,0.0016643156010801628,0.1006930637074046,0.0020320300767448685,0.5662916666666666,0.010449349220744253,0.3717916666666667,0.01014963599613494,0.020708333333333332,0.0009787422712310555,0.019916666666666666,0.0009878067557214211,0.021291666666666664,0.0010530699824399992,0.5570416666666668,0.010186268875952345,0.14925,0.005035281764498448,0.09783333333333331,0.0028234336463682634,0.09570833333333333,0.0026845012292442323,0.10016666666666665,0.002925836012030708,0.5444392865995601,0.006782632294420523,0.2625403283156611,0.0029476213375663153,0.5390830817235635,0.007274653448509233,0.448734116510091,0.005029612824694726,attenuated,mixed,1.5
E1_attenuatedxmixed_beta1.5,both_own,488,0.5163934426229508,0.02264498145031134,1.0,0.0,1.0,0.0,0.9841188524590164,0.003203826556734534,0.9892418032786885,0.002298919656832242,0.9733606557377049,0.0038532951065504664,0.9472336065573771,0.007764794994523901,0.8524590163934426,0.016070471203042464,0.5785119207586287,0.017028818039318473,0.6136948584616209,0.015312834388326185,0.5569499366529735,0.017121837290904097,0.6648586892502976,0.011672030044965394,0.04828010054099602,0.002518979429345707,0.21052613531258524,0.007194746839282018,0.47297079059124664,0.009760905394857208,0.04499829965644835,0.0024776971169710453,0.19531012926487312,0.007223829500125664,0.2550232066929857,0.0043591516650253095,0.10671729047393168,0.003879722651893723,0.14413672138438466,0.004147318651152733,0.905396174863388,0.005326850080934709,0.007684426229508197,0.001242706420290879,0.029883879781420764,0.00243098358899248,0.02783469945355191,0.00248043288199207,0.02920081967213115,0.002411893288224024,0.7095286885245902,0.013775175701095299,0.00546448087431694,0.0009347422257929149,0.09375,0.0056935553854396805,0.09101775956284153,0.005232141586765391,0.10023907103825136,0.005869292998282739,0.3773741242958129,0.005674066616194841,0.10501926089880893,0.006878284487223594,0.3171993079755751,0.00736748543066643,0.7537071430911638,0.010362254445519447,attenuated,mixed,1.5
E1_costlyxhonest_beta1.5,all,2000,0.5,0.011183136021064612,0.5985,0.01096398556592195,0.613,0.010893798117218316,0.991,0.0010857437173246063,0.578625,0.010422823384820236,0.569625,0.010299628433124673,0.47575,0.010885033795554572,0.4385,0.011098218786369055,0.7861258782201406,0.005937274143037439,0.895959792665252,0.005000298570839244,0.7856867681498828,0.00604309916807027,0.8749794362463131,0.005010534828778745,0.1457984461659596,0.003825422111189217,0.12806480317350372,0.0032298051279289405,0.10160740194120754,0.0030726195835473883,0.1390128807502985,0.003864824511284515,0.053081821401372346,0.0025793923243501975,0.06664541324629077,0.0019432380243361714,0.07880066032418916,0.0022877840382820283,0.041826732020793504,0.0014883204108088102,0.5237916666666667,0.010461860398827629,0.007708333333333332,0.0006151960198128877,0.1542083333333333,0.003946426146168655,0.15708333333333335,0.004001770892940304,0.1572083333333333,0.004068852618980461,0.5259166666666667,0.010667588800133687,0.41475,0.010204415189036099,0.01908333333333333,0.001142224427981425,0.019583333333333328,0.0011591551105374735,0.020666666666666663,0.0012285851119704096,0.5605478940454545,0.0078121317690821,0.320569547876511,0.0024880685167631227,0.6365724023264135,0.007161435633680844,0.3156233176141835,0.002400692123844423,costly,honest,1.5
E1_costlyxhonest_beta1.5,both_own,488,0.5163934426229508,0.02264498145031134,1.0,0.0,1.0,0.0,0.9984631147540983,0.0008854972213317913,0.7325819672131147,0.015619001924958336,0.7310450819672131,0.015590044230645876,0.6152663934426229,0.02064866526161992,0.5266393442622951,0.02262498234595043,0.5785119207586287,0.017028818039318473,0.7502070822177518,0.013368278621745769,0.5569499366529735,0.017121837290904097,0.6859927143062142,0.012140611244091007,0.2759073140411973,0.01130049278214916,0.22087776031812112,0.008471008317969505,0.2925647523251961,0.006928375194822865,0.2735361800497021,0.011294218413792224,0.06872038907414786,0.005890571043970183,0.17164079248942257,0.003936087360173887,0.18922472913334568,0.006696842868252116,0.10034003378107068,0.004126943952739548,0.6656420765027322,0.017238650456162775,0.0011953551912568306,0.0005099520782303519,0.1094603825136612,0.006596236126895849,0.11355874316939889,0.006692483087994376,0.11014344262295082,0.006761308062952553,0.5806010928961749,0.019342308162199163,0.24419398907103826,0.01314755226201412,0.05566939890710382,0.0037847783964118434,0.05737704918032787,0.0037632324212738197,0.06215846994535519,0.00398877955839296,0.30692738537000686,0.01273393145090556,0.24021900916774971,0.007972503992168749,0.5501162008434184,0.012862724534954387,0.2649692416460547,0.008468423805469557,costly,honest,1.5
E1_costlyxattenuated_beta1.5,all,2000,0.5,0.011183136021064612,0.5985,0.01096398556592195,0.613,0.010893798117218316,0.990375,0.0010902518112830646,0.63825,0.010275700158961355,0.62925,0.010170985361390055,0.548,0.010935963498879485,0.5115,0.01118017769029604,0.7861258782201406,0.005937274143037439,0.8817160324810432,0.004792537127719916,0.7856867681498828,0.00604309916807027,0.8130453294855555,0.005692049639421055,0.1714545735422247,0.0041210540446763,0.03209350547183675,0.0008259366159666136,0.1498491318762951,0.00398477311822888,0.16334244083465796,0.004170866842469996,0.019857552892644074,0.000820692692547795,0.10042358597729924,0.002608106688144364,0.09441601142182345,0.0018664804724815855,0.057714144345495995,0.0017921633448729467,0.5177916666666668,0.010243735935542522,0.008291666666666666,0.000633710355952113,0.15491666666666665,0.0038704167061708442,0.159625,0.003967150733345237,0.159375,0.004008306188692016,0.5826666666666667,0.01043325525886035,0.3616666666666667,0.010192992074587579,0.018125,0.0009866010622869967,0.018208333333333333,0.0009425985301548483,0.01933333333333333,0.0010194730100226475,0.5339626243139685,0.007207596688319377,0.41911802922587166,0.004683645967833835,0.6374391610707617,0.0070276433082894114,0.29033544723075205,0.003219779603076059,costly,attenuated,1.5
E1_costlyxattenuated_beta1.5,both_own,488,0.5163934426229508,0.02264498145031134,1.0,0.0,1.0,0.0,0.9964139344262295,0.0013470299880831,0.9918032786885246,0.0020173752884980072,0.9882172131147541,0.0024007453730152456,0.9820696721311475,0.003785498174379493,0.9057377049180327,0.013240541531870266,0.5785119207586287,0.017028818039318473,0.6916627683033255,0.011173922946643672,0.5569499366529735,0.017121837290904097,0.5910990606998268,0.01574685856988188,0.34758544642623745,0.009850003684080977,0.045157779204569815,0.002437295848867817,0.3519463660111373,0.01064223314028491,0.34088113986627827,0.009979366808063224,0.042895907029701835,0.0024036856908858624,0.24145333281291473,0.005878466254292567,0.12243021365138246,0.003989935734280507,0.1546617787825375,0.003813481882354737,0.5870901639344263,0.016561816210562838,0.001878415300546448,0.0006104278672860255,0.1325136612021858,0.006545098757548604,0.13934426229508193,0.006789451459716845,0.13917349726775957,0.006725327769238985,0.9043715846994537,0.005511006506141959,0.0064890710382513655,0.0010403647232069043,0.029200819672131145,0.002541669104137152,0.0274931693989071,0.0023924504605201116,0.032445355191256825,0.0026261709225784934,0.3206726668040212,0.006905731514972608,0.6864134277852594,0.012069022236514895,0.5933653558618621,0.012642442752971151,0.15217372473731008,0.009901652801150343,costly,attenuated,1.5
E1_costlyxcostly_beta1.5,all,2000,0.5,0.011183136021064612,0.5985,0.01096398556592195,0.613,0.010893798117218316,0.990625,0.0011334999331933263,0.989375,0.001141744926960098,0.98,0.0016167272198647875,0.848875,0.007656732655969025,0.814,0.008702865616276485,0.7861258782201406,0.005937274143037439,0.8930091644605557,0.004911430711565628,0.7856867681498828,0.00604309916807027,0.890767748148308,0.0049693446312724324,0.14314085357505138,0.003835374838147867,0.14605607387209504,0.003894727539766237,0.07876586707363503,0.0025852675261066704,0.1357553077015212,0.00387121599546815,0.13557305572051376,0.003931911303500291,0.057643021567883174,0.0018069188139847813,0.05412065015048017,0.001342922459763695,0.05471171727889489,0.0013910913260643902,0.52075,0.010430601651330458,0.008041666666666666,0.000640764716300197,0.1545416666666667,0.003944744453448489,0.15795833333333334,0.003984285835752394,0.15870833333333334,0.004064052322679184,0.5399583333333332,0.0104548167078533,0.010166666666666666,0.0007148950845651494,0.1464583333333333,0.003929021607588389,0.15025,0.003968827855585781,0.15316666666666665,0.004022543264658183,0.620670699050154,0.007022019767009662,0.2996257449769784,0.0024153516630790834,0.637262979587307,0.007153303143964171,0.3085971531001234,0.0024438933972700983,costly,costly,1.5
E1_costlyxcostly_beta1.5,both_own,488,0.5163934426229508,0.02264498145031134,1.0,0.0,1.0,0.0,0.9984631147540983,0.0008854972213317913,0.9979508196721312,0.0010214294669516153,0.9964139344262295,0.0013470299880831,0.9836065573770492,0.00512568513557949,0.9692622950819673,0.007821533275587246,0.5785119207586287,0.017028818039318473,0.7427249334005135,0.012705518842949213,0.5569499366529735,0.017121837290904097,0.7279395867059872,0.012748522512562461,0.26824005622180963,0.01153870125798001,0.2742083210014359,0.011101580218800646,0.22216149878474534,0.00677760200804783,0.2658689222303145,0.011529319043040756,0.26630889374669586,0.011135469926926003,0.14155257786746908,0.004261775055281344,0.10992518130333757,0.0036408557903574415,0.11622171617187509,0.003682132650312282,0.6543715846994536,0.01710033009610546,0.0011953551912568306,0.0005099520782303519,0.11202185792349727,0.006607596082551631,0.11765710382513662,0.0066737036473504315,0.11475409836065574,0.006731277054744191,0.6222677595628414,0.017754329340145383,0.001536885245901639,0.0005080698957411118,0.1173155737704918,0.0068500999097335525,0.12670765027322403,0.007060050236311784,0.13217213114754098,0.007301341099784659,0.5503614482024588,0.011922918368553477,0.17345198541109963,0.006361288422530879,0.5538213342398772,0.012832049192425591,0.2409479829384365,0.00845153535371378,costly,costly,1.5
E1_costlyxmixed_beta1.5,all,2000,0.5,0.011183136021064612,0.5985,0.01096398556592195,0.613,0.010893798117218316,0.989875,0.0011974281208290858,0.843125,0.005842436068722408,0.833,0.005842522360570551,0.565,0.01084158752259119,0.5305,0.011162310405413094,0.7861258782201406,0.005937274143037439,0.8937348622926136,0.004731130223115353,0.7856867681498828,0.00604309916807027,0.8617567985896547,0.005067018510082723,0.15182829388016536,0.003969024920534271,0.09374366962340422,0.002549563956712851,0.11265002370125594,0.0033001363020427354,0.14412613065021754,0.00401108174201596,0.062112733613730486,0.0025606164853565283,0.06835989794461611,0.001881299250988248,0.06506710647472366,0.001379224246998093,0.052414542482050505,0.0015445068406484065,0.5185416666666668,0.010357069591426415,0.008708333333333332,0.000665737821126902,0.15433333333333332,0.0039083669365221705,0.159125,0.003978933040599048,0.15929166666666666,0.004041030559749054,0.55675,0.010319138904508066,0.15308333333333332,0.005055288435393866,0.096375,0.0028260677854883803,0.09404166666666668,0.002717645066427137,0.09975,0.002932356143226775,0.5464298572110926,0.006899359284129225,0.2924919677370282,0.0024387246152188517,0.6376150845817679,0.007109834936474146,0.2993591401767993,0.002790761997050912,costly,mixed,1.5
E1_costlyxmixed_beta1.5,both_own,488,0.5163934426229508,0.02264498145031134,1.0,0.0,1.0,0.0,0.9979508196721312,0.001021429466951615,0.9902663934426229,0.0021913862277188447,0.9882172131147541,0.002400745373015246,0.9692622950819673,0.006335421878612422,0.9262295081967213,0.011845030004857631,0.5785119207586287,0.017028818039318473,0.7344810826246644,0.01212621663604012,0.5569499366529735,0.017121837290904097,0.6742766014900341,0.013520936695206156,0.2880776372691078,0.011331644650400778,0.16211425374111976,0.0078340655433394,0.29858356193049,0.008283295712154883,0.28413374777445033,0.011356084725557748,0.14919832878602773,0.007691297028726143,0.173526369292176,0.004114436890039608,0.09659572371002491,0.0038462180371760294,0.13328370665128428,0.0037579813691857515,0.6173155737704918,0.017112691468152304,0.001366120218579235,0.0005370042099715404,0.12329234972677597,0.006681545284178305,0.13046448087431692,0.006854473493599854,0.1275614754098361,0.006741938789731263,0.7457308743169399,0.01379406273084396,0.004952185792349725,0.0008927704212923676,0.08435792349726777,0.005617478347590818,0.07718579234972676,0.0051149264099250675,0.08777322404371583,0.00566587613512481,0.36622764531549196,0.005497622169778442,0.20740527177165075,0.007753333328557974,0.5758914289019028,0.01286567048334323,0.194442633600567,0.00897483568195629,costly,mixed,1.5
E1_mixedxhonest_beta1.5,all,2000,0.5,0.011183136021064612,0.5985,0.01096398556592195,0.613,0.010893798117218316,0.83725,0.005910155134753946,0.578625,0.010389773981622245,0.416125,0.008627953869921346,0.1645,0.007870091751186007,0.1205,0.0072812350045576586,0.7861258782201406,0.005937274143037439,0.8661664420357017,0.005039518594527434,0.7856867681498828,0.00604309916807027,0.8754641915644829,0.004788356726979681,0.09800720114353927,0.0025813129101373245,0.13369907861060568,0.0033247029591892724,0.1299759460985674,0.0034307673466240254,0.06335943071364991,0.002625411288201799,0.05585749346150632,0.002703150245775399,0.07753732956443966,0.0019324097074778501,0.07628718369516148,0.0023819713698538737,0.055265272916515694,0.0015197895557227156,0.544875,0.01032776684554567,0.15091666666666664,0.004938085547275774,0.09904166666666665,0.0028291146964759557,0.10116666666666665,0.002844566692612998,0.104,0.003004508127814036,0.5223333333333333,0.010603387525909983,0.41454166666666664,0.010183009685395013,0.020625,0.0011776911730512693,0.020875,0.0011887102409131331,0.021625,0.0012407735052740849,0.5593754167946904,0.007832194757284475,0.31114580958190874,0.0028776047226092456,0.5498637687618959,0.006978695215692571,0.29299198429451534,0.0022877156490430824,mixed,honest,1.5
E1_mixedxhonest_beta1.5,both_own,488,0.5163934426229508,0.02264498145031134,1.0,0.0,1.0,0.0,0.9933401639344263,0.0018242072903422557,0.7233606557377049,0.01564279094856079,0.7167008196721312,0.015506722047286451,0.5804303278688525,0.02063101497430699,0.46311475409836067,0.022595427506892887,0.5785119207586287,0.017028818039318473,0.7021513328485659,0.013743323870515094,0.5569499366529735,0.017121837290904097,0.6866635080692741,0.01091576761454751,0.1716492388596642,0.007860261376103104,0.23728479765297236,0.00850842807911563,0.35821541897537534,0.006294382839609712,0.16011721148508717,0.0077870751879602395,0.0770672146870204,0.006413134274249264,0.19793207361422455,0.0028759159972865374,0.20478943316475964,0.006178017186570752,0.0811320999271007,0.004097649199273177,0.7694672131147541,0.013202707855164668,0.004439890710382513,0.0008480903333822748,0.07342896174863386,0.0052384378880905025,0.07462431693989072,0.00500615731382633,0.0780396174863388,0.005370437925024579,0.5611338797814208,0.018864997587054795,0.249146174863388,0.013113411983567975,0.06062158469945355,0.0037868266358098692,0.0625,0.003797413944594313,0.06659836065573771,0.00401006932999982,0.3078787601531612,0.01308799015248124,0.19184184547916086,0.008504998933085341,0.3584062747231553,0.004248817619065281,0.21742216088048172,0.0069219205249202624,mixed,honest,1.5
E1_mixedxattenuated_beta1.5,all,2000,0.5,0.011183136021064612,0.5985,0.01096398556592195,0.613,0.010893798117218316,0.843375,0.005821672923250897,0.639875,0.010244112363038257,0.48475,0.009121763647235001,0.262875,0.009610094648184976,0.2165,0.0092117481050871,0.7861258782201406,0.005937274143037439,0.8586188357511536,0.004755062766751441,0.7856867681498828,0.00604309916807027,0.8143118806262455,0.0056059969827887265,0.11392288520523773,0.0028276672362169187,0.034335539386278716,0.0008875641411694605,0.1863641600165265,0.004652204170849196,0.07994760158218465,0.0029397559794920145,0.02093212159588529,0.0008580428259830332,0.10739664345493227,0.002362933103846504,0.09626692552678535,0.0019768505628056303,0.06548426582795384,0.0016929044170972366,0.542375,0.010134806398089322,0.14525,0.004872816528503841,0.10216666666666667,0.0028136966787583166,0.10383333333333335,0.0028544904491921022,0.106375,0.002979283746508545,0.58175,0.010413375167813616,0.360875,0.010174549000109157,0.017875,0.0009675724245809797,0.019625,0.0009968402186908835,0.019875,0.0010471118311198729,0.5327275242539453,0.007224575577135649,0.4426578787700784,0.00518264341042716,0.5452793479416728,0.006840572865973688,0.2682447563051757,0.0028050485907244087,mixed,attenuated,1.5
E1_mixedxattenuated_beta1.5,both_own,488,0.5163934426229508,0.02264498145031134,1.0,0.0,1.0,0.0,0.9912909836065574,0.002077258861445192,0.9892418032786885,0.002298919656832242,0.9805327868852459,0.0030356644257250277,0.9538934426229508,0.007596010408975879,0.8504098360655737,0.0161622260185196,0.5785119207586287,0.017028818039318473,0.6720764859760991,0.011852124363459856,0.5569499366529735,0.017121837290904097,0.5934536251440361,0.015488048021815738,0.21456734773450295,0.00754525046207911,0.04830076680813002,0.002511929477916216,0.4690488049215661,0.010255911553045947,0.20059029378998733,0.007586158004509538,0.0455415250742395,0.002479210731339403,0.25769150174988004,0.004434818281397448,0.13881357705157576,0.0037876166080972632,0.11244963770221487,0.003949757403594525,0.7194330601092895,0.013293111120420005,0.00546448087431694,0.0009347422257929149,0.09135928961748632,0.005390647568905414,0.08726092896174863,0.005162044882370715,0.09648224043715846,0.005562392961939863,0.8997609289617488,0.00562005197194087,0.007001366120218578,0.001047562977220655,0.028517759562841524,0.0025230366140073387,0.030908469945355187,0.0026252929534497337,0.03381147540983607,0.0026573593253530594,0.315512995577305,0.007000283092285513,0.7767553230345161,0.010032844806764363,0.37305952001065495,0.004683986109377596,0.11706283189476055,0.006100719024181273,mixed,attenuated,1.5
E1_mixedxcostly_beta1.5,all,2000,0.5,0.011183136021064612,0.5985,0.01096398556592195,0.613,0.010893798117218316,0.8365,0.005918309572343867,0.988625,0.001178611152851021,0.825125,0.0058863032941512084,0.5335,0.010881375242292757,0.4925,0.011181877847485993,0.7861258782201406,0.005937274143037439,0.8626252108429507,0.00496500650536524,0.7856867681498828,0.00604309916807027,0.8921512849041137,0.004717091566015766,0.09446135256709827,0.0025576875027318127,0.1517300227344811,0.003971335863871705,0.11276131268367257,0.0031094290909949728,0.05935199979679351,0.0025746001749128327,0.14077519056253635,0.004018946593251593,0.06901781843312807,0.0018463263077349156,0.05059846563142287,0.0014696172814501298,0.06559321930677521,0.0013489683960286308,0.542625,0.010296158486140853,0.15154166666666669,0.00493572077045781,0.09945833333333334,0.0028156305723060146,0.10141666666666665,0.002843166171765813,0.10495833333333333,0.002996788197670181,0.5355833333333333,0.01038983471018065,0.010791666666666666,0.0007355262048425712,0.147875,0.003908613029631829,0.1512083333333333,0.003943757996429362,0.1545416666666667,0.00400287963556926,0.6218586975516318,0.006980541336526018,0.28999373555162317,0.002746181783119221,0.5497327969406788,0.0069675440986895045,0.29036989195870855,0.002245833565796664,mixed,costly,1.5
E1_mixedxcostly_beta1.5,both_own,488,0.5163934426229508,0.02264498145031134,1.0,0.0,1.0,0.0,0.992827868852459,0.001891075615882413,0.9979508196721312,0.0010214294669516153,0.9907786885245902,0.002135211439705767,0.9595286885245902,0.008013980592442483,0.9262295081967213,0.011845030004857631,0.5785119207586287,0.017028818039318473,0.694871799724991,0.01317199958176497,0.5569499366529735,0.017121837290904097,0.7317199501515186,0.011474211853712704,0.16377936166140286,0.008020490913062412,0.2928887990325413,0.010954546675576242,0.2896558521011597,0.0076522896197473485,0.15224733428682583,0.007925300781113935,0.2849893717778013,0.0110164294011674,0.17033623179164734,0.003759678283717007,0.12342433980264184,0.00355422890796807,0.09607809449294194,0.0037927470116979898,0.7624658469945356,0.013058851327389525,0.004610655737704918,0.000863310048905745,0.07633196721311475,0.005217334593062285,0.07581967213114754,0.005001376645552002,0.08077185792349727,0.005352747826711837,0.6007513661202185,0.017301890853934486,0.001536885245901639,0.0005080698957411118,0.12363387978142076,0.0067686059060727746,0.13456284153005466,0.007022241250565523,0.13951502732240437,0.00723865839949054,0.5593863353789056,0.011658311076453216,0.1225353215404363,0.005819006245116762,0.35956332743392155,0.004283828812220359,0.20927588423207177,0.006873307323612349,mixed,costly,1.5
E1_mixedxmixed_beta1.5,all,2000,0.5,0.011183136021064612,0.5985,0.01096398556592195,0.613,0.010893798117218316,0.8385,0.005874298144403693,0.84425,0.005832064406161751,0.68275,0.006596246962250088,0.268125,0.009613991450136703,0.2275,0.009376344325826468,0.7861258782201406,0.005937274143037439,0.8633763522605531,0.004851146953644233,0.7856867681498828,0.00604309916807027,0.8616923521457722,0.004923143410489566,0.10075864360054151,0.00270548925891275,0.09770140672622711,0.0026205262065295627,0.14558032829564496,0.0038800803812959737,0.06624650107503464,0.0027435213464912997,0.06601403499070967,0.002649281478140202,0.07930961998319296,0.001970437693515646,0.06289943573850205,0.001537478185561772,0.06359137990775374,0.0015280253824117764,0.5411666666666668,0.010225584235296448,0.14925,0.004902798375458615,0.10045833333333334,0.0028194601884520415,0.10291666666666666,0.0028430830838760274,0.10620833333333334,0.0030014157385670277,0.5557916666666668,0.010270044421863366,0.15175,0.005040674078911184,0.09683333333333331,0.002823453332736145,0.09504166666666666,0.002718777402212507,0.10058333333333332,0.0029329247435884807,0.5441439197239031,0.006861434702663773,0.2857566314607754,0.002674861824911517,0.5473264055700647,0.00694736031261462,0.2867996216442815,0.0025443033577816072,mixed,mixed,1.5
E1_mixedxmixed_beta1.5,both_own,488,0.5163934426229508,0.02264498145031134,1.0,0.0,1.0,0.0,0.9918032786885246,0.0020173752884980072,0.9902663934426229,0.0021913862277188447,0.9820696721311475,0.0029230673987992706,0.9421106557377049,0.009128123734641645,0.8790983606557377,0.014773056176878217,0.5785119207586287,0.017028818039318473,0.6907251591909687,0.01269725809117609,0.5569499366529735,0.017121837290904097,0.6766904847117775,0.012733656215157369,0.1782695318811305,0.008166167417326488,0.1718844187800977,0.007819789565777216,0.38334336186108825,0.008669872292830068,0.16391971828199015,0.008073323859661485,0.15816806776011041,0.007702600631527564,0.2044079853783956,0.00384950574368164,0.1071781078225017,0.003753081106167312,0.10825793901602278,0.003928405448793337,0.7406079234972678,0.013252888545103304,0.005293715846994535,0.0009210291982039419,0.08367486338797814,0.005367610757825843,0.0816256830601093,0.005087576993048411,0.08879781420765026,0.005485828634582953,0.7313866120218578,0.013868990993819908,0.004781420765027322,0.0008781978769394766,0.08657786885245902,0.005675268781047379,0.08350409836065574,0.005238134969773873,0.09375,0.005759887830447028,0.3702211267319611,0.0056391429525381185,0.17913849933822124,0.008005868521422748,0.3671344389778094,0.0046433749797722005,0.18909004705978513,0.007604618687363111,mixed,mixed,1.5
