generator,contrast,metric,delta,mc_lo,mc_hi,n,n_boot
honestxhonest,acts+private - acts,correct_family,,,,0,1000
honestxhonest,acts+private - acts,posterior_on_family,,,,0,1000
honestxhonest,acts+private - acts,omega_abs_err,-0.0033968521600211154,-0.006035346233762322,-0.0007901638914240666,2000,1000
honestxhonest,acts+private - acts,c_abs_err,-0.01005150050349814,-0.013845999988172274,-0.006610199843701281,2000,1000
attenuatedxhonest,acts+private - acts,correct_family,0.03,0.02,0.0395,2000,1000
attenuatedxhonest,acts+private - acts,posterior_on_family,0.06556303610847992,0.058082168605181374,0.07207727001696167,2000,1000
attenuatedxhonest,acts+private - acts,omega_abs_err,-0.06380824696011293,-0.07023679904312363,-0.056567996243044705,2000,1000
attenuatedxhonest,acts+private - acts,c_abs_err,-0.057733012801782196,-0.06428451603054264,-0.050386918593218075,2000,1000
costlyxhonest,acts+private - acts,correct_family,0.0095,0.004,0.0155,2000,1000
costlyxhonest,acts+private - acts,posterior_on_family,0.00199369280141911,-0.00021312165165405584,0.004214591755426727,2000,1000
costlyxhonest,acts+private - acts,omega_abs_err,-0.0028486643829076816,-0.004915544006206148,-0.0009294170836303087,2000,1000
costlyxhonest,acts+private - acts,c_abs_err,-0.007227367236940914,-0.010889282353331147,-0.0035813745870803353,2000,1000
mixedxhonest,acts+private - acts,correct_family,,,,0,1000
mixedxhonest,acts+private - acts,posterior_on_family,,,,0,1000
mixedxhonest,acts+private - acts,omega_abs_err,0.01023161925043078,0.007591787959917341,0.013024813391496203,2000,1000
mixedxhonest,acts+private - acts,c_abs_err,-0.012404709105053213,-0.017383488717842524,-0.0075675704481091115,2000,1000
costlyxcostly,acts+private - acts,correct_family,0.018,0.0115,0.025,2000,1000
costlyxcostly,acts+private - acts,posterior_on_family,0.002291447566957176,0.00014538156412369522,0.004524035391391308,2000,1000
costlyxcostly,acts+private - acts,omega_abs_err,-0.0031580587325203587,-0.005159065688109399,-0.0012870326852585873,2000,1000
costlyxcostly,acts+private - acts,c_abs_err,-0.007969558967874714,-0.01166378651999127,-0.004496977728899762,2000,1000
attenuatedxattenuated,acts+private - acts,correct_family,0.0495,0.039,0.05951249999999999,2000,1000
attenuatedxattenuated,acts+private - acts,posterior_on_family,0.08386682704162854,0.07540315599203164,0.09157925136031722,2000,1000
attenuatedxattenuated,acts+private - acts,omega_abs_err,-0.08209327841082872,-0.0898622033886987,-0.07369289031230838,2000,1000
attenuatedxattenuated,acts+private - acts,c_abs_err,-0.07379512144276933,-0.08195759808429594,-0.0654549979669409,2000,1000
mixedxmixed,acts+private - acts,correct_family,,,,0,1000
mixedxmixed,acts+private - acts,posterior_on_family,,,,0,1000
mixedxmixed,acts+private - acts,omega_abs_err,0.01253117442750392,0.00987569002735572,0.015311278661031902,2000,1000
mixedxmixed,acts+private - acts,c_abs_err,-0.01238612371146218,-0.018043795562623928,-0.0073090025161722805,2000,1000
