generator,A_type,B_type,channel,beta_obs,true_family,true_omega,true_c,n_worlds,p_attenuation_mean,frac_attenuation_favoured,correct_family,posterior_on_family,omega_MAE,c_MAE,omega_MAE_prior,c_MAE_prior,omega_MAE_obsprior,c_MAE_obsprior,omega_mean_est,c_mean_est,map_true_point,map_share_w0.2_c0.0,map_share_w0.6_c0.0,map_share_w1.0_c0.0,map_share_w1.0_c0.8,map_share_w1.0_c1.6
honestxhonest,honest,honest,acts+private,1.5,both,1.0,0.0,2000,0.5911026931145783,0.5895,,,0.26348333454311673,0.2430929173998269,0.4,0.8000000000000002,0.24,0.4800000000000001,0.7365166654568834,0.2430929173998269,0.398,0.185,0.0215,0.398,0.001,0.3945
honestxhonest,honest,honest,acts,1.5,both,1.0,0.0,2000,0.5867834799133463,0.558,,,0.26688018670313784,0.25314441790332504,0.4,0.8000000000000002,0.24,0.4800000000000001,0.7331198132968622,0.25314441790332504,0.3965,0.193,0.014,0.3965,0.0085,0.388
attenuatedxhonest,attenuated,honest,acts+private,1.5,attenuation,0.2,0.0,2000,0.6750876554545531,0.6485,0.6485,0.6750876554545531,0.4111520886741105,0.2297778557347217,0.39999999999999997,0.8000000000000002,0.56,0.4800000000000001,0.6111520886741105,0.2297778557347217,0.4385,0.4385,0.0205,0.1945,0.0045,0.342
attenuatedxhonest,attenuated,honest,acts,1.5,attenuation,0.2,0.0,2000,0.6095246193460733,0.6185,0.6185,0.6095246193460733,0.4749603356342235,0.2875108685365038,0.39999999999999997,0.8000000000000002,0.56,0.4800000000000001,0.6749603356342234,0.2875108685365038,0.396,0.396,0.0135,0.213,0.013,0.3645
costlyxhonest,costly,honest,acts+private,1.5,cost,1.0,1.6,2000,0.24384790936224346,0.0895,0.9105,0.7561520906377566,0.11429998993765932,0.5849823588373293,0.4,0.7999999999999999,0.24,1.12,0.8857000100623407,1.0150176411626708,0.896,0.087,0.0085,0.0,0.0085,0.896
costlyxhonest,costly,honest,acts,1.5,cost,1.0,1.6,2000,0.24584160216366258,0.099,0.901,0.7541583978363375,0.11714865432056701,0.5922097260742702,0.4,0.7999999999999999,0.24,1.12,0.882851345679433,1.0077902739257298,0.883,0.0965,0.0065,0.0,0.014,0.883
mixedxhonest,mixed,honest,acts+private,1.5,neither,0.6,0.8,2000,0.2990775827498967,0.162,,,0.26674006865971644,0.24835561092424616,0.0,1.1102230246251565e-16,0.16000000000000003,0.31999999999999995,0.850200651211489,0.6604358881329077,,0.134,0.0335,0.0015,0.375,0.456
mixedxhonest,mixed,honest,acts,1.5,neither,0.6,0.8,2000,0.3098561074425163,0.179,,,0.25650844940928563,0.26076032002929933,0.0,1.1102230246251565e-16,0.16000000000000003,0.31999999999999995,0.8493653651883601,0.6576289813085993,,0.1465,0.0285,0.006,0.358,0.461
costlyxcostly,costly,costly,acts+private,1.5,cost,1.0,1.6,2000,0.24282536636713958,0.1095,0.8905,0.7571746336328604,0.11428144993082642,0.5820820836564314,0.4,0.7999999999999999,0.24,1.12,0.8857185500691734,1.0179179163435685,0.8765,0.108,0.007,0.0,0.0085,0.8765
costlyxcostly,costly,costly,acts,1.5,cost,1.0,1.6,2000,0.2451168139340968,0.1275,0.8725,0.7548831860659031,0.1174395086633468,0.5900516426243062,0.4,0.7999999999999999,0.24,1.12,0.8825604913366532,1.009948357375694,0.855,0.1285,0.0025,0.0,0.014,0.855
attenuatedxattenuated,attenuated,attenuated,acts+private,1.5,attenuation,0.2,0.0,2000,0.70211241575861,0.7125,0.7125,0.70211241575861,0.3817759164264203,0.20861302032308227,0.39999999999999997,0.8000000000000002,0.56,0.4800000000000001,0.5817759164264202,0.20861302032308227,0.509,0.509,0.026,0.183,0.004,0.278
attenuatedxattenuated,attenuated,attenuated,acts,1.5,attenuation,0.2,0.0,2000,0.6182455887169815,0.663,0.663,0.6182455887169815,0.463869194837249,0.2824081417658516,0.39999999999999997,0.8000000000000002,0.56,0.4800000000000001,0.6638691948372489,0.2824081417658516,0.445,0.445,0.0185,0.2055,0.012,0.319
mixedxmixed,mixed,mixed,acts+private,1.5,neither,0.6,0.8,2000,0.3058219457525237,0.2105,,,0.2667347851383719,0.2571394358836325,0.0,1.1102230246251565e-16,0.16000000000000003,0.31999999999999995,0.8450084377181519,0.6572219811077805,,0.1765,0.0425,0.0015,0.37,0.4095
mixedxmixed,mixed,mixed,acts,1.5,neither,0.6,0.8,2000,0.3157990731745535,0.233,,,0.2542036107108679,0.2695255595950946,0.0,1.1102230246251565e-16,0.16000000000000003,0.31999999999999995,0.8448763315129191,0.6554393450943571,,0.1975,0.0335,0.008,0.35,0.411
