generator,g,noise,contrast,metric,delta,mc_lo,mc_hi,n,n_boot
attenuatedxhonest,0.0,none,labels - acts,correct_family,-0.026,-0.0415,-0.0095,2000,1000
attenuatedxhonest,0.0,none,labels - acts+private,correct_family,-0.056,-0.072,-0.0395,2000,1000
attenuatedxhonest,0.25,none,labels - acts,correct_family,0.225,0.2004875,0.249,2000,1000
attenuatedxhonest,0.25,none,labels - acts+private,correct_family,0.195,0.1715,0.2195,2000,1000
attenuatedxhonest,0.5,none,labels - acts,correct_family,0.3295,0.308,0.3525,2000,1000
attenuatedxhonest,0.5,none,labels - acts+private,correct_family,0.2995,0.278,0.3210125,2000,1000
attenuatedxhonest,1.0,none,labels - acts,correct_family,0.3715,0.35148749999999995,0.3930125,2000,1000
attenuatedxhonest,1.0,none,labels - acts+private,correct_family,0.3415,0.321,0.3625,2000,1000
attenuatedxhonest,0.0,engine,labels - acts,correct_family,-0.051,-0.0685125,-0.03348750000000001,2000,1000
attenuatedxhonest,0.0,engine,labels - acts+private,correct_family,-0.081,-0.0995,-0.06398750000000002,2000,1000
attenuatedxhonest,0.25,engine,labels - acts,correct_family,0.213,0.189,0.2385,2000,1000
attenuatedxhonest,0.25,engine,labels - acts+private,correct_family,0.183,0.1595,0.2080125,2000,1000
attenuatedxhonest,0.5,engine,labels - acts,correct_family,0.321,0.2975,0.342025,2000,1000
attenuatedxhonest,0.5,engine,labels - acts+private,correct_family,0.291,0.268,0.3145,2000,1000
attenuatedxhonest,1.0,engine,labels - acts,correct_family,0.368,0.346,0.391,2000,1000
attenuatedxhonest,1.0,engine,labels - acts+private,correct_family,0.338,0.3155,0.361,2000,1000
attenuatedxhonest,0.0,baseline,labels - acts,correct_family,-0.0365,-0.0555,-0.0175,2000,1000
attenuatedxhonest,0.0,baseline,labels - acts+private,correct_family,-0.0665,-0.0845125,-0.048,2000,1000
attenuatedxhonest,0.25,baseline,labels - acts,correct_family,0.2225,0.1985,0.245,2000,1000
attenuatedxhonest,0.25,baseline,labels - acts+private,correct_family,0.1925,0.1694875,0.2165,2000,1000
attenuatedxhonest,0.5,baseline,labels - acts,correct_family,0.3295,0.306,0.353,2000,1000
attenuatedxhonest,0.5,baseline,labels - acts+private,correct_family,0.2995,0.2755,0.3225125,2000,1000
attenuatedxhonest,1.0,baseline,labels - acts,correct_family,0.372,0.3515,0.395,2000,1000
attenuatedxhonest,1.0,baseline,labels - acts+private,correct_family,0.342,0.3214875,0.3635,2000,1000
costlyxhonest,0.0,none,labels - acts,correct_family,-0.0115,-0.0235,0.0015,2000,1000
costlyxhonest,0.0,none,labels - acts+private,correct_family,-0.021,-0.0330125,-0.0085,2000,1000
costlyxhonest,0.25,none,labels - acts,correct_family,0.012,-0.0035,0.0275,2000,1000
costlyxhonest,0.25,none,labels - acts+private,correct_family,0.0025,-0.012,0.0175,2000,1000
costlyxhonest,0.5,none,labels - acts,correct_family,0.069,0.055,0.0835,2000,1000
costlyxhonest,0.5,none,labels - acts+private,correct_family,0.0595,0.0464875,0.0735,2000,1000
costlyxhonest,1.0,none,labels - acts,correct_family,0.0985,0.0855,0.11201249999999999,2000,1000
costlyxhonest,1.0,none,labels - acts+private,correct_family,0.089,0.0759875,0.1025,2000,1000
costlyxhonest,0.0,engine,labels - acts,correct_family,-0.006,-0.0205,0.008,2000,1000
costlyxhonest,0.0,engine,labels - acts+private,correct_family,-0.0155,-0.0305,-0.0015,2000,1000
costlyxhonest,0.25,engine,labels - acts,correct_family,-0.0035,-0.0205125,0.013,2000,1000
costlyxhonest,0.25,engine,labels - acts+private,correct_family,-0.013,-0.029,0.003,2000,1000
costlyxhonest,0.5,engine,labels - acts,correct_family,0.0715,0.0585,0.087,2000,1000
costlyxhonest,0.5,engine,labels - acts+private,correct_family,0.062,0.049,0.0775,2000,1000
costlyxhonest,1.0,engine,labels - acts,correct_family,0.097,0.085,0.1105,2000,1000
costlyxhonest,1.0,engine,labels - acts+private,correct_family,0.0875,0.075,0.1005,2000,1000
costlyxhonest,0.0,baseline,labels - acts,correct_family,-0.0015,-0.016,0.0125,2000,1000
costlyxhonest,0.0,baseline,labels - acts+private,correct_family,-0.011,-0.026,0.003,2000,1000
costlyxhonest,0.25,baseline,labels - acts,correct_family,-0.016,-0.033,0.0015124999999999887,2000,1000
costlyxhonest,0.25,baseline,labels - acts+private,correct_family,-0.0255,-0.0425,-0.008487500000000012,2000,1000
costlyxhonest,0.5,baseline,labels - acts,correct_family,0.0665,0.0525,0.08,2000,1000
costlyxhonest,0.5,baseline,labels - acts+private,correct_family,0.057,0.044,0.07001249999999999,2000,1000
costlyxhonest,1.0,baseline,labels - acts,correct_family,0.0985,0.0864875,0.112,2000,1000
costlyxhonest,1.0,baseline,labels - acts+private,correct_family,0.089,0.077,0.1015,2000,1000
