group,model,model_desc,n_pred_test,n_test_worlds,rounds_predicted,mean_loglik,accuracy,n_contexts,marginal_loglik,dll_vs_a,dll_vs_a_lo,dll_vs_a_hi,dacc_vs_a,dacc_vs_a_lo,dacc_vs_a_hi,dll_vs_b,dll_vs_b_lo,dll_vs_b_hi,dacc_vs_b,dacc_vs_b_lo,dacc_vs_b_hi
honestxhonest_beta0.0,a,last A act,21000,1000,code 3..23,-0.25177553671680586,0.945,5,-0.8640162066702611,,,,,,,,,,,,
honestxhonest_beta0.0,b,last A + last B act,21000,1000,code 3..23,-0.23083414408186853,0.9522380952380952,25,-0.8640162066702611,0.020941392634937293,0.017095299287340444,0.024898796427951883,0.007238095238095237,0.0057619047619047615,0.008714285714285714,,,,,,
honestxhonest_beta0.0,c,"regime(run>=3, positions diverge) + last A act",21000,1000,code 3..23,-0.24073382847858946,0.9458571428571428,18,-0.8640162066702611,0.011041708238216326,0.006930707467083354,0.01532970325534109,0.000857142857142857,-0.0004285714285714286,0.002238095238095238,-0.009899684396720967,-0.012843812686363535,-0.006882952943061092,-0.006380952380952381,-0.00809642857142857,-0.004714285714285713
honestxhonest_beta0.0,d,regime + last A + last B act,21000,1000,code 3..23,-0.22651539119355463,0.9532857142857143,56,-0.8640162066702611,0.025260145523251218,0.021168440727587234,0.029709567770159415,0.008285714285714285,0.0064761904761904765,0.010190476190476189,0.0043187528883139184,0.0025192208662596135,0.006276559865414515,0.0010476190476190474,4.7619047619047614e-05,0.002238095238095238
honestxattenuated_beta0.0,a,last A act,21000,1000,code 3..23,-0.3444040957345185,0.9185238095238095,5,-0.9185737113543151,,,,,,,,,,,,
honestxattenuated_beta0.0,b,last A + last B act,21000,1000,code 3..23,-0.31981932127709106,0.9255714285714286,25,-0.9185737113543151,0.024584774457427377,0.02067160208601552,0.02862725269969894,0.007047619047619047,0.005666666666666666,0.008523809523809522,,,,,,
honestxattenuated_beta0.0,c,"regime(run>=3, positions diverge) + last A act",21000,1000,code 3..23,-0.319722042966469,0.9244761904761905,18,-0.9185737113543151,0.024682052768049422,0.019960208638012362,0.029613795875823638,0.005952380952380952,0.004047619047619047,0.008095238095238095,9.727831062203773e-05,-0.0032651397568504302,0.003547414455417168,-0.001095238095238095,-0.003333333333333333,0.0011904761904761901
honestxattenuated_beta0.0,d,regime + last A + last B act,21000,1000,code 3..23,-0.3078910202223057,0.9308095238095239,65,-0.9185737113543151,0.036513075512212716,0.03198850631110906,0.04145615611230691,0.012285714285714285,0.010141666666666667,0.014666666666666665,0.011928301054785335,0.009531034448691075,0.01447225741553379,0.005238095238095238,0.0034285714285714284,0.0071916666666666604
honestxcostly_beta0.0,a,last A act,21000,1000,code 3..23,-0.2696917534567193,0.939952380952381,5,-0.8761558398585692,,,,,,,,,,,,
honestxcostly_beta0.0,b,last A + last B act,21000,1000,code 3..23,-0.24823366063474706,0.9477619047619048,23,-0.8761558398585692,0.021458092821972242,0.017654938778619397,0.02570306572245216,0.007809523809523809,0.006475,0.009191666666666659,,,,,,
honestxcostly_beta0.0,c,"regime(run>=3, positions diverge) + last A act",21000,1000,code 3..23,-0.25259716474996724,0.9468095238095238,17,-0.8761558398585692,0.0170945887067521,0.014259827989587777,0.020354028484395128,0.006857142857142856,0.005238095238095238,0.008620238095238087,-0.004363504115220141,-0.00813753061971144,-0.0006867965484948045,-0.0009523809523809524,-0.002428571428571428,0.0005238095238095237
honestxcostly_beta0.0,d,regime + last A + last B act,21000,1000,code 3..23,-0.24042666779134825,0.9500952380952381,59,-0.8761558398585692,0.02926508566537107,0.024894715676166596,0.0339541378801653,0.010142857142857143,0.008285714285714285,0.012096428571428564,0.0078069928433988295,0.0057525482720878806,0.010057271200580895,0.002333333333333333,0.0009511904761904762,0.0038095238095238095
honestxmixed_beta0.0,a,last A act,21000,1000,code 3..23,-0.3111709355889832,0.928,5,-0.9017404585116096,,,,,,,,,,,,
honestxmixed_beta0.0,b,last A + last B act,21000,1000,code 3..23,-0.28710960462406376,0.9362380952380952,25,-0.9017404585116096,0.024061330964919428,0.019992289709571037,0.02808894421867006,0.008238095238095237,0.006714285714285714,0.009761904761904763,,,,,,
honestxmixed_beta0.0,c,"regime(run>=3, positions diverge) + last A act",21000,1000,code 3..23,-0.2929398967108027,0.9332857142857143,18,-0.9017404585116096,0.018231038878180457,0.014155410475556997,0.022450457056361766,0.005285714285714285,0.0036190476190476185,0.007142857142857143,-0.0058302920867389675,-0.009398719742654561,-0.0022605438564559056,-0.0029523809523809524,-0.004857142857142857,-0.001
honestxmixed_beta0.0,d,regime + last A + last B act,21000,1000,code 3..23,-0.27805063803457664,0.9393333333333334,65,-0.9017404585116096,0.03312029755440652,0.02863352827074966,0.03790865360129544,0.011333333333333332,0.00938095238095238,0.013476190476190475,0.00905896658948709,0.006915677644025669,0.011381085467688606,0.003095238095238095,0.0017607142857142856,0.004619047619047619
attenuatedxhonest_beta0.0,a,last A act,21000,1000,code 3..23,-0.348694713199165,0.9146666666666666,5,-0.917932271098709,,,,,,,,,,,,
attenuatedxhonest_beta0.0,b,last A + last B act,21000,1000,code 3..23,-0.32938804634716334,0.9183809523809524,25,-0.917932271098709,0.019306666852001633,0.01597869218050367,0.022768871522603772,0.0037142857142857134,0.0007142857142857142,0.0064761904761904765,,,,,,
attenuatedxhonest_beta0.0,c,"regime(run>=3, positions diverge) + last A act",21000,1000,code 3..23,-0.3263965105094722,0.9214761904761904,18,-0.917932271098709,0.02229820268969273,0.017371175497070544,0.027302556867591914,0.00680952380952381,0.0035238095238095237,0.010095238095238095,0.002991535837691105,-0.00037535202362295924,0.0062513224217194885,0.003095238095238095,0.00023809523809523815,0.006095238095238094
attenuatedxhonest_beta0.0,d,regime + last A + last B act,21000,1000,code 3..23,-0.3086249007286931,0.9337142857142857,70,-0.917932271098709,0.04006981247047188,0.035240374872018136,0.04504954716076459,0.019047619047619042,0.016476190476190474,0.021619047619047618,0.02076314561847025,0.017683721553397418,0.024014275838444496,0.015333333333333332,0.013142857142857142,0.01771428571428571
attenuatedxattenuated_beta0.0,a,last A act,21000,1000,code 3..23,-0.40577750470460894,0.8982857142857142,5,-0.9530466875681994,,,,,,,,,,,,
attenuatedxattenuated_beta0.0,b,last A + last B act,21000,1000,code 3..23,-0.388492062395248,0.8982857142857142,25,-0.9530466875681994,0.017285442309361028,0.013854700906591385,0.020720903930454646,0.0,0.0,0.0,,,,,,
attenuatedxattenuated_beta0.0,c,"regime(run>=3, positions diverge) + last A act",21000,1000,code 3..23,-0.37558312126684945,0.9089047619047619,18,-0.9530466875681994,0.03019438343775947,0.0253051370723251,0.03515368898041918,0.010619047619047618,0.0070476190476190465,0.014096428571428564,0.012908941128398453,0.009692127790808545,0.015956913228778652,0.010619047619047618,0.0070476190476190465,0.014096428571428564
attenuatedxattenuated_beta0.0,d,regime + last A + last B act,21000,1000,code 3..23,-0.3653261326412764,0.917,68,-0.9530466875681994,0.040451372063332526,0.03575921574287609,0.04536730003520863,0.018714285714285715,0.015951190476190473,0.02157261904761904,0.023165929753971505,0.019917729619110272,0.026359491866711836,0.018714285714285715,0.015951190476190473,0.02157261904761904
attenuatedxcostly_beta0.0,a,last A act,21000,1000,code 3..23,-0.35637166775297263,0.9128571428571428,5,-0.9222229677486378,,,,,,,,,,,,
attenuatedxcostly_beta0.0,b,last A + last B act,21000,1000,code 3..23,-0.33859592094349233,0.916,22,-0.9222229677486378,0.01777574680948031,0.014839276551332506,0.020951779500977926,0.0031428571428571426,0.0001428571428571428,0.0060952380952380945,,,,,,
attenuatedxcostly_beta0.0,c,"regime(run>=3, positions diverge) + last A act",21000,1000,code 3..23,-0.33306440586233876,0.9278571428571428,18,-0.9222229677486378,0.023307261890633868,0.01990388985573646,0.026880069432375267,0.015,0.012190476190476189,0.017904761904761906,0.005531515081153556,0.0013769305479058571,0.009420978559258195,0.011857142857142858,0.009284523809523808,0.014524999999999991
attenuatedxcostly_beta0.0,d,regime + last A + last B act,21000,1000,code 3..23,-0.31647499316735994,0.9314761904761905,67,-0.9222229677486378,0.03989667458561268,0.03530984658811453,0.04491731992482745,0.01861904761904762,0.016,0.021285714285714286,0.022120927776132376,0.0187015396513361,0.025649257731821435,0.015476190476190475,0.013047619047619047,0.018047619047619045
attenuatedxmixed_beta0.0,a,last A act,21000,1000,code 3..23,-0.37690656256770394,0.9066666666666666,5,-0.9347495970810165,,,,,,,,,,,,
attenuatedxmixed_beta0.0,b,last A + last B act,21000,1000,code 3..23,-0.36070395838143116,0.9087142857142857,25,-0.9347495970810165,0.01620260418627282,0.012916784479631753,0.019470897762662566,0.0020476190476190472,-0.0010952380952380953,0.0050952380952380945,,,,,,
attenuatedxmixed_beta0.0,c,"regime(run>=3, positions diverge) + last A act",21000,1000,code 3..23,-0.3503714503183372,0.9174285714285715,18,-0.9347495970810165,0.026535112249366822,0.02191314444154351,0.031136745135992256,0.01076190476190476,0.007523809523809524,0.01395238095238095,0.010332508063094006,0.005797432546982679,0.014426573211252118,0.008714285714285714,0.005761904761904761,0.011714285714285712
attenuatedxmixed_beta0.0,d,regime + last A + last B act,21000,1000,code 3..23,-0.3388233903366318,0.9248571428571428,72,-0.9347495970810165,0.03808317223107218,0.03334313072940519,0.04298526840931759,0.01819047619047619,0.015570238095238094,0.02081071428571428,0.02188056804479936,0.018470740574451566,0.02515463576901148,0.016142857142857143,0.01385595238095238,0.018666666666666665
costlyxhonest_beta0.0,a,last A act,21000,1000,code 3..23,-0.6940568135794347,0.6692380952380952,5,-1.2322656127442593,,,,,,,,,,,,
costlyxhonest_beta0.0,b,last A + last B act,21000,1000,code 3..23,-0.6474528701890878,0.6785238095238095,24,-1.2322656127442593,0.046603943390346826,0.04113563344305664,0.052133369727368435,0.009285714285714284,0.0077142857142857135,0.010857142857142857,,,,,,
costlyxhonest_beta0.0,c,"regime(run>=3, positions diverge) + last A act",21000,1000,code 3..23,-0.6704528999878651,0.6696190476190477,18,-1.2322656127442593,0.0236039135915696,0.020142840485573046,0.02708964984491686,0.00038095238095238085,-0.0007619047619047618,0.0015238095238095236,-0.023000029798777227,-0.027094676075215835,-0.018762455601274708,-0.008904761904761905,-0.010761904761904762,-0.007141666666666673
costlyxhonest_beta0.0,d,regime + last A + last B act,21000,1000,code 3..23,-0.6468298772311873,0.6788095238095239,62,-1.2322656127442593,0.04722693634824719,0.04183225803815295,0.05270981634046541,0.009571428571428571,0.007666666666666666,0.011428571428571427,0.0006229929579003659,-0.000924825986412069,0.002128970998229681,0.0002857142857142857,-0.0008571428571428571,0.001380952380952381
costlyxattenuated_beta0.0,a,last A act,21000,1000,code 3..23,-0.768874514731125,0.6455238095238095,5,-1.2573240716205867,,,,,,,,,,,,
costlyxattenuated_beta0.0,b,last A + last B act,21000,1000,code 3..23,-0.7184198066547157,0.6559047619047619,25,-1.2573240716205867,0.05045470807640924,0.04474460068256011,0.0557308492301047,0.01038095238095238,0.008428571428571428,0.012285714285714285,,,,,,
costlyxattenuated_beta0.0,c,"regime(run>=3, positions diverge) + last A act",21000,1000,code 3..23,-0.7441090270308824,0.641,18,-1.2573240716205867,0.024765487700242454,0.021308546141036243,0.02792894936303587,-0.004523809523809524,-0.010048809523809524,0.001144047619047613,-0.025689220376166774,-0.03039578009104241,-0.020973910105748353,-0.014904761904761905,-0.020763095238095237,-0.008760714285714292
costlyxattenuated_beta0.0,d,regime + last A + last B act,21000,1000,code 3..23,-0.7187683017439732,0.6520476190476191,76,-1.2573240716205867,0.05010621298715177,0.04388654349317536,0.055773297412596144,0.006523809523809524,0.0016166666666666669,0.011428571428571427,-0.00034849508925747775,-0.00207728038528677,0.0013838705247535945,-0.0038571428571428567,-0.008476190476190474,0.0005714285714285714
costlyxcostly_beta0.0,a,last A act,21000,1000,code 3..23,-0.7117677789148394,0.6626190476190477,5,-1.2423798481942099,,,,,,,,,,,,
costlyxcostly_beta0.0,b,last A + last B act,21000,1000,code 3..23,-0.6680818053114899,0.671047619047619,22,-1.2423798481942099,0.04368597360334962,0.03883034013786249,0.04859524096172734,0.008428571428571428,0.00680952380952381,0.01,,,,,,
costlyxcostly_beta0.0,c,"regime(run>=3, positions diverge) + last A act",21000,1000,code 3..23,-0.7083214500763235,0.6657142857142857,17,-1.2423798481942099,0.0034463288385158763,0.0019918756735789332,0.005053224876604133,0.003095238095238095,-0.0006190476190476189,0.006761904761904761,-0.04023964476483374,-0.045131260658986073,-0.03547957656376821,-0.005333333333333332,-0.00938095238095238,-0.0013809523809523811
costlyxcostly_beta0.0,d,regime + last A + last B act,21000,1000,code 3..23,-0.6700188664925535,0.6706190476190477,56,-1.2423798481942099,0.041748912422285914,0.036839189175307915,0.04673923483200515,0.008,0.006142857142857143,0.009904761904761906,-0.0019370611810637071,-0.003192159130124869,-0.0007649132097312517,-0.00042857142857142855,-0.001380952380952381,0.0005238095238095237
costlyxmixed_beta0.0,a,last A act,21000,1000,code 3..23,-0.7410254731001978,0.6548571428571428,5,-1.2488186684979838,,,,,,,,,,,,
costlyxmixed_beta0.0,b,last A + last B act,21000,1000,code 3..23,-0.6926533982002919,0.6632857142857143,24,-1.2488186684979838,0.04837207489990592,0.043097363786360414,0.053807509718303004,0.008428571428571428,0.006619047619047619,0.010142857142857143,,,,,,
costlyxmixed_beta0.0,c,"regime(run>=3, positions diverge) + last A act",21000,1000,code 3..23,-0.7246357362832637,0.6541904761904762,18,-1.2488186684979838,0.01638973681693418,0.013619789915587554,0.019057376473915796,-0.0006666666666666668,-0.004763095238095237,0.0035714285714285713,-0.03198233808297175,-0.036697699298162384,-0.02736527468506384,-0.009095238095238095,-0.013523809523809521,-0.004619047619047619
costlyxmixed_beta0.0,d,regime + last A + last B act,21000,1000,code 3..23,-0.6921432997816401,0.6604285714285715,67,-1.2488186684979838,0.048882173318557695,0.04372609894139078,0.054370924899936834,0.005571428571428571,0.0027607142857142856,0.008333333333333331,0.0005100984186517759,-0.0009135232901092286,0.001937865117594187,-0.0028571428571428567,-0.00538095238095238,-0.00028571428571428574
mixedxhonest_beta0.0,a,last A act,21000,1000,code 3..23,-0.7893168949716751,0.6873809523809524,5,-1.2965810397335844,,,,,,,,,,,,
mixedxhonest_beta0.0,b,last A + last B act,21000,1000,code 3..23,-0.7464984132339,0.6971428571428572,25,-1.2965810397335844,0.04281848173777505,0.03787591588829618,0.04800579666940077,0.009761904761904762,0.007713095238095238,0.011904761904761906,,,,,,
mixedxhonest_beta0.0,c,"regime(run>=3, positions diverge) + last A act",21000,1000,code 3..23,-0.7607587229409076,0.6967619047619048,18,-1.2965810397335844,0.0285581720307673,0.02209845924458738,0.035227875424377254,0.00938095238095238,0.006333333333333333,0.012715476190476182,-0.014260309707007729,-0.020167131998921936,-0.00831672839653564,-0.00038095238095238085,-0.004142857142857143,0.0035238095238095232
mixedxhonest_beta0.0,d,regime + last A + last B act,21000,1000,code 3..23,-0.7308281862924175,0.707047619047619,64,-1.2965810397335844,0.058488708679257484,0.052046728383816285,0.06526478566795173,0.019666666666666666,0.01609404761904762,0.023619047619047612,0.015670226941482436,0.011895631591161339,0.01939841920500371,0.009904761904761904,0.006857142857142856,0.013333333333333332
mixedxattenuated_beta0.0,a,last A act,21000,1000,code 3..23,-0.8478773315560878,0.6640952380952381,5,-1.3192336799863718,,,,,,,,,,,,
mixedxattenuated_beta0.0,b,last A + last B act,21000,1000,code 3..23,-0.8118691421954004,0.6744761904761905,25,-1.3192336799863718,0.03600818936068714,0.03127567425275595,0.040673440022348135,0.01038095238095238,0.007999999999999998,0.01281071428571428,,,,,,
mixedxattenuated_beta0.0,c,"regime(run>=3, positions diverge) + last A act",21000,1000,code 3..23,-0.8180342376167288,0.6755238095238095,18,-1.3192336799863718,0.029843093939358873,0.023785458002462272,0.03599045784831445,0.011428571428571427,0.008142857142857143,0.015096428571428564,-0.006165095421328258,-0.012266628159433014,-0.00022350467965450698,0.0010476190476190474,-0.003,0.0054285714285714284
mixedxattenuated_beta0.0,d,regime + last A + last B act,21000,1000,code 3..23,-0.7879951239802242,0.6876666666666666,76,-1.3192336799863718,0.059882207575863336,0.053945861649636356,0.06602998309355343,0.02357142857142857,0.019474999999999996,0.027905952380952375,0.023874018215176197,0.020062847495880103,0.027769699896179133,0.01319047619047619,0.009808333333333332,0.016809523809523805
mixedxcostly_beta0.0,a,last A act,21000,1000,code 3..23,-0.807423322486878,0.6801904761904762,5,-1.3065847047261498,,,,,,,,,,,,
mixedxcostly_beta0.0,b,last A + last B act,21000,1000,code 3..23,-0.7668997397084971,0.6893333333333334,23,-1.3065847047261498,0.0405235827783809,0.0359999208526485,0.045506303536840424,0.009142857142857142,0.007047619047619047,0.011333333333333332,,,,,,
mixedxcostly_beta0.0,c,"regime(run>=3, positions diverge) + last A act",21000,1000,code 3..23,-0.7847262052891428,0.6897142857142857,18,-1.3065847047261498,0.0226971171977352,0.018894387074498167,0.02659238102193941,0.009523809523809521,0.0064761904761904765,0.012666666666666665,-0.017826465580645687,-0.023242801538632687,-0.012429029527548107,0.0003809523809523806,-0.003095238095238095,0.004048809523809517
mixedxcostly_beta0.0,d,regime + last A + last B act,21000,1000,code 3..23,-0.7496826061092019,0.6987619047619048,63,-1.3065847047261498,0.05774071637767618,0.05152962983463444,0.06425346557231908,0.01857142857142857,0.014809523809523809,0.022476190476190476,0.017217133599295283,0.013474799349171541,0.020924414980994097,0.009428571428571427,0.006238095238095237,0.012857142857142853
mixedxmixed_beta0.0,a,last A act,21000,1000,code 3..23,-0.8385986789660004,0.669952380952381,5,-1.3146368767755408,,,,,,,,,,,,
mixedxmixed_beta0.0,b,last A + last B act,21000,1000,code 3..23,-0.7996449967445698,0.6803333333333333,25,-1.3146368767755408,0.03895368222143053,0.034123844121704036,0.04411392378564866,0.01038095238095238,0.008142857142857143,0.012523809523809522,,,,,,
mixedxmixed_beta0.0,c,"regime(run>=3, positions diverge) + last A act",21000,1000,code 3..23,-0.8119211872346422,0.6803333333333333,18,-1.3146368767755408,0.026677491731358107,0.02044756769236577,0.03286289379877199,0.010380952380952381,0.007142857142857143,0.01400119047619047,-0.012276190490072433,-0.018830396113012668,-0.005535002723627338,-5.551115123125783e-20,-0.0037142857142857134,0.004144047619047612
mixedxmixed_beta0.0,d,regime + last A + last B act,21000,1000,code 3..23,-0.780259089941619,0.6899047619047619,70,-1.3146368767755408,0.05833958902438145,0.051727522920995986,0.06569075133431984,0.01995238095238095,0.01614285714285714,0.024047619047619043,0.01938590680295092,0.015499916635151193,0.023433094518467,0.00957142857142857,0.006285714285714285,0.013142857142857142
honestxhonest_beta1.5,a,last A act,21000,1000,code 3..23,-0.25944015737089265,0.9428571428571428,5,-0.8694434742119024,,,,,,,,,,,,
honestxhonest_beta1.5,b,last A + last B act,21000,1000,code 3..23,-0.23951607691024054,0.9504761904761905,25,-0.8694434742119024,0.01992408046065214,0.015905456832289236,0.02381754232092203,0.007619047619047619,0.006236904761904761,0.009047619047619047,,,,,,
honestxhonest_beta1.5,c,"regime(run>=3, positions diverge) + last A act",21000,1000,code 3..23,-0.24687170534896652,0.9443809523809524,18,-0.8694434742119024,0.012568452021926184,0.00812628657194299,0.017059735435633838,0.0015238095238095236,0.0003333333333333333,0.0027142857142857142,-0.0073556284387259595,-0.010639701983563168,-0.003909877398178357,-0.0060952380952380945,-0.007857142857142856,-0.00438095238095238
honestxhonest_beta1.5,d,regime + last A + last B act,21000,1000,code 3..23,-0.2343298867103556,0.9514761904761905,55,-0.8694434742119024,0.025110270660537146,0.020807807897459684,0.02953743110817161,0.008619047619047618,0.006761904761904761,0.010523809523809524,0.005186190199885001,0.0032526612884699207,0.007354962191652601,0.0009999999999999998,-9.523809523809523e-05,0.00219047619047619
honestxattenuated_beta1.5,a,last A act,21000,1000,code 3..23,-0.33308986183809464,0.9215714285714286,5,-0.914433338023103,,,,,,,,,,,,
honestxattenuated_beta1.5,b,last A + last B act,21000,1000,code 3..23,-0.3094787437744347,0.9285714285714286,25,-0.914433338023103,0.02361111806365995,0.019848905463565256,0.02751802450890564,0.006999999999999999,0.00566547619047619,0.008476190476190474,,,,,,
honestxattenuated_beta1.5,c,"regime(run>=3, positions diverge) + last A act",21000,1000,code 3..23,-0.309339807243795,0.9270952380952381,18,-0.914433338023103,0.023750054594299633,0.019107084138737615,0.028467015483044047,0.005523809523809524,0.003714285714285714,0.007476190476190476,0.00013893653063969257,-0.003414347689830436,0.0036989439624894923,-0.0014761904761904762,-0.0036678571428571433,0.0008583333333333268
honestxattenuated_beta1.5,d,regime + last A + last B act,21000,1000,code 3..23,-0.298126232709888,0.9328571428571428,67,-0.914433338023103,0.03496362912820668,0.030591199271210276,0.039500407290724356,0.011285714285714284,0.009141666666666666,0.013620238095238088,0.011352511064546721,0.00898927497508579,0.014079346201503827,0.004285714285714286,0.0025714285714285713,0.006286904761904755
honestxcostly_beta1.5,a,last A act,21000,1000,code 3..23,-0.27282880843988133,0.939047619047619,5,-0.8770123176750044,,,,,,,,,,,,
honestxcostly_beta1.5,b,last A + last B act,21000,1000,code 3..23,-0.25285995913615184,0.947,22,-0.8770123176750044,0.019968849303729407,0.016379072771144636,0.02375345429279236,0.007952380952380952,0.006571428571428571,0.009428571428571427,,,,,,
honestxcostly_beta1.5,c,"regime(run>=3, positions diverge) + last A act",21000,1000,code 3..23,-0.25522025044238594,0.9460952380952381,17,-0.8770123176750044,0.017608557997495358,0.01429068141189658,0.021114391570874,0.007047619047619047,0.005285714285714286,0.00881071428571428,-0.0023602913062340494,-0.006014249349721595,0.00135144822017985,-0.0009047619047619047,-0.002333333333333333,0.0004761904761904761
honestxcostly_beta1.5,d,regime + last A + last B act,21000,1000,code 3..23,-0.24431866353841378,0.9495714285714286,57,-0.8770123176750044,0.02851014490146747,0.024166595913276842,0.03310297634661184,0.010523809523809522,0.00857142857142857,0.012666666666666666,0.008541295597738066,0.006494743932605081,0.010832001116033453,0.0025714285714285713,0.001238095238095238,0.003999999999999999
honestxmixed_beta1.5,a,last A act,21000,1000,code 3..23,-0.2964273095199455,0.9321904761904762,5,-0.8930815396077335,,,,,,,,,,,,
honestxmixed_beta1.5,b,last A + last B act,21000,1000,code 3..23,-0.2742338047958663,0.9399047619047619,24,-0.8930815396077335,0.022193504724079223,0.018421703237241162,0.025971438888937822,0.0077142857142857135,0.006285714285714285,0.009238095238095238,,,,,,
honestxmixed_beta1.5,c,"regime(run>=3, positions diverge) + last A act",21000,1000,code 3..23,-0.2786876597973852,0.936952380952381,18,-0.8930815396077335,0.01773964972256036,0.013969215537566155,0.021745572697272043,0.004761904761904761,0.003095238095238095,0.006572619047619041,-0.004453855001518869,-0.008195954404883393,-0.0003383029796264803,-0.002952380952380952,-0.004904761904761904,-0.0010464285714285777
honestxmixed_beta1.5,d,regime + last A + last B act,21000,1000,code 3..23,-0.26655066369232006,0.9423809523809524,63,-0.8930815396077335,0.029876645827625458,0.02561559980580695,0.0344570577241221,0.010190476190476189,0.008238095238095237,0.012428571428571428,0.007683141103546236,0.005497949724300654,0.009895705645969408,0.002476190476190476,0.0011416666666666667,0.004
attenuatedxhonest_beta1.5,a,last A act,21000,1000,code 3..23,-0.32789334017981386,0.9192857142857143,5,-0.9059796306906029,,,,,,,,,,,,
attenuatedxhonest_beta1.5,b,last A + last B act,21000,1000,code 3..23,-0.3120592020997385,0.9276190476190476,25,-0.9059796306906029,0.015834138080075354,0.01290008061676958,0.018853418821290855,0.008333333333333331,0.004427380952380953,0.011904761904761904,,,,,,
attenuatedxhonest_beta1.5,c,"regime(run>=3, positions diverge) + last A act",21000,1000,code 3..23,-0.3097740184533752,0.927,18,-0.9059796306906029,0.018119321726438608,0.013905140370712426,0.02214789840903189,0.0077142857142857135,0.0044761904761904765,0.011047619047619047,0.002285183646363262,-0.0013204695335005763,0.00575024077117748,-0.0006190476190476191,-0.003667857142857143,0.002429761904761898
attenuatedxhonest_beta1.5,d,regime + last A + last B act,21000,1000,code 3..23,-0.2920495860826436,0.9392857142857143,65,-0.9059796306906029,0.035843754097170194,0.031956138883379295,0.03983421219204498,0.02,0.017474999999999997,0.02257142857142857,0.020009616017094847,0.017037972652099085,0.022920521026648877,0.011666666666666665,0.009284523809523808,0.014477380952380943
attenuatedxattenuated_beta1.5,a,last A act,21000,1000,code 3..23,-0.3832405167176067,0.9037619047619048,5,-0.9372362747733166,,,,,,,,,,,,
attenuatedxattenuated_beta1.5,b,last A + last B act,21000,1000,code 3..23,-0.3684019938914789,0.9051904761904762,25,-0.9372362747733166,0.014838522826127744,0.011941931512932949,0.017656528385515513,0.0014285714285714284,-0.0004761904761904762,0.003285714285714285,,,,,,
attenuatedxattenuated_beta1.5,c,"regime(run>=3, positions diverge) + last A act",21000,1000,code 3..23,-0.3545164722524799,0.9163333333333333,18,-0.9372362747733166,0.028724044465126716,0.02380122486617705,0.03334144288365343,0.01257142857142857,0.008952380952380953,0.015857142857142854,0.013885521638998982,0.010556272211985131,0.017030685406885866,0.011142857142857142,0.00780952380952381,0.01419166666666666
attenuatedxattenuated_beta1.5,d,regime + last A + last B act,21000,1000,code 3..23,-0.3441560966642195,0.9240952380952381,69,-0.9372362747733166,0.03908442005338719,0.0343451958356459,0.04382023024138662,0.02033333333333333,0.017476190476190475,0.02319047619047619,0.024245897227259446,0.020897971204757976,0.027482988218622956,0.018904761904761903,0.016428571428571428,0.02142857142857143
attenuatedxcostly_beta1.5,a,last A act,21000,1000,code 3..23,-0.33271819917489087,0.9177619047619048,5,-0.910641783005253,,,,,,,,,,,,
attenuatedxcostly_beta1.5,b,last A + last B act,21000,1000,code 3..23,-0.31943665101023416,0.9254285714285714,22,-0.910641783005253,0.013281548164656645,0.010746072319039587,0.015715600218914015,0.007666666666666665,0.0037607142857142848,0.011380952380952379,,,,,,
attenuatedxcostly_beta1.5,c,"regime(run>=3, positions diverge) + last A act",21000,1000,code 3..23,-0.30922510991930824,0.9346190476190476,18,-0.910641783005253,0.023493089255582536,0.019917210753849526,0.026983893666939283,0.016857142857142855,0.013904761904761904,0.01980952380952381,0.010211541090925891,0.005884196302908026,0.014714377610611562,0.00919047619047619,0.0063809523809523795,0.012238095238095237
attenuatedxcostly_beta1.5,d,regime + last A + last B act,21000,1000,code 3..23,-0.2985856730977195,0.9367619047619048,67,-0.910641783005253,0.034132526077171293,0.02988076203717248,0.038533560819745134,0.019,0.016474999999999997,0.021666666666666664,0.02085097791251465,0.01731551371297902,0.024676135677013496,0.011333333333333332,0.00880952380952381,0.014096428571428564
attenuatedxmixed_beta1.5,a,last A act,21000,1000,code 3..23,-0.34905893730879145,0.9133333333333333,5,-0.9194456663869077,,,,,,,,,,,,
attenuatedxmixed_beta1.5,b,last A + last B act,21000,1000,code 3..23,-0.3361976610051214,0.9174761904761904,25,-0.9194456663869077,0.012861276303670075,0.010172120756976422,0.015501269727905767,0.004142857142857143,0.001380952380952381,0.006715476190476183,,,,,,
attenuatedxmixed_beta1.5,c,"regime(run>=3, positions diverge) + last A act",21000,1000,code 3..23,-0.3246637366601337,0.9255714285714286,18,-0.9194456663869077,0.024395200648657762,0.020047241288880125,0.029023019577403397,0.012238095238095237,0.009046428571428572,0.015285714285714284,0.011533924344987696,0.006864906342875074,0.016019622737040752,0.008095238095238095,0.005476190476190476,0.010809523809523809
attenuatedxmixed_beta1.5,d,regime + last A + last B act,21000,1000,code 3..23,-0.3149945556627672,0.9332857142857143,73,-0.9194456663869077,0.034064381646024204,0.029849510038921216,0.03838573368914224,0.01995238095238095,0.017285714285714286,0.02261904761904762,0.021203105342354128,0.017883502644495092,0.024543490470880273,0.015809523809523808,0.01361904761904762,0.01823928571428571
costlyxhonest_beta1.5,a,last A act,21000,1000,code 3..23,-0.7118034214440636,0.664,5,-1.236501322121265,,,,,,,,,,,,
costlyxhonest_beta1.5,b,last A + last B act,21000,1000,code 3..23,-0.665226976108719,0.6725714285714286,25,-1.236501322121265,0.04657644533534483,0.0403880692543823,0.05249298841537282,0.008571428571428572,0.006952380952380952,0.010191666666666658,,,,,,
costlyxhonest_beta1.5,c,"regime(run>=3, positions diverge) + last A act",21000,1000,code 3..23,-0.6833626793317604,0.6634761904761904,18,-1.236501322121265,0.028440742112303262,0.02455470219348039,0.03224153970365374,-0.0005238095238095238,-0.003333333333333333,0.0019059523809523745,-0.01813570322304158,-0.0226040633783343,-0.013581027182488005,-0.009095238095238095,-0.011904761904761906,-0.006380952380952381
costlyxhonest_beta1.5,d,regime + last A + last B act,21000,1000,code 3..23,-0.6639063215330342,0.671047619047619,63,-1.236501322121265,0.04789709991102954,0.04125471885837809,0.05417372701142448,0.007047619047619047,0.003952380952380952,0.010095238095238095,0.0013206545756847105,-0.00040893378867883843,0.0030507282438327183,-0.0015238095238095236,-0.00419047619047619,0.000952380952380952
costlyxattenuated_beta1.5,a,last A act,21000,1000,code 3..23,-0.7764459279291063,0.6423333333333333,5,-1.2588889522155087,,,,,,,,,,,,
costlyxattenuated_beta1.5,b,last A + last B act,21000,1000,code 3..23,-0.7272966100539459,0.6518571428571428,25,-1.2588889522155087,0.04914931787516037,0.04331391025385811,0.054860562001160094,0.009523809523809521,0.007761904761904761,0.011333333333333332,,,,,,
costlyxattenuated_beta1.5,c,"regime(run>=3, positions diverge) + last A act",21000,1000,code 3..23,-0.7489257652436,0.6427619047619048,18,-1.2588889522155087,0.027520162685506368,0.023836672321356767,0.03101674519437025,0.00042857142857142855,-0.0016666666666666666,0.0024285714285714284,-0.021629155189654015,-0.026240548400514537,-0.017065640900832423,-0.009095238095238094,-0.011666666666666665,-0.006571428571428571
costlyxattenuated_beta1.5,d,regime + last A + last B act,21000,1000,code 3..23,-0.7269784599758693,0.65,76,-1.2588889522155087,0.049467467953237004,0.04362355164363813,0.0553194181360743,0.007666666666666666,0.004952380952380953,0.010142857142857143,0.00031815007807663056,-0.0014483764399939336,0.002087470692874366,-0.001857142857142857,-0.003714285714285714,-4.7619047619047675e-05
costlyxcostly_beta1.5,a,last A act,21000,1000,code 3..23,-0.7296852655237933,0.6568095238095238,5,-1.2463102855859278,,,,,,,,,,,,
costlyxcostly_beta1.5,b,last A + last B act,21000,1000,code 3..23,-0.6854749567154206,0.663952380952381,22,-1.2463102855859278,0.04421030880837278,0.03967447112835961,0.04916384421298744,0.007142857142857143,0.005619047619047619,0.008666666666666666,,,,,,
costlyxcostly_beta1.5,c,"regime(run>=3, positions diverge) + last A act",21000,1000,code 3..23,-0.7267189968858702,0.6558571428571428,16,-1.2463102855859278,0.0029662686379231334,0.0016053224203056466,0.004519082121834698,-0.0009523809523809524,-0.0017142857142857142,-0.0002380952380952381,-0.04124404017044964,-0.04612676193100603,-0.036715526026314546,-0.008095238095238095,-0.009761904761904762,-0.006285714285714286
costlyxcostly_beta1.5,d,regime + last A + last B act,21000,1000,code 3..23,-0.686693706304621,0.663,57,-1.2463102855859278,0.04299155921917233,0.03813163499249281,0.04804648818775785,0.00619047619047619,0.0044761904761904765,0.007904761904761904,-0.0012187495892004357,-0.0026125693482914277,0.00029811027055758597,-0.0009523809523809524,-0.0019999999999999996,0.0
costlyxmixed_beta1.5,a,last A act,21000,1000,code 3..23,-0.7389279730185188,0.6568095238095238,5,-1.2422084657998278,,,,,,,,,,,,
costlyxmixed_beta1.5,b,last A + last B act,21000,1000,code 3..23,-0.6939165642806043,0.6649047619047619,24,-1.2422084657998278,0.04501140873791447,0.039828139396580274,0.05013500150697004,0.008095238095238095,0.006571428571428571,0.009763095238095232,,,,,,
costlyxmixed_beta1.5,c,"regime(run>=3, positions diverge) + last A act",21000,1000,code 3..23,-0.7209021983193343,0.656,17,-1.2422084657998278,0.01802577469918436,0.015129292212664382,0.020844794258992053,-0.0008095238095238096,-0.0026190476190476185,0.0009047619047619046,-0.02698563403873011,-0.0314923575172216,-0.022787707842082113,-0.008904761904761905,-0.011191666666666666,-0.006619047619047619
costlyxmixed_beta1.5,d,regime + last A + last B act,21000,1000,code 3..23,-0.6935169247188964,0.664047619047619,65,-1.2422084657998278,0.04541104829962242,0.04023802639289179,0.05076862733816352,0.007238095238095238,0.004808333333333334,0.009667857142857136,0.00039963956170795513,-0.0010009544027890116,0.0018262820385022208,-0.000857142857142857,-0.002763095238095238,0.0009999999999999998
mixedxhonest_beta1.5,a,last A act,21000,1000,code 3..23,-0.7911755766644857,0.6898095238095238,5,-1.2902141042449002,,,,,,,,,,,,
mixedxhonest_beta1.5,b,last A + last B act,21000,1000,code 3..23,-0.7472471768615019,0.6997142857142857,24,-1.2902141042449002,0.04392839980298391,0.038809271392791146,0.04936918438412955,0.009904761904761904,0.007904761904761904,0.012,,,,,,
mixedxhonest_beta1.5,c,"regime(run>=3, positions diverge) + last A act",21000,1000,code 3..23,-0.7590240519393437,0.6983333333333334,17,-1.2902141042449002,0.032151524725141926,0.02521586727485093,0.0397118882026276,0.008523809523809524,0.0054761904761904765,0.01176190476190476,-0.011776875077841994,-0.017793797576135636,-0.005716165907618369,-0.001380952380952381,-0.005142857142857143,0.0024761904761904764
mixedxhonest_beta1.5,d,regime + last A + last B act,21000,1000,code 3..23,-0.7301619610676988,0.7082380952380952,64,-1.2902141042449002,0.061013615596786905,0.0537244090295673,0.0685812620391645,0.018428571428571423,0.014761904761904763,0.022144047619047612,0.017085215793802982,0.013199705903271035,0.021225998798885537,0.008523809523809524,0.005428571428571428,0.011714285714285714
mixedxattenuated_beta1.5,a,last A act,21000,1000,code 3..23,-0.8433016670171679,0.6680952380952381,5,-1.3126261426794572,,,,,,,,,,,,
mixedxattenuated_beta1.5,b,last A + last B act,21000,1000,code 3..23,-0.8093726892817197,0.6782380952380952,25,-1.3126261426794572,0.033928977735448215,0.029014796547622117,0.03870191904175031,0.010142857142857143,0.007666666666666666,0.012619047619047618,,,,,,
mixedxattenuated_beta1.5,c,"regime(run>=3, positions diverge) + last A act",21000,1000,code 3..23,-0.8106487843717115,0.6786666666666666,18,-1.3126261426794572,0.03265288264545633,0.02587547186296347,0.03942438306822393,0.01057142857142857,0.007285714285714285,0.014239285714285706,-0.00127609508999188,-0.0076653448838612265,0.005278999719888683,0.0004285714285714286,-0.0037630952380952386,0.0050952380952380945
mixedxattenuated_beta1.5,d,regime + last A + last B act,21000,1000,code 3..23,-0.7839396990361814,0.6888095238095238,77,-1.3126261426794572,0.05936196798098649,0.05295929414465866,0.06601300822869818,0.020714285714285716,0.01657142857142857,0.025095238095238094,0.025432990245538262,0.021553039590372695,0.029554259979067434,0.010571428571428572,0.00719047619047619,0.014285714285714285
mixedxcostly_beta1.5,a,last A act,21000,1000,code 3..23,-0.8082541020479898,0.6838571428571428,5,-1.2975307657866886,,,,,,,,,,,,
mixedxcostly_beta1.5,b,last A + last B act,21000,1000,code 3..23,-0.7684910472054414,0.6935714285714286,23,-1.2975307657866886,0.039763054842548454,0.03510238142435637,0.04470130897697528,0.009714285714285713,0.007666666666666666,0.011857142857142856,,,,,,
mixedxcostly_beta1.5,c,"regime(run>=3, positions diverge) + last A act",21000,1000,code 3..23,-0.7835919760177597,0.6940952380952381,18,-1.2975307657866886,0.024662126030230304,0.02075544376241324,0.02885351839068581,0.010238095238095237,0.00719047619047619,0.01357142857142857,-0.015100928812318148,-0.020603463964071703,-0.009989505632979106,0.0005238095238095237,-0.002666666666666666,0.0039047619047619044
mixedxcostly_beta1.5,d,regime + last A + last B act,21000,1000,code 3..23,-0.748325066413001,0.7000952380952381,64,-1.2975307657866886,0.05992903563498889,0.053271966755622985,0.0668642355879828,0.01623809523809524,0.012714285714285713,0.020047619047619047,0.020165980792440436,0.016410652591062863,0.02423155160833624,0.006523809523809524,0.003713095238095237,0.009571428571428571
mixedxmixed_beta1.5,a,last A act,21000,1000,code 3..23,-0.8313694609062804,0.6747142857142857,5,-1.3060539635151944,,,,,,,,,,,,
mixedxmixed_beta1.5,b,last A + last B act,21000,1000,code 3..23,-0.7938994265660745,0.6837142857142857,24,-1.3060539635151944,0.037470034340205974,0.03279925164882637,0.04222351554075895,0.009,0.006809523809523809,0.011238095238095238,,,,,,
mixedxmixed_beta1.5,c,"regime(run>=3, positions diverge) + last A act",21000,1000,code 3..23,-0.8020821718876726,0.6840952380952381,18,-1.3060539635151944,0.029287289018607866,0.02277835233591351,0.03612789199511998,0.009380952380952382,0.00619047619047619,0.012857142857142853,-0.008182745321598123,-0.014475408280778873,-0.0015856841574271713,0.000380952380952381,-0.00338095238095238,0.0043809523809523795
mixedxmixed_beta1.5,d,regime + last A + last B act,21000,1000,code 3..23,-0.771941245568643,0.6925714285714286,68,-1.3060539635151944,0.059428215337637494,0.0526314918850161,0.06656900874018891,0.017857142857142853,0.013713095238095238,0.02195238095238095,0.021958180997431513,0.017868453672041127,0.026101616806741123,0.008857142857142855,0.005666666666666666,0.012428571428571428
pooled16_beta1.5,a,last A act,336000,1000,code 3..23,-0.6186770019915498,0.7770535714285715,5,-1.2380007628683287,,,,,,,,,,,,
pooled16_beta1.5,b,last A + last B act,336000,1000,code 3..23,-0.5877715966213554,0.7858839285714285,25,-1.2380007628683287,0.030905405370194584,0.028197512666056766,0.03367971872004937,0.008830357142857142,0.007529538690476191,0.010134523809523807,,,,,,
pooled16_beta1.5,c,"regime(run>=3, positions diverge) + last A act",336000,1000,code 3..23,-0.5881769257110836,0.7924642857142857,18,-1.2380007628683287,0.030500076280466262,0.0276088905886133,0.033481467434231214,0.015410714285714285,0.013440401785714285,0.017345312499999998,-0.0004053290897283024,-0.0035873694516513283,0.00283706982693793,0.006580357142857142,0.00415453869047619,0.00909583333333333
pooled16_beta1.5,d,regime + last A + last B act,336000,1000,code 3..23,-0.5615070573300038,0.801157738095238,77,-1.2380007628683287,0.05716994466154595,0.053669912277741365,0.06096385915267343,0.024104166666666663,0.02189248511904762,0.026288839285714283,0.02626453929135139,0.024131186498872206,0.028516765600888335,0.015273809523809525,0.01330580357142857,0.01722046130952381
pooled16_beta0.0,a,last A act,336000,1000,code 3..23,-0.6240870527996686,0.7754851190476191,5,-1.2407514178340062,,,,,,,,,,,,
pooled16_beta0.0,b,last A + last B act,336000,1000,code 3..23,-0.5913049242282936,0.7848273809523809,25,-1.2407514178340062,0.03278212857137508,0.029940498177437085,0.0357552879948245,0.009342261904761905,0.008011904761904763,0.010717485119047618,,,,,,
pooled16_beta0.0,c,"regime(run>=3, positions diverge) + last A act",336000,1000,code 3..23,-0.59439063017321,0.7893035714285714,18,-1.2407514178340062,0.029696422626458555,0.026820272021713262,0.03278364331880823,0.013818452380952381,0.011836086309523807,0.015699479166666665,-0.0030857059449165046,-0.006270383719009101,8.516963344041424e-05,0.004476190476190476,0.0018988095238095235,0.0069494791666666654
pooled16_beta0.0,d,regime + last A + last B act,336000,1000,code 3..23,-0.5663028908101304,0.7989880952380952,77,-1.2407514178340062,0.05778416198953824,0.05417689263693714,0.06155472203270608,0.02350297619047619,0.021354166666666664,0.025532812499999998,0.02500203341816318,0.02287375264185737,0.027106805972970643,0.014160714285714285,0.012208258928571428,0.016065550595238093
