A,B,nonc_mutual_bothown,nonc_mutual_all,hidden_shift,belief_gap,A_p_truth,U_final
honest,honest,0.441,0.127,0.066,0.34,0.72,0.254
honest,attenuated,0.649,0.194,0.074,0.399,0.662,0.556
honest,costly,0.702,0.532,0.162,0.271,0.71,0.617
honest,mixed,0.668,0.389,0.105,0.345,0.703,0.565
attenuated,honest,0.71,0.208,0.085,0.413,0.615,0.592
attenuated,attenuated,0.972,0.284,0.059,0.607,0.608,0.96
attenuated,costly,0.983,0.61,0.19,0.351,0.613,0.968
attenuated,mixed,0.973,0.472,0.12,0.473,0.614,0.947
costly,honest,0.731,0.57,0.172,0.293,0.75,0.615
costly,attenuated,0.988,0.629,0.192,0.352,0.692,0.982
costly,costly,0.996,0.98,0.266,0.222,0.743,0.984
costly,mixed,0.988,0.833,0.216,0.299,0.734,0.969
mixed,honest,0.717,0.416,0.118,0.358,0.702,0.58
mixed,attenuated,0.981,0.485,0.124,0.469,0.672,0.954
mixed,costly,0.991,0.825,0.218,0.29,0.695,0.96
mixed,mixed,0.982,0.683,0.161,0.383,0.691,0.942
