contrast,metric,n,mean,lo,hi
gamma minus reference beta=0,p_truth,2000,-0.035557008704180236,-0.041904779936083617,-0.02920923747227686
gamma minus reference beta=0,evidence_count,2000,-1.22,-1.2753747384718919,-1.164625261528108
gamma minus reference beta=0,final_gap,2000,0.030964662957283104,0.026012333379914623,0.03591699253465158
gamma minus reference beta=0,public_disagreement,2000,0.032,0.01863296444158953,0.04536703555841047
gamma minus reference beta=1,p_truth,2000,-0.04699718385564328,-0.05394700848536225,-0.04004735922592432
gamma minus reference beta=1,evidence_count,2000,-1.487,-1.5456810933790441,-1.428318906620956
gamma minus reference beta=1,final_gap,2000,0.03757677840419078,0.03245170210801957,0.042701854700361995
gamma minus reference beta=1,public_disagreement,2000,0.031,0.01727383830207881,0.04472616169792119
cost minus reference beta=1,p_truth,2000,0.02128380106862266,0.014677162534290883,0.02789043960295444
cost minus reference beta=1,evidence_count,2000,1.265,1.1856089218384973,1.3443910781615025
cost minus reference beta=1,final_gap,2000,-0.03177531712304077,-0.03668073294801347,-0.026869901298068072
cost minus reference beta=1,public_disagreement,2000,0.702,0.6815226823761379,0.722477317623862
