contrast,split,metric,n,mean,lo,hi
access_protection__access_protection__beta1.0 minus reference__reference__beta1.0,all,p_truth,2000,-0.04699718385564328,-0.05394700848536225,-0.04004735922592432
access_protection__access_protection__beta1.0 minus reference__reference__beta1.0,all,learning_gain,2000,-0.04699718385564328,-0.05394700848536225,-0.04004735922592432
access_protection__access_protection__beta1.0 minus reference__reference__beta1.0,all,evidence_count,2000,-1.487,-1.5456810933790441,-1.428318906620956
access_protection__access_protection__beta1.0 minus reference__reference__beta1.0,all,final_gap,2000,0.03757677840419078,0.03245170210801957,0.042701854700361995
access_protection__access_protection__beta1.0 minus reference__reference__beta1.0,all,mean_abs_belief_change,2000,-0.032659370429915534,-0.03700528446441644,-0.028313456395414625
access_protection__access_protection__beta1.0 minus reference__reference__beta1.0,all,restriction_rate,2000,0.13475,0.1309936175441554,0.13850638245584462
access_protection__access_protection__beta1.0 minus reference__reference__beta1.0,all,late_non_switch,2000,-0.00475,-0.008512931606758029,-0.0009870683932419705
access_protection__access_protection__beta1.0 minus reference__reference__beta1.0,all,public_disagreement,2000,0.031,0.01727383830207881,0.04472616169792119
access_protection__access_protection__beta1.0 minus reference__reference__beta1.0,all,reassure_rate,2000,0.0038125,0.0023986668825787963,0.0052263331174212035
access_protection__access_protection__beta1.0 minus reference__reference__beta1.0,both_own,p_truth,816,-0.07972916967867066,-0.09319915533016664,-0.06625918402717469
access_protection__access_protection__beta1.0 minus reference__reference__beta1.0,both_own,learning_gain,816,-0.07972916967867066,-0.09319915533016664,-0.06625918402717469
access_protection__access_protection__beta1.0 minus reference__reference__beta1.0,both_own,evidence_count,816,-1.7830882352941178,-1.8803191427566237,-1.6858573278316118
access_protection__access_protection__beta1.0 minus reference__reference__beta1.0,both_own,final_gap,816,0.06166244874427852,0.05103520230675267,0.07228969518180438
access_protection__access_protection__beta1.0 minus reference__reference__beta1.0,both_own,mean_abs_belief_change,816,-0.054790683264387754,-0.0630740440766026,-0.046507322452172914
access_protection__access_protection__beta1.0 minus reference__reference__beta1.0,both_own,restriction_rate,816,0.14759497549019607,0.14108468056878218,0.15410527041160996
access_protection__access_protection__beta1.0 minus reference__reference__beta1.0,both_own,late_non_switch,816,-0.014705882352941176,-0.022032327758450994,-0.007379436947431357
access_protection__access_protection__beta1.0 minus reference__reference__beta1.0,both_own,public_disagreement,816,0.07107843137254902,0.04126447034968623,0.10089239239541181
access_protection__access_protection__beta1.0 minus reference__reference__beta1.0,both_own,reassure_rate,816,0.0078125,0.005053903479235306,0.010571096520764694
access_protection__access_protection__no_gate minus access_protection__access_protection__beta1.0,all,p_truth,2000,0.07773866805966594,0.06977251487696652,0.08570482124236535
access_protection__access_protection__no_gate minus access_protection__access_protection__beta1.0,all,learning_gain,2000,0.07773866805966594,0.06977251487696652,0.08570482124236535
access_protection__access_protection__no_gate minus access_protection__access_protection__beta1.0,all,evidence_count,2000,3.5325,3.4564827199353054,3.608517280064695
access_protection__access_protection__no_gate minus access_protection__access_protection__beta1.0,all,final_gap,2000,-0.06516500037421971,-0.0711638490703628,-0.059166151678076616
access_protection__access_protection__no_gate minus access_protection__access_protection__beta1.0,all,mean_abs_belief_change,2000,0.055819013367129446,0.050807818823884826,0.060830207910374065
access_protection__access_protection__no_gate minus access_protection__access_protection__beta1.0,all,restriction_rate,2000,-0.08521875,-0.08910450516416264,-0.08133299483583735
access_protection__access_protection__no_gate minus access_protection__access_protection__beta1.0,all,late_non_switch,2000,-0.0016875,-0.006140330596602123,0.0027653305966021235
access_protection__access_protection__no_gate minus access_protection__access_protection__beta1.0,all,public_disagreement,2000,-0.058,-0.07290720433785575,-0.04309279566214425
access_protection__access_protection__no_gate minus access_protection__access_protection__beta1.0,all,reassure_rate,2000,-0.00525,-0.006880035147563127,-0.0036199648524368735
access_protection__access_protection__no_gate minus access_protection__access_protection__beta1.0,both_own,p_truth,816,0.12776975569692786,0.11359260008337829,0.14194691131047743
access_protection__access_protection__no_gate minus access_protection__access_protection__beta1.0,both_own,learning_gain,816,0.12776975569692786,0.11359260008337829,0.14194691131047743
access_protection__access_protection__no_gate minus access_protection__access_protection__beta1.0,both_own,evidence_count,816,3.5784313725490198,3.455433298516411,3.7014294465816286
access_protection__access_protection__no_gate minus access_protection__access_protection__beta1.0,both_own,final_gap,816,-0.11067292200309611,-0.1221700295059908,-0.09917581450020142
access_protection__access_protection__no_gate minus access_protection__access_protection__beta1.0,both_own,mean_abs_belief_change,816,0.08751378547208709,0.07874600905501758,0.0962815618891566
access_protection__access_protection__no_gate minus access_protection__access_protection__beta1.0,both_own,restriction_rate,816,-0.08900122549019608,-0.09574130917185356,-0.08226114180853861
access_protection__access_protection__no_gate minus access_protection__access_protection__beta1.0,both_own,late_non_switch,816,0.007352941176470588,-0.0010008096123702449,0.015706691965311423
access_protection__access_protection__no_gate minus access_protection__access_protection__beta1.0,both_own,public_disagreement,816,-0.14460784313725492,-0.17603096320311562,-0.11318472307139421
access_protection__access_protection__no_gate minus access_protection__access_protection__beta1.0,both_own,reassure_rate,816,-0.011642156862745098,-0.014820487650215921,-0.008463826075274275
access_protection__access_protection__beta1.0 minus access_protection__access_protection__beta0.0,all,p_truth,2000,0.006846578171332863,0.0015284284126423353,0.01216472793002339
access_protection__access_protection__beta1.0 minus access_protection__access_protection__beta0.0,all,learning_gain,2000,0.006846578171332863,0.0015284284126423353,0.01216472793002339
access_protection__access_protection__beta1.0 minus access_protection__access_protection__beta0.0,all,evidence_count,2000,0.3095,0.27397481024183434,0.34502518975816565
access_protection__access_protection__beta1.0 minus access_protection__access_protection__beta0.0,all,final_gap,2000,-0.01456980830107734,-0.018721842994013603,-0.010417773608141077
access_protection__access_protection__beta1.0 minus access_protection__access_protection__beta0.0,all,mean_abs_belief_change,2000,0.012196402760955252,0.008854995672771888,0.015537809849138617
access_protection__access_protection__beta1.0 minus access_protection__access_protection__beta0.0,all,restriction_rate,2000,-0.0503125,-0.053473428270404175,-0.04715157172959583
access_protection__access_protection__beta1.0 minus access_protection__access_protection__beta0.0,all,late_non_switch,2000,0.006875,0.0033492887231788603,0.010400711276821139
access_protection__access_protection__beta1.0 minus access_protection__access_protection__beta0.0,all,public_disagreement,2000,-0.0105,-0.023006463833506633,0.0020064638335066318
access_protection__access_protection__beta1.0 minus access_protection__access_protection__beta0.0,all,reassure_rate,2000,-0.004125,-0.005477407442468882,-0.0027725925575311184
access_protection__access_protection__beta1.0 minus access_protection__access_protection__beta0.0,both_own,p_truth,816,0.011919065354569316,0.0011322299619818989,0.022705900747156733
access_protection__access_protection__beta1.0 minus access_protection__access_protection__beta0.0,both_own,learning_gain,816,0.011919065354569316,0.0011322299619818989,0.022705900747156733
access_protection__access_protection__beta1.0 minus access_protection__access_protection__beta0.0,both_own,evidence_count,816,0.39828431372549017,0.3307500613899296,0.46581856606105077
access_protection__access_protection__beta1.0 minus access_protection__access_protection__beta0.0,both_own,final_gap,816,-0.028830981058902833,-0.03795506989236692,-0.019706892225438748
access_protection__access_protection__beta1.0 minus access_protection__access_protection__beta0.0,both_own,mean_abs_belief_change,816,0.02053709392292974,0.013532713880187779,0.0275414739656717
access_protection__access_protection__beta1.0 minus access_protection__access_protection__beta0.0,both_own,restriction_rate,816,-0.0623468137254902,-0.06841145830698399,-0.0562821691439964
access_protection__access_protection__beta1.0 minus access_protection__access_protection__beta0.0,both_own,late_non_switch,816,0.01608455882352941,0.008594953827546773,0.023574163819512047
access_protection__access_protection__beta1.0 minus access_protection__access_protection__beta0.0,both_own,public_disagreement,816,-0.02696078431372549,-0.05574253156751999,0.0018209629400690076
access_protection__access_protection__beta1.0 minus access_protection__access_protection__beta0.0,both_own,reassure_rate,816,-0.010416666666666666,-0.013311304092843357,-0.0075220292404899755
reference__reference__beta1.0 minus reference__reference__beta0.0,all,p_truth,2000,0.018286753322795925,0.012519011921200546,0.024054494724391303
reference__reference__beta1.0 minus reference__reference__beta0.0,all,learning_gain,2000,0.018286753322795925,0.012519011921200546,0.024054494724391303
reference__reference__beta1.0 minus reference__reference__beta0.0,all,evidence_count,2000,0.5765,0.5297730880503518,0.6232269119496482
reference__reference__beta1.0 minus reference__reference__beta0.0,all,final_gap,2000,-0.021181923747985016,-0.025540784867502435,-0.016823062628467597
reference__reference__beta1.0 minus reference__reference__beta0.0,all,mean_abs_belief_change,2000,0.015487426461480065,0.011795884120431189,0.01917896880252894
reference__reference__beta1.0 minus reference__reference__beta0.0,all,restriction_rate,2000,-0.04934375,-0.052575389265007516,-0.04611211073499248
reference__reference__beta1.0 minus reference__reference__beta0.0,all,late_non_switch,2000,0.00675,0.00328394636309434,0.01021605363690566
reference__reference__beta1.0 minus reference__reference__beta0.0,all,public_disagreement,2000,-0.0095,-0.020965913892520532,0.001965913892520531
reference__reference__beta1.0 minus reference__reference__beta0.0,all,reassure_rate,2000,-0.00384375,-0.0052319679016422345,-0.0024555320983577654
reference__reference__beta1.0 minus reference__reference__beta0.0,both_own,p_truth,816,0.033407039928669724,0.021887752635743392,0.044926327221596056
reference__reference__beta1.0 minus reference__reference__beta0.0,both_own,learning_gain,816,0.033407039928669724,0.021887752635743392,0.044926327221596056
reference__reference__beta1.0 minus reference__reference__beta0.0,both_own,evidence_count,816,0.7647058823529411,0.6782883598411077,0.8511234048647746
reference__reference__beta1.0 minus reference__reference__beta0.0,both_own,final_gap,816,-0.03925334832585154,-0.04873452218996335,-0.029772174461739728
reference__reference__beta1.0 minus reference__reference__beta0.0,both_own,mean_abs_belief_change,816,0.026187451661508643,0.01903311201372753,0.033341791309289756
reference__reference__beta1.0 minus reference__reference__beta0.0,both_own,restriction_rate,816,-0.061274509803921566,-0.06722969312635585,-0.05531932648148728
reference__reference__beta1.0 minus reference__reference__beta0.0,both_own,late_non_switch,816,0.020067401960784315,0.012920157087071317,0.027214646834497314
reference__reference__beta1.0 minus reference__reference__beta0.0,both_own,public_disagreement,816,-0.023284313725490197,-0.04878310511931489,0.0022144776683344983
reference__reference__beta1.0 minus reference__reference__beta0.0,both_own,reassure_rate,816,-0.010263480392156863,-0.013065678065541134,-0.007461282718772591
concession_cost__reference__reassure minus concession_cost__reference__silence,all,p_truth,2000,-0.002198042900720485,-0.004528168189988208,0.00013208238854723817
concession_cost__reference__reassure minus concession_cost__reference__silence,all,learning_gain,2000,-0.002198042900720485,-0.004528168189988208,0.00013208238854723817
concession_cost__reference__reassure minus concession_cost__reference__silence,all,evidence_count,2000,-0.2255,-0.2638337185358842,-0.1871662814641158
concession_cost__reference__reassure minus concession_cost__reference__silence,all,final_gap,2000,0.0036942139211626284,0.0013539731461841352,0.006034454696141122
concession_cost__reference__reassure minus concession_cost__reference__silence,all,mean_abs_belief_change,2000,-0.002654652758850849,-0.004409452348723517,-0.0008998531689781803
concession_cost__reference__reassure minus concession_cost__reference__silence,all,restriction_rate,2000,0.00121875,-0.0007798891065817577,0.0032173891065817575
concession_cost__reference__reassure minus concession_cost__reference__silence,all,late_non_switch,2000,-0.034125,-0.036761379835459684,-0.03148862016454032
concession_cost__reference__reassure minus concession_cost__reference__silence,all,public_disagreement,2000,-0.261,-0.2808909579534057,-0.24110904204659434
concession_cost__reference__reassure minus concession_cost__reference__silence,all,reassure_rate,2000,0.0413125,0.039429991124401174,0.04319500887559883
concession_cost__reference__reassure minus concession_cost__reference__silence,both_own,p_truth,816,-0.003831125700243027,-0.0076591379874036865,-3.113413082368125e-06
concession_cost__reference__reassure minus concession_cost__reference__silence,both_own,learning_gain,816,-0.0038311257002430275,-0.0076591379874036865,-3.113413082368559e-06
concession_cost__reference__reassure minus concession_cost__reference__silence,both_own,evidence_count,816,-0.18995098039215685,-0.24431098155729905,-0.13559097922701466
concession_cost__reference__reassure minus concession_cost__reference__silence,both_own,final_gap,816,0.0058627119883178464,0.0014258006132385021,0.010299623363397192
concession_cost__reference__reassure minus concession_cost__reference__silence,both_own,mean_abs_belief_change,816,-0.004105598523179,-0.007443050368092201,-0.0007681466782657994
concession_cost__reference__reassure minus concession_cost__reference__silence,both_own,restriction_rate,816,0.002144607843137255,-0.0007253926164489471,0.005014608302723458
concession_cost__reference__reassure minus concession_cost__reference__silence,both_own,late_non_switch,816,-0.02466299019607843,-0.02843016286712522,-0.02089581752503164
concession_cost__reference__reassure minus concession_cost__reference__silence,both_own,public_disagreement,816,-0.19975490196078433,-0.2278288159463117,-0.17168098797525694
concession_cost__reference__reassure minus concession_cost__reference__silence,both_own,reassure_rate,816,0.049019607843137254,0.04668262742481348,0.05135658826146103
concession_cost__reference__reassure minus concession_cost__reference__sham,all,p_truth,2000,-0.002198042900720485,-0.004528168189988208,0.00013208238854723817
concession_cost__reference__reassure minus concession_cost__reference__sham,all,learning_gain,2000,-0.002198042900720485,-0.004528168189988208,0.00013208238854723817
concession_cost__reference__reassure minus concession_cost__reference__sham,all,evidence_count,2000,-0.2255,-0.2638337185358842,-0.1871662814641158
concession_cost__reference__reassure minus concession_cost__reference__sham,all,final_gap,2000,0.0036942139211626284,0.0013539731461841352,0.006034454696141122
concession_cost__reference__reassure minus concession_cost__reference__sham,all,mean_abs_belief_change,2000,-0.002654652758850849,-0.004409452348723517,-0.0008998531689781803
concession_cost__reference__reassure minus concession_cost__reference__sham,all,restriction_rate,2000,0.00121875,-0.0007798891065817577,0.0032173891065817575
concession_cost__reference__reassure minus concession_cost__reference__sham,all,late_non_switch,2000,-0.034125,-0.036761379835459684,-0.03148862016454032
concession_cost__reference__reassure minus concession_cost__reference__sham,all,public_disagreement,2000,-0.261,-0.2808909579534057,-0.24110904204659434
concession_cost__reference__reassure minus concession_cost__reference__sham,all,reassure_rate,2000,-0.0211875,-0.023070008875598826,-0.019304991124401177
concession_cost__reference__reassure minus concession_cost__reference__sham,both_own,p_truth,816,-0.003831125700243027,-0.0076591379874036865,-3.113413082368125e-06
concession_cost__reference__reassure minus concession_cost__reference__sham,both_own,learning_gain,816,-0.0038311257002430275,-0.0076591379874036865,-3.113413082368559e-06
concession_cost__reference__reassure minus concession_cost__reference__sham,both_own,evidence_count,816,-0.18995098039215685,-0.24431098155729905,-0.13559097922701466
concession_cost__reference__reassure minus concession_cost__reference__sham,both_own,final_gap,816,0.0058627119883178464,0.0014258006132385021,0.010299623363397192
concession_cost__reference__reassure minus concession_cost__reference__sham,both_own,mean_abs_belief_change,816,-0.004105598523179,-0.007443050368092201,-0.0007681466782657994
concession_cost__reference__reassure minus concession_cost__reference__sham,both_own,restriction_rate,816,0.002144607843137255,-0.0007253926164489471,0.005014608302723458
concession_cost__reference__reassure minus concession_cost__reference__sham,both_own,late_non_switch,816,-0.02466299019607843,-0.02843016286712522,-0.02089581752503164
concession_cost__reference__reassure minus concession_cost__reference__sham,both_own,public_disagreement,816,-0.19975490196078433,-0.2278288159463117,-0.17168098797525694
concession_cost__reference__reassure minus concession_cost__reference__sham,both_own,reassure_rate,816,-0.013480392156862746,-0.01581737257518652,-0.01114341173853897
concession_cost__reference__remove_cost minus concession_cost__reference__beta1.0,all,p_truth,2000,-0.004205463420497919,-0.007553478684002093,-0.0008574481569937455
concession_cost__reference__remove_cost minus concession_cost__reference__beta1.0,all,learning_gain,2000,-0.004205463420497919,-0.007553478684002093,-0.0008574481569937455
concession_cost__reference__remove_cost minus concession_cost__reference__beta1.0,all,evidence_count,2000,-0.289,-0.33094438852891445,-0.2470556114710855
concession_cost__reference__remove_cost minus concession_cost__reference__beta1.0,all,final_gap,2000,0.00597236761668947,0.0033168361200370255,0.008627899113341914
concession_cost__reference__remove_cost minus concession_cost__reference__beta1.0,all,mean_abs_belief_change,2000,-0.003027873318824536,-0.005135533986865674,-0.0009202126507833982
concession_cost__reference__remove_cost minus concession_cost__reference__beta1.0,all,restriction_rate,2000,0.0026875,0.000488508582667556,0.0048864914173324435
concession_cost__reference__remove_cost minus concession_cost__reference__beta1.0,all,late_non_switch,2000,-0.053125,-0.05633602748917977,-0.04991397251082023
concession_cost__reference__remove_cost minus concession_cost__reference__beta1.0,all,public_disagreement,2000,-0.374,-0.39548164122349194,-0.35251835877650806
concession_cost__reference__remove_cost minus concession_cost__reference__beta1.0,all,reassure_rate,2000,-0.027625,-0.02972531236212837,-0.02552468763787163
concession_cost__reference__remove_cost minus concession_cost__reference__beta1.0,both_own,p_truth,816,-0.0034280627108320538,-0.009681120973588836,0.0028249955519247284
concession_cost__reference__remove_cost minus concession_cost__reference__beta1.0,both_own,learning_gain,816,-0.003428062710832054,-0.009681120973588836,0.002824995551924728
concession_cost__reference__remove_cost minus concession_cost__reference__beta1.0,both_own,evidence_count,816,-0.30392156862745096,-0.37081425375788857,-0.23702888349701332
concession_cost__reference__remove_cost minus concession_cost__reference__beta1.0,both_own,final_gap,816,0.009428969044091079,0.0037530749214759115,0.015104863166706246
concession_cost__reference__remove_cost minus concession_cost__reference__beta1.0,both_own,mean_abs_belief_change,816,-0.004374688000653094,-0.00855068685082382,-0.00019868915048236804
concession_cost__reference__remove_cost minus concession_cost__reference__beta1.0,both_own,restriction_rate,816,0.0046721813725490195,0.001199526185710979,0.00814483655938706
concession_cost__reference__remove_cost minus concession_cost__reference__beta1.0,both_own,late_non_switch,816,-0.05912990196078431,-0.06446543446445535,-0.053794369457113266
concession_cost__reference__remove_cost minus concession_cost__reference__beta1.0,both_own,public_disagreement,816,-0.39215686274509803,-0.42618984393998655,-0.3581238815502095
concession_cost__reference__remove_cost minus concession_cost__reference__beta1.0,both_own,reassure_rate,816,-0.023973651960784315,-0.02698896474894623,-0.020958339172622402
concession_cost__reference__remove_gamma minus concession_cost__reference__beta1.0,all,p_truth,2000,0.0,0.0,0.0
concession_cost__reference__remove_gamma minus concession_cost__reference__beta1.0,all,learning_gain,2000,0.0,0.0,0.0
concession_cost__reference__remove_gamma minus concession_cost__reference__beta1.0,all,evidence_count,2000,0.0,0.0,0.0
concession_cost__reference__remove_gamma minus concession_cost__reference__beta1.0,all,final_gap,2000,0.0,0.0,0.0
concession_cost__reference__remove_gamma minus concession_cost__reference__beta1.0,all,mean_abs_belief_change,2000,0.0,0.0,0.0
concession_cost__reference__remove_gamma minus concession_cost__reference__beta1.0,all,restriction_rate,2000,0.0,0.0,0.0
concession_cost__reference__remove_gamma minus concession_cost__reference__beta1.0,all,late_non_switch,2000,0.0,0.0,0.0
concession_cost__reference__remove_gamma minus concession_cost__reference__beta1.0,all,public_disagreement,2000,0.0,0.0,0.0
concession_cost__reference__remove_gamma minus concession_cost__reference__beta1.0,all,reassure_rate,2000,0.0,0.0,0.0
concession_cost__reference__remove_gamma minus concession_cost__reference__beta1.0,both_own,p_truth,816,0.0,0.0,0.0
concession_cost__reference__remove_gamma minus concession_cost__reference__beta1.0,both_own,learning_gain,816,0.0,0.0,0.0
concession_cost__reference__remove_gamma minus concession_cost__reference__beta1.0,both_own,evidence_count,816,0.0,0.0,0.0
concession_cost__reference__remove_gamma minus concession_cost__reference__beta1.0,both_own,final_gap,816,0.0,0.0,0.0
concession_cost__reference__remove_gamma minus concession_cost__reference__beta1.0,both_own,mean_abs_belief_change,816,0.0,0.0,0.0
concession_cost__reference__remove_gamma minus concession_cost__reference__beta1.0,both_own,restriction_rate,816,0.0,0.0,0.0
concession_cost__reference__remove_gamma minus concession_cost__reference__beta1.0,both_own,late_non_switch,816,0.0,0.0,0.0
concession_cost__reference__remove_gamma minus concession_cost__reference__beta1.0,both_own,public_disagreement,816,0.0,0.0,0.0
concession_cost__reference__remove_gamma minus concession_cost__reference__beta1.0,both_own,reassure_rate,816,0.0,0.0,0.0
concession_cost__reference__force_open minus concession_cost__reference__beta1.0,all,p_truth,2000,0.02600528692847444,0.021499643459308503,0.030510930397640374
concession_cost__reference__force_open minus concession_cost__reference__beta1.0,all,learning_gain,2000,0.02600528692847444,0.021499643459308503,0.030510930397640374
concession_cost__reference__force_open minus concession_cost__reference__beta1.0,all,evidence_count,2000,1.7665,1.7052369912563856,1.8277630087436143
concession_cost__reference__force_open minus concession_cost__reference__beta1.0,all,final_gap,2000,-0.01975897793951949,-0.02340270043595276,-0.016115255443086222
concession_cost__reference__force_open minus concession_cost__reference__beta1.0,all,mean_abs_belief_change,2000,0.016540714749227504,0.013489589574631696,0.019591839923823313
concession_cost__reference__force_open minus concession_cost__reference__beta1.0,all,restriction_rate,2000,-0.17803125,-0.1818479836905725,-0.1742145163094275
concession_cost__reference__force_open minus concession_cost__reference__beta1.0,all,late_non_switch,2000,-0.0038125,-0.005609734583450077,-0.0020152654165499226
concession_cost__reference__force_open minus concession_cost__reference__beta1.0,all,public_disagreement,2000,-0.0185,-0.027711983310789216,-0.00928801668921078
concession_cost__reference__force_open minus concession_cost__reference__beta1.0,all,reassure_rate,2000,3.125e-05,-0.0007314958307456749,0.000793995830745675
concession_cost__reference__force_open minus concession_cost__reference__beta1.0,both_own,p_truth,816,0.0428100108153632,0.03470190463914025,0.05091811699158615
concession_cost__reference__force_open minus concession_cost__reference__beta1.0,both_own,learning_gain,816,0.0428100108153632,0.03470190463914025,0.05091811699158615
concession_cost__reference__force_open minus concession_cost__reference__beta1.0,both_own,evidence_count,816,1.7794117647058822,1.6818935143223022,1.8769300150894623
concession_cost__reference__force_open minus concession_cost__reference__beta1.0,both_own,final_gap,816,-0.03701407100445606,-0.0445830963648054,-0.02944504564410673
concession_cost__reference__force_open minus concession_cost__reference__beta1.0,both_own,mean_abs_belief_change,816,0.02685163987751491,0.021116365205296674,0.03258691454973315
concession_cost__reference__force_open minus concession_cost__reference__beta1.0,both_own,restriction_rate,816,-0.1723345588235294,-0.17836555121618625,-0.16630356643087257
concession_cost__reference__force_open minus concession_cost__reference__beta1.0,both_own,late_non_switch,816,-0.0055147058823529415,-0.008997764970884822,-0.0020316467938210608
concession_cost__reference__force_open minus concession_cost__reference__beta1.0,both_own,public_disagreement,816,-0.03431372549019608,-0.05214442190910973,-0.016483029071282438
concession_cost__reference__force_open minus concession_cost__reference__beta1.0,both_own,reassure_rate,816,-0.0011488970588235295,-0.0025477836847933484,0.0002499895671462895
access_protection__access_protection__reassure minus access_protection__access_protection__silence,all,p_truth,2000,0.0004272176901895064,-0.00034656469544178093,0.0012010000758207937
access_protection__access_protection__reassure minus access_protection__access_protection__silence,all,learning_gain,2000,0.0004272176901895063,-0.000346564695441781,0.0012010000758207937
access_protection__access_protection__reassure minus access_protection__access_protection__silence,all,evidence_count,2000,0.0025,-0.0015401678774822117,0.006540167877482211
access_protection__access_protection__reassure minus access_protection__access_protection__silence,all,final_gap,2000,-6.61927416270493e-05,-0.0008282536043683536,0.0006958681211142549
access_protection__access_protection__reassure minus access_protection__access_protection__silence,all,mean_abs_belief_change,2000,0.00015327704873239228,-0.00043968607066158466,0.0007462401681263693
access_protection__access_protection__reassure minus access_protection__access_protection__silence,all,restriction_rate,2000,-0.0001875,-0.0005339714896229713,0.00015897148962297134
access_protection__access_protection__reassure minus access_protection__access_protection__silence,all,late_non_switch,2000,-0.0003125,-0.0008175209846852764,0.00019252098468527647
access_protection__access_protection__reassure minus access_protection__access_protection__silence,all,public_disagreement,2000,-0.0005,-0.002691785062655652,0.0016917850626556518
access_protection__access_protection__reassure minus access_protection__access_protection__silence,all,reassure_rate,2000,0.06240625,0.0622442093135636,0.0625682906864364
access_protection__access_protection__reassure minus access_protection__access_protection__silence,both_own,p_truth,816,0.0001397993982247116,-0.0014304653190250391,0.0017100641154744623
access_protection__access_protection__reassure minus access_protection__access_protection__silence,both_own,learning_gain,816,0.00013979939822471147,-0.0014304653190250391,0.0017100641154744623
access_protection__access_protection__reassure minus access_protection__access_protection__silence,both_own,evidence_count,816,0.0024509803921568627,-0.0065402714065032844,0.01144223219081701
access_protection__access_protection__reassure minus access_protection__access_protection__silence,both_own,final_gap,816,-0.000757036015405635,-0.002310404563213442,0.0007963325324021718
access_protection__access_protection__reassure minus access_protection__access_protection__silence,both_own,mean_abs_belief_change,816,0.0006327514938743275,-0.0005709020486337714,0.0018364050363824263
access_protection__access_protection__reassure minus access_protection__access_protection__silence,both_own,restriction_rate,816,-7.659313725490196e-05,-0.0007649429204438104,0.0006117566459340063
access_protection__access_protection__reassure minus access_protection__access_protection__silence,both_own,late_non_switch,816,-0.00030637254901960784,-0.0013468773815185392,0.0007341322834793235
access_protection__access_protection__reassure minus access_protection__access_protection__silence,both_own,public_disagreement,816,0.0,-0.004806867856281689,0.004806867856281689
access_protection__access_protection__reassure minus access_protection__access_protection__silence,both_own,reassure_rate,816,0.06219362745098039,0.0618939354607453,0.062493319441215486
access_protection__access_protection__reassure minus access_protection__access_protection__sham,all,p_truth,2000,0.0004272176901895064,-0.00034656469544178093,0.0012010000758207937
access_protection__access_protection__reassure minus access_protection__access_protection__sham,all,learning_gain,2000,0.0004272176901895063,-0.000346564695441781,0.0012010000758207937
access_protection__access_protection__reassure minus access_protection__access_protection__sham,all,evidence_count,2000,0.0025,-0.0015401678774822117,0.006540167877482211
access_protection__access_protection__reassure minus access_protection__access_protection__sham,all,final_gap,2000,-6.61927416270493e-05,-0.0008282536043683536,0.0006958681211142549
access_protection__access_protection__reassure minus access_protection__access_protection__sham,all,mean_abs_belief_change,2000,0.00015327704873239228,-0.00043968607066158466,0.0007462401681263693
access_protection__access_protection__reassure minus access_protection__access_protection__sham,all,restriction_rate,2000,-0.0001875,-0.0005339714896229713,0.00015897148962297134
access_protection__access_protection__reassure minus access_protection__access_protection__sham,all,late_non_switch,2000,-0.0003125,-0.0008175209846852764,0.00019252098468527647
access_protection__access_protection__reassure minus access_protection__access_protection__sham,all,public_disagreement,2000,-0.0005,-0.002691785062655652,0.0016917850626556518
access_protection__access_protection__reassure minus access_protection__access_protection__sham,all,reassure_rate,2000,-9.375e-05,-0.0002557906864364021,6.829068643640212e-05
access_protection__access_protection__reassure minus access_protection__access_protection__sham,both_own,p_truth,816,0.0001397993982247116,-0.0014304653190250391,0.0017100641154744623
access_protection__access_protection__reassure minus access_protection__access_protection__sham,both_own,learning_gain,816,0.00013979939822471147,-0.0014304653190250391,0.0017100641154744623
access_protection__access_protection__reassure minus access_protection__access_protection__sham,both_own,evidence_count,816,0.0024509803921568627,-0.0065402714065032844,0.01144223219081701
access_protection__access_protection__reassure minus access_protection__access_protection__sham,both_own,final_gap,816,-0.000757036015405635,-0.002310404563213442,0.0007963325324021718
access_protection__access_protection__reassure minus access_protection__access_protection__sham,both_own,mean_abs_belief_change,816,0.0006327514938743275,-0.0005709020486337714,0.0018364050363824263
access_protection__access_protection__reassure minus access_protection__access_protection__sham,both_own,restriction_rate,816,-7.659313725490196e-05,-0.0007649429204438104,0.0006117566459340063
access_protection__access_protection__reassure minus access_protection__access_protection__sham,both_own,late_non_switch,816,-0.00030637254901960784,-0.0013468773815185392,0.0007341322834793235
access_protection__access_protection__reassure minus access_protection__access_protection__sham,both_own,public_disagreement,816,0.0,-0.004806867856281689,0.004806867856281689
access_protection__access_protection__reassure minus access_protection__access_protection__sham,both_own,reassure_rate,816,-0.00030637254901960784,-0.0006060645392546979,-6.680558784517745e-06
access_protection__access_protection__remove_cost minus access_protection__access_protection__beta1.0,all,p_truth,2000,0.0,0.0,0.0
access_protection__access_protection__remove_cost minus access_protection__access_protection__beta1.0,all,learning_gain,2000,0.0,0.0,0.0
access_protection__access_protection__remove_cost minus access_protection__access_protection__beta1.0,all,evidence_count,2000,0.0,0.0,0.0
access_protection__access_protection__remove_cost minus access_protection__access_protection__beta1.0,all,final_gap,2000,0.0,0.0,0.0
access_protection__access_protection__remove_cost minus access_protection__access_protection__beta1.0,all,mean_abs_belief_change,2000,0.0,0.0,0.0
access_protection__access_protection__remove_cost minus access_protection__access_protection__beta1.0,all,restriction_rate,2000,0.0,0.0,0.0
access_protection__access_protection__remove_cost minus access_protection__access_protection__beta1.0,all,late_non_switch,2000,0.0,0.0,0.0
access_protection__access_protection__remove_cost minus access_protection__access_protection__beta1.0,all,public_disagreement,2000,0.0,0.0,0.0
access_protection__access_protection__remove_cost minus access_protection__access_protection__beta1.0,all,reassure_rate,2000,0.0,0.0,0.0
access_protection__access_protection__remove_cost minus access_protection__access_protection__beta1.0,both_own,p_truth,816,0.0,0.0,0.0
access_protection__access_protection__remove_cost minus access_protection__access_protection__beta1.0,both_own,learning_gain,816,0.0,0.0,0.0
access_protection__access_protection__remove_cost minus access_protection__access_protection__beta1.0,both_own,evidence_count,816,0.0,0.0,0.0
access_protection__access_protection__remove_cost minus access_protection__access_protection__beta1.0,both_own,final_gap,816,0.0,0.0,0.0
access_protection__access_protection__remove_cost minus access_protection__access_protection__beta1.0,both_own,mean_abs_belief_change,816,0.0,0.0,0.0
access_protection__access_protection__remove_cost minus access_protection__access_protection__beta1.0,both_own,restriction_rate,816,0.0,0.0,0.0
access_protection__access_protection__remove_cost minus access_protection__access_protection__beta1.0,both_own,late_non_switch,816,0.0,0.0,0.0
access_protection__access_protection__remove_cost minus access_protection__access_protection__beta1.0,both_own,public_disagreement,816,0.0,0.0,0.0
access_protection__access_protection__remove_cost minus access_protection__access_protection__beta1.0,both_own,reassure_rate,816,0.0,0.0,0.0
access_protection__access_protection__remove_gamma minus access_protection__access_protection__beta1.0,all,p_truth,2000,0.03257010082482421,0.02735375870223258,0.03778644294741584
access_protection__access_protection__remove_gamma minus access_protection__access_protection__beta1.0,all,learning_gain,2000,0.03257010082482421,0.02735375870223258,0.03778644294741584
access_protection__access_protection__remove_gamma minus access_protection__access_protection__beta1.0,all,evidence_count,2000,0.792,0.7465746343909005,0.8374253656090995
access_protection__access_protection__remove_gamma minus access_protection__access_protection__beta1.0,all,final_gap,2000,-0.024052618536363504,-0.028386653120091577,-0.01971858395263543
access_protection__access_protection__remove_gamma minus access_protection__access_protection__beta1.0,all,mean_abs_belief_change,2000,0.020461812127678336,0.016945715378419827,0.023977908876936845
access_protection__access_protection__remove_gamma minus access_protection__access_protection__beta1.0,all,restriction_rate,2000,-0.07484375,-0.07764256773849879,-0.07204493226150122
access_protection__access_protection__remove_gamma minus access_protection__access_protection__beta1.0,all,late_non_switch,2000,-0.0043125,-0.007161487493258503,-0.0014635125067414974
access_protection__access_protection__remove_gamma minus access_protection__access_protection__beta1.0,all,public_disagreement,2000,-0.022,-0.034894303561347005,-0.009105696438652992
access_protection__access_protection__remove_gamma minus access_protection__access_protection__beta1.0,all,reassure_rate,2000,-0.00275,-0.003530088196165599,-0.0019699118038344005
access_protection__access_protection__remove_gamma minus access_protection__access_protection__beta1.0,both_own,p_truth,816,0.05621477127666067,0.04593186627247919,0.06649767628084216
access_protection__access_protection__remove_gamma minus access_protection__access_protection__beta1.0,both_own,learning_gain,816,0.05621477127666067,0.04593186627247919,0.06649767628084216
access_protection__access_protection__remove_gamma minus access_protection__access_protection__beta1.0,both_own,evidence_count,816,1.0220588235294117,0.9402854342576799,1.1038322128011435
access_protection__access_protection__remove_gamma minus access_protection__access_protection__beta1.0,both_own,final_gap,816,-0.04228827888230361,-0.0514329924713438,-0.03314356529326342
access_protection__access_protection__remove_gamma minus access_protection__access_protection__beta1.0,both_own,mean_abs_belief_change,816,0.03854780960750557,0.03160834267403536,0.04548727654097578
access_protection__access_protection__remove_gamma minus access_protection__access_protection__beta1.0,both_own,restriction_rate,816,-0.08455882352941177,-0.08933355288865318,-0.07978409417017036
access_protection__access_protection__remove_gamma minus access_protection__access_protection__beta1.0,both_own,late_non_switch,816,-0.006893382352941176,-0.012645000975210603,-0.0011417637306717484
access_protection__access_protection__remove_gamma minus access_protection__access_protection__beta1.0,both_own,public_disagreement,816,-0.04534313725490196,-0.07330183114811396,-0.01738444336168996
access_protection__access_protection__remove_gamma minus access_protection__access_protection__beta1.0,both_own,reassure_rate,816,-0.005208333333333333,-0.0067861828258424465,-0.0036304838408242196
access_protection__access_protection__force_open minus access_protection__access_protection__beta1.0,all,p_truth,2000,0.05314692856436144,0.04659477557291806,0.05969908155580483
access_protection__access_protection__force_open minus access_protection__access_protection__beta1.0,all,learning_gain,2000,0.05314692856436145,0.046594775572918065,0.059699081555804834
access_protection__access_protection__force_open minus access_protection__access_protection__beta1.0,all,evidence_count,2000,2.0385,1.9807234237724292,2.0962765762275706
access_protection__access_protection__force_open minus access_protection__access_protection__beta1.0,all,final_gap,2000,-0.04446175405617376,-0.04991523807847129,-0.039008270033876226
access_protection__access_protection__force_open minus access_protection__access_protection__beta1.0,all,mean_abs_belief_change,2000,0.03928635126396831,0.03492354539209972,0.0436491571358369
access_protection__access_protection__force_open minus access_protection__access_protection__beta1.0,all,restriction_rate,2000,-0.2445625,-0.24796306293295764,-0.24116193706704234
access_protection__access_protection__force_open minus access_protection__access_protection__beta1.0,all,late_non_switch,2000,-0.0123125,-0.015746847076490073,-0.008878152923509929
access_protection__access_protection__force_open minus access_protection__access_protection__beta1.0,all,public_disagreement,2000,-0.0365,-0.050580615969233605,-0.02241938403076639
access_protection__access_protection__force_open minus access_protection__access_protection__beta1.0,all,reassure_rate,2000,-0.00165625,-0.0026085178325876814,-0.0007039821674123185
access_protection__access_protection__force_open minus access_protection__access_protection__beta1.0,both_own,p_truth,816,0.09217827087619476,0.08023513155556422,0.1041214101968253
access_protection__access_protection__force_open minus access_protection__access_protection__beta1.0,both_own,learning_gain,816,0.09217827087619476,0.08023513155556422,0.1041214101968253
access_protection__access_protection__force_open minus access_protection__access_protection__beta1.0,both_own,evidence_count,816,2.1813725490196076,2.0880661529379685,2.274678945101247
access_protection__access_protection__force_open minus access_protection__access_protection__beta1.0,both_own,final_gap,816,-0.08004794603504879,-0.09064989273693629,-0.0694459993331613
access_protection__access_protection__force_open minus access_protection__access_protection__beta1.0,both_own,mean_abs_belief_change,816,0.06227617438236951,0.05409055148829786,0.07046179727644115
access_protection__access_protection__force_open minus access_protection__access_protection__beta1.0,both_own,restriction_rate,816,-0.24785539215686275,-0.25324439105646274,-0.2424663932572628
access_protection__access_protection__force_open minus access_protection__access_protection__beta1.0,both_own,late_non_switch,816,-0.018229166666666668,-0.025077674002386245,-0.01138065933094709
access_protection__access_protection__force_open minus access_protection__access_protection__beta1.0,both_own,public_disagreement,816,-0.0821078431372549,-0.11246148899980554,-0.05175419727470426
access_protection__access_protection__force_open minus access_protection__access_protection__beta1.0,both_own,reassure_rate,816,-0.003982843137254902,-0.005922219620117701,-0.002043466654392102
