condition,A,B,split,n,p_truth,learning_gain,evidence_count,final_gap,mean_abs_belief_change,restriction_rate,late_non_switch,public_disagreement,reassure_rate
reference__reference__beta0.0,reference,reference,all,2000,0.866991916846559,0.18774191684655905,3.0695,0.11981720399171891,0.2289298734465611,0.353125,0.9600625,0.0965,0.02740625
reference__reference__beta0.0,reference,reference,both_own,816,0.7967042947146913,0.2475971518575483,3.1311274509803924,0.20484757856140107,0.30529000434334236,0.3549325980392157,0.921109068627451,0.20710784313725492,0.04534313725490196
reference__attenuated__beta0.0,reference,attenuated,all,2000,0.8412185294307458,0.16196852943074566,3.0965,0.15569431494966754,0.19734304218390422,0.35203125,0.9579375,0.1225,0.0314375
reference__attenuated__beta0.0,reference,attenuated,both_own,816,0.752829627364095,0.2037224845069522,3.2120098039215685,0.25926935612043034,0.2544208331101303,0.35301776960784315,0.9120710784313726,0.2696078431372549,0.054074754901960786
reference__concession_cost__beta0.0,reference,concession_cost,all,2000,0.8714049012200124,0.19215490122001222,3.4235,0.10770802416969306,0.23391385430904785,0.35265625,0.9715,0.4265,0.07784375
reference__concession_cost__beta0.0,reference,concession_cost,both_own,816,0.8050856154457801,0.2559784725886372,3.4019607843137254,0.18584640210054748,0.3136381046840449,0.3521752450980392,0.953125,0.5257352941176471,0.0783547794117647
reference__access_protection__beta0.0,reference,access_protection,all,2000,0.8453570928329629,0.1661070928329628,2.344,0.14053553278617292,0.2097089610984307,0.4330625,0.9595,0.1205,0.02915625
reference__access_protection__beta0.0,reference,access_protection,both_own,816,0.7580523937078015,0.20894525085065857,2.2683823529411766,0.23854830264955793,0.2731361631934258,0.44546568627450983,0.9189644607843137,0.2622549019607843,0.04917279411764706
attenuated__reference__beta0.0,attenuated,reference,all,2000,0.8420332979225661,0.16278329792256613,3.0775,0.1626041237032002,0.19308432571542755,0.35309375,0.9584375,0.123,0.03159375
attenuated__reference__beta0.0,attenuated,reference,both_own,816,0.7514294760629066,0.20232233320576362,3.189950980392157,0.27950342951123236,0.24713261079024554,0.3549325980392157,0.9129901960784313,0.2708333333333333,0.054917279411764705
attenuated__attenuated__beta0.0,attenuated,attenuated,all,2000,0.809765130068872,0.1305151300688719,3.102,0.1754824901722602,0.16559042067543248,0.35284375,0.9569375,0.132,0.03515625
attenuated__attenuated__beta0.0,attenuated,attenuated,both_own,816,0.7001381132086444,0.15103097035150143,3.275735294117647,0.30784903996663465,0.20509461099470544,0.35347732843137253,0.9022671568627451,0.3112745098039216,0.06357230392156862
attenuated__concession_cost__beta0.0,attenuated,concession_cost,all,2000,0.8480951319576194,0.16884513195761947,3.429,0.14886357576881964,0.19975381384278842,0.35271875,0.9698125,0.444,0.08121875
attenuated__concession_cost__beta0.0,attenuated,concession_cost,both_own,816,0.7627783028924688,0.21367116003532594,3.4791666666666665,0.255781726771835,0.2617236653710272,0.3515625,0.9450061274509803,0.5747549019607843,0.08685661764705882
attenuated__access_protection__beta0.0,attenuated,access_protection,all,2000,0.8236295519163118,0.1443795519163118,2.335,0.17265231065591688,0.18026703208585815,0.43471875,0.95775,0.138,0.03325
attenuated__access_protection__beta0.0,attenuated,access_protection,both_own,816,0.7223259636436652,0.17321882078652237,2.2463235294117645,0.29447132526865333,0.22745379687413994,0.4502144607843137,0.9109987745098039,0.30637254901960786,0.057981004901960786
concession_cost__reference__beta0.0,concession_cost,reference,all,2000,0.8784983313554409,0.1992483313554409,3.444,0.10045488014177997,0.2355886133533559,0.35303125,0.9719375,0.454,0.081875
concession_cost__reference__beta0.0,concession_cost,reference,both_own,816,0.8106419432531534,0.2615348003960104,3.4325980392156863,0.18124113032864766,0.31645846182735604,0.3513327205882353,0.9583333333333334,0.5735294117647058,0.08279718137254902
concession_cost__attenuated__beta0.0,concession_cost,attenuated,all,2000,0.8489393791929261,0.16968937919292598,3.4635,0.1420635210199482,0.20166228550538653,0.35265625,0.97125,0.4665,0.08496875
concession_cost__attenuated__beta0.0,concession_cost,attenuated,both_own,816,0.7628361806346964,0.21372903777755348,3.508578431372549,0.24391503656527863,0.2650652244292068,0.3510263480392157,0.9500612745098039,0.6225490196078431,0.09022671568627451
concession_cost__concession_cost__beta0.0,concession_cost,concession_cost,all,2000,0.8831049293709374,0.2038549293709374,3.806,0.08764117356459002,0.24267737133381706,0.35234375,0.98425,0.7895,0.13321875
concession_cost__concession_cost__beta0.0,concession_cost,concession_cost,both_own,816,0.8171677676555514,0.2680606247984084,3.7144607843137254,0.16051974426807428,0.32747405576979605,0.34842218137254904,0.9897365196078431,0.8982843137254902,0.11611519607843138
concession_cost__access_protection__beta0.0,concession_cost,access_protection,all,2000,0.849835538032466,0.1705855380324661,2.4445,0.12265530330090035,0.21523481758492188,0.44321875,0.97175,0.474,0.08203125
concession_cost__access_protection__beta0.0,concession_cost,access_protection,both_own,816,0.7642059713140676,0.2150988284569248,2.3541666666666665,0.21678772286594794,0.28395293146766093,0.45143995098039214,0.9566482843137255,0.6090686274509803,0.0821078431372549
access_protection__reference__beta0.0,access_protection,reference,all,2000,0.8451754176221773,0.16592541762217736,2.262,0.13921692878524944,0.21165931482338418,0.4403125,0.9555,0.1145,0.03
access_protection__reference__beta0.0,access_protection,reference,both_own,816,0.7597968339258259,0.21068969106868302,2.196078431372549,0.23720906446354229,0.27564968228408576,0.45059742647058826,0.9120710784313726,0.24509803921568626,0.05032169117647059
access_protection__attenuated__beta0.0,access_protection,attenuated,all,2000,0.8242720815958573,0.14502208159585744,2.2635,0.16920193981794188,0.18290039273030934,0.440875,0.957375,0.132,0.0326875
access_protection__attenuated__beta0.0,access_protection,attenuated,both_own,816,0.7245999903258715,0.17549284746872854,2.2169117647058822,0.2823627358260115,0.23078567115504398,0.4525122549019608,0.9085477941176471,0.3002450980392157,0.05713848039215686
access_protection__concession_cost__beta0.0,access_protection,concession_cost,all,2000,0.8500004858623657,0.17075048586236558,2.3625,0.12476623990923467,0.2165518956165135,0.44990625,0.972,0.447,0.08075
access_protection__concession_cost__beta0.0,access_protection,concession_cost,both_own,816,0.7693626065049841,0.22025546364784107,2.2879901960784315,0.21403727291068017,0.2871705843292133,0.45496323529411764,0.952359068627451,0.5551470588235294,0.08149509803921569
access_protection__access_protection__beta0.0,access_protection,access_protection,all,2000,0.8314349081423789,0.15218490814237884,1.8495,0.150781866949002,0.19956152671717034,0.48884375,0.9551875,0.1285,0.0315
access_protection__access_protection__beta0.0,access_protection,access_protection,both_own,816,0.738463099610121,0.18935595675297803,1.7144607843137254,0.2560876600387309,0.25614967881753353,0.5035998774509803,0.9103860294117647,0.2818627450980392,0.05330882352941176
reference__reference__beta1.0,reference,reference,all,2000,0.885278670169355,0.206028670169355,3.646,0.09863528024373389,0.24441729990804112,0.30378125,0.9668125,0.087,0.0235625
reference__reference__beta1.0,reference,reference,both_own,816,0.830111334643361,0.28100419178621805,3.8958333333333335,0.16559423023554953,0.331477456004851,0.2936580882352941,0.9411764705882353,0.18382352941176472,0.0350796568627451
reference__attenuated__beta1.0,reference,attenuated,all,2000,0.8549860142195532,0.17573601421955312,3.628,0.1450378971483088,0.20871764542479507,0.30675,0.9619375,0.1135,0.02765625
reference__attenuated__beta1.0,reference,attenuated,both_own,816,0.7790559176467144,0.2299487747895716,3.924019607843137,0.23863002828258845,0.27559721766749595,0.29840686274509803,0.9263174019607843,0.2340686274509804,0.04442401960784314
reference__concession_cost__beta1.0,reference,concession_cost,all,2000,0.8944627948431405,0.2152127948431406,4.2475,0.08589471442128234,0.2533785643206646,0.2965,0.973375,0.4185,0.06909375
reference__concession_cost__beta1.0,reference,concession_cost,both_own,816,0.8455855567056421,0.29647841384849916,4.355392156862745,0.14531216924094728,0.3446872371658385,0.28860294117647056,0.9609375,0.49264705882352944,0.06594669117647059
reference__access_protection__beta1.0,reference,access_protection,all,2000,0.8579263703574006,0.1786763703574005,2.752,0.12169009113597737,0.22387749260208475,0.3873125,0.9631875,0.098,0.0259375
reference__access_protection__beta1.0,reference,access_protection,both_own,816,0.7881125641877095,0.23900542133056646,2.8088235294117645,0.204694473421902,0.29621373322586514,0.38840379901960786,0.9316789215686274,0.21200980392156862,0.03959865196078431
attenuated__reference__beta1.0,attenuated,reference,all,2000,0.8558007245010333,0.1765507245010332,3.603,0.14769614955967664,0.2046197503136826,0.3074375,0.963625,0.1175,0.027
attenuated__reference__beta1.0,attenuated,reference,both_own,816,0.7761798552389267,0.22707271238178392,3.926470588235294,0.24871886651842678,0.2721999478097649,0.29932598039215685,0.9263174019607843,0.25735294117647056,0.04266237745098039
attenuated__attenuated__beta1.0,attenuated,attenuated,all,2000,0.8185573294885682,0.13930732948856808,3.5755,0.1629039974498437,0.1723920863400532,0.3094375,0.9585,0.125,0.031125
attenuated__attenuated__beta1.0,attenuated,attenuated,both_own,816,0.7180434087074397,0.16893626585029678,3.9448529411764706,0.2829764968166963,0.22027452800165168,0.3008578431372549,0.9085477941176471,0.29534313725490197,0.053002450980392156
attenuated__concession_cost__beta1.0,attenuated,concession_cost,all,2000,0.8619124050923883,0.18266240509238832,4.193,0.13834374887276366,0.21112584551464336,0.3010625,0.971625,0.4395,0.072125
attenuated__concession_cost__beta1.0,attenuated,concession_cost,both_own,816,0.7884360767875941,0.23932893393045113,4.368872549019608,0.23436329351471838,0.2821878411505657,0.29442401960784315,0.9509803921568627,0.5612745098039216,0.07314644607843138
attenuated__access_protection__beta1.0,attenuated,access_protection,all,2000,0.8343968070515952,0.15514680705159525,2.709,0.15971355411208352,0.19014437919542654,0.3895,0.96075,0.1235,0.029375
attenuated__access_protection__beta1.0,attenuated,access_protection,both_own,816,0.7427672808066254,0.19366013794948242,2.7512254901960786,0.26803346480482826,0.24719466977762952,0.3933057598039216,0.9183517156862745,0.27328431372549017,0.04848345588235294
concession_cost__reference__beta1.0,concession_cost,reference,all,2000,0.8959469673422845,0.2166969673422844,4.29,0.08091751739147858,0.25144703597505075,0.30009375,0.9751875,0.4485,0.07121875
concession_cost__reference__beta1.0,concession_cost,reference,both_own,816,0.8420588347039041,0.2929516918467611,4.384803921568627,0.14530185410550636,0.3417447055576165,0.28791360294117646,0.9655330882352942,0.5563725490196079,0.06870404411764706
concession_cost__attenuated__beta1.0,concession_cost,attenuated,all,2000,0.8651230583599858,0.1858730583599858,4.283,0.1302933833035012,0.21517981574274173,0.3024375,0.972,0.4595,0.07390625
concession_cost__attenuated__beta1.0,concession_cost,attenuated,both_own,816,0.7893766534435892,0.24026951058644633,4.416666666666667,0.22356279474516913,0.28667994398310503,0.29113051470588236,0.9525122549019608,0.6029411764705882,0.07621017156862746
concession_cost__concession_cost__beta1.0,concession_cost,concession_cost,all,2000,0.9065624712379776,0.22731247123797765,4.911,0.06685996312069312,0.2619451375158694,0.29290625,0.9826875,0.789,0.1176875
concession_cost__concession_cost__beta1.0,concession_cost,concession_cost,both_own,816,0.8607410856832356,0.3116339428260928,4.873774509803922,0.12179738013101618,0.35737345020566674,0.2828584558823529,0.9883578431372549,0.8897058823529411,0.1014093137254902
concession_cost__access_protection__beta1.0,concession_cost,access_protection,all,2000,0.8652614566604914,0.18601145666049126,3.027,0.10192388420677581,0.22967504713075435,0.39753125,0.975625,0.468,0.07065625
concession_cost__access_protection__beta1.0,concession_cost,access_protection,both_own,816,0.7973265122255155,0.24821936936837252,3.013480392156863,0.18121943644342522,0.3087794827522235,0.3947610294117647,0.9653799019607843,0.5845588235294118,0.06901041666666667
access_protection__reference__beta1.0,access_protection,reference,all,2000,0.8537235372840756,0.17447353728407541,2.6385,0.12333175815124264,0.2238218113524608,0.389875,0.9624375,0.1125,0.0254375
access_protection__reference__beta1.0,access_protection,reference,both_own,816,0.7748479754611485,0.22574083260400551,2.702205882352941,0.20484945955246267,0.2974265154599501,0.38886335784313725,0.9281556372549019,0.2340686274509804,0.03959865196078431
access_protection__attenuated__beta1.0,access_protection,attenuated,all,2000,0.8316922742621651,0.15244227426216503,2.626,0.15699943925390525,0.19301969668428717,0.39028125,0.9595625,0.132,0.02940625
access_protection__attenuated__beta1.0,access_protection,attenuated,both_own,816,0.7371464536658598,0.18803931080871703,2.7205882352941178,0.25545263747551583,0.24993860858726102,0.38947610294117646,0.9172794117647058,0.28431372549019607,0.048636642156862746
access_protection__concession_cost__beta1.0,access_protection,concession_cost,all,2000,0.8542123823662262,0.1749623823662261,2.8715,0.10936650100653089,0.22842508523060642,0.39534375,0.9724375,0.45,0.0689375
access_protection__concession_cost__beta1.0,access_protection,concession_cost,both_own,816,0.7806890997760163,0.23158195691887343,2.888480392156863,0.18485790027794952,0.3065430676558089,0.390625,0.9568014705882353,0.5441176470588235,0.0664828431372549
access_protection__access_protection__beta1.0,access_protection,access_protection,all,2000,0.8382814863137117,0.1590314863137117,2.159,0.13621205864792468,0.2117579294781256,0.43853125,0.9620625,0.118,0.027375
access_protection__access_protection__beta1.0,access_protection,access_protection,both_own,816,0.7503821649646903,0.20127502210754736,2.1127450980392157,0.22725667897982801,0.2766867727404632,0.44125306372549017,0.9264705882352942,0.2549019607843137,0.0428921568627451
reference__reference__verificationIG,reference,reference,all,2000,0.8726796337222383,0.1934296337222384,3.243,0.11494831586230489,0.23295232346045397,0.3404375,0.9625,0.094,0.0266875
reference__reference__verificationIG,reference,reference,both_own,816,0.806945634609843,0.2578384917527001,3.4154411764705883,0.19595619829079222,0.3134431649896812,0.3362438725490196,0.9273897058823529,0.19852941176470587,0.0428155637254902
access_protection__access_protection__verificationIG,access_protection,access_protection,all,2000,0.8333019936834013,0.15405199368340136,1.9125,0.14869111199380716,0.2016963435338797,0.4803125,0.95575,0.1245,0.031375
access_protection__access_protection__verificationIG,access_protection,access_protection,both_own,816,0.7417851160466324,0.19267797318948957,1.8088235294117647,0.25186221840766815,0.26081095476545146,0.49172794117647056,0.9114583333333334,0.27328431372549017,0.05284926470588235
concession_cost__reference__verificationIG,concession_cost,reference,all,2000,0.8861111310429305,0.2068611310429306,3.672,0.0950515192782244,0.24090649566219535,0.34015625,0.97325,0.4515,0.07996875
concession_cost__reference__verificationIG,concession_cost,reference,both_own,816,0.8213452576319238,0.2722381147747808,3.7732843137254903,0.17099649834250377,0.32598243985649417,0.3317248774509804,0.9606311274509803,0.571078431372549,0.07935049019607843
concession_cost__reference__reassure,concession_cost,reference,all,2000,0.8862391380565064,0.20698913805650648,4.1855,0.10180833751877047,0.24340432041942334,0.281875,0.9370625,0.1875,0.10921875
concession_cost__reference__reassure,concession_cost,reference,both_own,816,0.8286935888445387,0.2795864459873958,4.2745098039215685,0.17978448022188695,0.3242396382713431,0.27098651960784315,0.9325980392156863,0.35171568627450983,0.11121323529411764
concession_cost__reference__sham,concession_cost,reference,all,2000,0.8884371809572269,0.20918718095722696,4.411,0.09811412359760785,0.2460589731782742,0.28065625,0.9711875,0.4485,0.13040625
concession_cost__reference__sham,concession_cost,reference,both_own,816,0.8325247145447817,0.28341757168763887,4.464460784313726,0.17392176823356906,0.3283452367945221,0.2688419117647059,0.9572610294117647,0.5514705882352942,0.1246936274509804
concession_cost__reference__silence,concession_cost,reference,all,2000,0.8884371809572269,0.20918718095722696,4.411,0.09811412359760785,0.2460589731782742,0.28065625,0.9711875,0.4485,0.06790625
concession_cost__reference__silence,concession_cost,reference,both_own,816,0.8325247145447817,0.28341757168763887,4.464460784313726,0.17392176823356906,0.3283452367945221,0.2688419117647059,0.9572610294117647,0.5514705882352942,0.06219362745098039
concession_cost__reference__remove_cost,concession_cost,reference,all,2000,0.8917415039217865,0.21249150392178648,4.001,0.08688988500816805,0.2484191626562262,0.30278125,0.9220625,0.0745,0.04359375
concession_cost__reference__remove_cost,concession_cost,reference,both_own,816,0.838630771993072,0.2895236291359291,4.080882352941177,0.15473082314959746,0.3373700175569634,0.2925857843137255,0.9064031862745098,0.1642156862745098,0.044730392156862746
concession_cost__reference__remove_gamma,concession_cost,reference,all,2000,0.8959469673422845,0.2166969673422844,4.29,0.08091751739147858,0.25144703597505075,0.30009375,0.9751875,0.4485,0.07121875
concession_cost__reference__remove_gamma,concession_cost,reference,both_own,816,0.8420588347039041,0.2929516918467611,4.384803921568627,0.14530185410550636,0.3417447055576165,0.28791360294117646,0.9655330882352942,0.5563725490196079,0.06870404411764706
concession_cost__reference__force_open,concession_cost,reference,all,2000,0.9219522542707589,0.24270225427075887,6.0565,0.061158539451959086,0.2679877507242783,0.1220625,0.971375,0.43,0.07125
concession_cost__reference__force_open,concession_cost,reference,both_own,816,0.8848688455192671,0.3357617026621243,6.16421568627451,0.10828778310105029,0.3685963454351315,0.11557904411764706,0.9600183823529411,0.5220588235294118,0.06755514705882353
access_protection__access_protection__reassure,access_protection,access_protection,all,2000,0.8371079209474549,0.15785792094745482,2.3155,0.15056635817509578,0.2094641418686042,0.415625,0.9533125,0.1515,0.088375
access_protection__access_protection__reassure,access_protection,access_protection,both_own,816,0.7532500964089501,0.20414295355180723,2.3075980392156863,0.25168328264905726,0.2692896133537556,0.41490502450980393,0.9180453431372549,0.3272058823529412,0.1013327205882353
access_protection__access_protection__sham,access_protection,access_protection,all,2000,0.8366807032572654,0.15743070325726535,2.313,0.1506325509167228,0.20931086481987182,0.4158125,0.953625,0.152,0.08846875
access_protection__access_protection__sham,access_protection,access_protection,both_own,816,0.7531102970107255,0.20400315415358253,2.3051470588235294,0.2524403186644629,0.2686568618598813,0.4149816176470588,0.9183517156862745,0.3272058823529412,0.1016390931372549
access_protection__access_protection__silence,access_protection,access_protection,all,2000,0.8366807032572654,0.15743070325726535,2.313,0.1506325509167228,0.20931086481987182,0.4158125,0.953625,0.152,0.02596875
access_protection__access_protection__silence,access_protection,access_protection,both_own,816,0.7531102970107255,0.20400315415358253,2.3051470588235294,0.2524403186644629,0.2686568618598813,0.4149816176470588,0.9183517156862745,0.3272058823529412,0.0391390931372549
access_protection__access_protection__remove_cost,access_protection,access_protection,all,2000,0.8382814863137117,0.1590314863137117,2.159,0.13621205864792468,0.2117579294781256,0.43853125,0.9620625,0.118,0.027375
access_protection__access_protection__remove_cost,access_protection,access_protection,both_own,816,0.7503821649646903,0.20127502210754736,2.1127450980392157,0.22725667897982801,0.2766867727404632,0.44125306372549017,0.9264705882352942,0.2549019607843137,0.0428921568627451
access_protection__access_protection__remove_gamma,access_protection,access_protection,all,2000,0.8708515871385359,0.1916015871385359,2.951,0.11215944011156116,0.23221974160580394,0.3636875,0.95775,0.096,0.024625
access_protection__access_protection__remove_gamma,access_protection,access_protection,both_own,816,0.8065969362413509,0.257489793384208,3.1348039215686274,0.18496840009752444,0.31523458234796886,0.3566942401960784,0.9195772058823529,0.20955882352941177,0.03768382352941176
access_protection__access_protection__force_open,access_protection,access_protection,all,2000,0.8914284148780731,0.21217841487807318,4.1975,0.09175030459175092,0.2510442807420939,0.19396875,0.94975,0.0815,0.02571875
access_protection__access_protection__force_open,access_protection,access_protection,both_own,816,0.8425604358408849,0.2934532929837421,4.294117647058823,0.14720873294477926,0.3389629471228328,0.19339767156862744,0.9082414215686274,0.17279411764705882,0.0389093137254902
reference__reference__no_gate,reference,reference,all,2000,0.9284762618048105,0.24922626180481042,6.1065,0.06606305004949536,0.27352930374393314,0.351875,0.965125,0.055,0.02028125
reference__reference__no_gate,reference,reference,both_own,816,0.8949961809024805,0.34588903804533755,6.3125,0.1104885364630929,0.3733539228816407,0.3509497549019608,0.9402573529411765,0.11151960784313726,0.027573529411764705
access_protection__access_protection__no_gate,access_protection,access_protection,all,2000,0.9160201543733776,0.23677015437337764,5.6915,0.07104705827370496,0.2675769428452551,0.3533125,0.960375,0.06,0.022125
access_protection__access_protection__no_gate,access_protection,access_protection,both_own,816,0.8781519206616182,0.3290447778044752,5.6911764705882355,0.11658375697673193,0.3642005582125504,0.3522518382352941,0.9338235294117647,0.11029411764705882,0.03125
