contrast,metric,generator,n,mean,lo,hi
labels_evidence minus actions_evidence,correct_A,all,480,0.0125,-0.023117226349120074,0.04811722634912008
labels_evidence minus actions_evidence,correct_A,access_protection,120,-0.016666666666666666,-0.10940101915116376,0.07606768581783044
labels_evidence minus actions_evidence,correct_A,attenuated,120,0.016666666666666666,-0.05662333835858428,0.08995667169191761
labels_evidence minus actions_evidence,correct_A,concession_cost,120,0.016666666666666666,-0.029627928509051858,0.0629612618423852
labels_evidence minus actions_evidence,correct_A,reference,120,0.03333333333333333,-0.031999999999999994,0.09866666666666665
labels_evidence minus actions_evidence,posterior_true_A,all,480,0.025464108515247295,0.015275690275769215,0.035652526754725376
labels_evidence minus actions_evidence,posterior_true_A,access_protection,120,0.07202700366040957,0.03998362314324624,0.10407038417757289
labels_evidence minus actions_evidence,posterior_true_A,attenuated,120,0.007849136850033106,-0.002884162837186271,0.018582436537252483
labels_evidence minus actions_evidence,posterior_true_A,concession_cost,120,0.005603680174432853,-8.827502982085636e-05,0.011295635378686563
labels_evidence minus actions_evidence,posterior_true_A,reference,120,0.016376613376113656,-0.0036618892856128543,0.036415116037840166
labels_evidence minus actions_evidence,correct_B,all,480,0.04583333333333333,0.017222612285980203,0.07444405438068646
labels_evidence minus actions_evidence,correct_B,access_protection,120,0.03333333333333333,-0.01818682580253911,0.08485349246920577
labels_evidence minus actions_evidence,correct_B,attenuated,120,0.06666666666666667,-0.0018816798997784157,0.13521501323311175
labels_evidence minus actions_evidence,correct_B,concession_cost,120,0.041666666666666664,-0.0069659429585040775,0.0902992762918374
labels_evidence minus actions_evidence,correct_B,reference,120,0.041666666666666664,-0.01699515354313247,0.1003284868764658
labels_evidence minus actions_evidence,posterior_true_B,all,480,0.0217852166595814,0.013750167135440399,0.0298202661837224
labels_evidence minus actions_evidence,posterior_true_B,access_protection,120,0.03381702729314253,0.02083477128505718,0.04679928330122788
labels_evidence minus actions_evidence,posterior_true_B,attenuated,120,0.034551584162055456,0.012818243590314301,0.05628492473379661
labels_evidence minus actions_evidence,posterior_true_B,concession_cost,120,0.01673682197113576,0.0037779582940887756,0.029695685648182747
labels_evidence minus actions_evidence,posterior_true_B,reference,120,0.002035433211991843,-0.0123640196169881,0.016434886040971784
labels_evidence minus actions_evidence,arrival_logloss,all,480,-0.0726344007687187,-0.08242368984426092,-0.06284511169317648
labels_evidence minus actions_evidence,arrival_logloss,access_protection,120,-0.05106833582616093,-0.06748497491509654,-0.03465169673722532
labels_evidence minus actions_evidence,arrival_logloss,attenuated,120,-0.07466710355432653,-0.09392815667321172,-0.055406050435441334
labels_evidence minus actions_evidence,arrival_logloss,concession_cost,120,-0.10241543309001118,-0.12553832254114447,-0.07929254363887787
labels_evidence minus actions_evidence,arrival_logloss,reference,120,-0.06238673060437616,-0.08029245037954576,-0.044481010829206566
labels_evidence minus actions_evidence,act_logloss,all,480,-0.000346822326182455,-0.0013809767901540552,0.000687332137789145
labels_evidence minus actions_evidence,act_logloss,access_protection,120,-0.002700530427630222,-0.005080963451347717,-0.0003200974039127276
labels_evidence minus actions_evidence,act_logloss,attenuated,120,0.0005642227467335837,-0.0016600040338716124,0.0027884495273387796
labels_evidence minus actions_evidence,act_logloss,concession_cost,120,-0.000697347983206282,-0.0024778463765789695,0.0010831504101664054
labels_evidence minus actions_evidence,act_logloss,reference,120,0.0014463663593731015,-0.0003206154877459437,0.0032133482064921467
forms_evidence minus actions_evidence,correct_A,all,480,0.035416666666666666,0.0006365743440884947,0.07019675898924484
forms_evidence minus actions_evidence,correct_A,access_protection,120,0.10833333333333334,0.010482139119106573,0.20618452754756011
forms_evidence minus actions_evidence,correct_A,attenuated,120,-0.025,-0.09247708398223131,0.042477083982231316
forms_evidence minus actions_evidence,correct_A,concession_cost,120,0.008333333333333333,-0.035035957931761154,0.05170262459842782
forms_evidence minus actions_evidence,correct_A,reference,120,0.05,-0.006102846734944781,0.10610284673494479
forms_evidence minus actions_evidence,posterior_true_A,all,480,0.04810820598311827,0.036125568810157466,0.06009084315607907
forms_evidence minus actions_evidence,posterior_true_A,access_protection,120,0.13530732995394587,0.0986542794720327,0.17196038043585904
forms_evidence minus actions_evidence,posterior_true_A,attenuated,120,0.011768640420707292,0.0005116366537182959,0.023025644187696287
forms_evidence minus actions_evidence,posterior_true_A,concession_cost,120,0.008106732058088421,0.0009646261982456756,0.015248837917931166
forms_evidence minus actions_evidence,posterior_true_A,reference,120,0.03725012149973148,0.016105780138633886,0.05839446286082908
forms_evidence minus actions_evidence,correct_B,all,480,0.05,0.022640591557181143,0.07735940844281886
forms_evidence minus actions_evidence,correct_B,access_protection,120,0.041666666666666664,-0.012214405470406885,0.0955477388037402
forms_evidence minus actions_evidence,correct_B,attenuated,120,0.08333333333333333,0.01537621498182784,0.15129045168483882
forms_evidence minus actions_evidence,correct_B,concession_cost,120,0.025,-0.018162029427654644,0.06816202942765465
forms_evidence minus actions_evidence,correct_B,reference,120,0.05,-0.0010831694012659182,0.10108316940126592
forms_evidence minus actions_evidence,posterior_true_B,all,480,0.031246903533305934,0.022391448373556146,0.04010235869305572
forms_evidence minus actions_evidence,posterior_true_B,access_protection,120,0.0435915923882863,0.025895970242480856,0.061287214534091736
forms_evidence minus actions_evidence,posterior_true_B,attenuated,120,0.04729943372501767,0.02492683365335821,0.06967203379667714
forms_evidence minus actions_evidence,posterior_true_B,concession_cost,120,0.026581167169814623,0.013131771809810023,0.04003056252981922
forms_evidence minus actions_evidence,posterior_true_B,reference,120,0.0075154208501051175,-0.007844814984911123,0.02287565668512136
forms_evidence minus actions_evidence,arrival_logloss,all,480,-0.1185253102835045,-0.13004475192437306,-0.10700586864263595
forms_evidence minus actions_evidence,arrival_logloss,access_protection,120,-0.0884057634755098,-0.10913166125028705,-0.06767986570073255
forms_evidence minus actions_evidence,arrival_logloss,attenuated,120,-0.11273347982467707,-0.1352288564345826,-0.09023810321477153
forms_evidence minus actions_evidence,arrival_logloss,concession_cost,120,-0.1605827064640688,-0.1862839403044475,-0.1348814726236901
forms_evidence minus actions_evidence,arrival_logloss,reference,120,-0.11237929136976238,-0.13363236911671886,-0.0911262136228059
forms_evidence minus actions_evidence,act_logloss,all,480,0.0003431395365589024,-0.000915261679239345,0.00160154075235715
forms_evidence minus actions_evidence,act_logloss,access_protection,120,-0.003125892813963893,-0.005514354308696585,-0.0007374313192312016
forms_evidence minus actions_evidence,act_logloss,attenuated,120,0.0010059942281997769,-0.0015722994019120359,0.0035842878583115896
forms_evidence minus actions_evidence,act_logloss,concession_cost,120,0.0006646345068985151,-0.0015825208959628348,0.0029117899097598652
forms_evidence minus actions_evidence,act_logloss,reference,120,0.002827822225101211,9.112717937982164e-05,0.0055645172708226
