generator,metric,comparison,n,mean,lo,hi
all,arrival_logloss,labels_evidence over actions_evidence,96,0.09779608305717769,0.07432944313409895,0.12126272298025642
all,arrival_logloss,forms_evidence over actions_evidence,96,0.13523315876656036,0.10811920982657486,0.16234710770654587
all,act_logloss,labels_evidence over actions_evidence,96,-0.0011967233405142043,-0.003927245471881321,0.001533798790852912
all,act_logloss,forms_evidence over actions_evidence,96,-0.0006885201070402354,-0.003423488399366053,0.002046448185285582
all,posterior_true_A,labels_evidence over actions_evidence,96,0.019630153330860683,-0.009079874659990734,0.0483401813217121
all,posterior_true_A,forms_evidence over actions_evidence,96,0.022904117357987187,-0.001515038937523177,0.04732327365349755
all,correct_A,labels_evidence over actions_evidence,96,-0.010416666666666666,-0.09985349096703904,0.07902015763370569
all,correct_A,forms_evidence over actions_evidence,96,0.010416666666666666,-0.07417936988697335,0.0950127032203067
all,correct_B,labels_evidence over actions_evidence,96,0.0625,-0.007476969895741231,0.13247696989574123
all,correct_B,forms_evidence over actions_evidence,96,0.041666666666666664,-0.03466804564754573,0.11800137898087906
reference,arrival_logloss,labels_evidence over actions_evidence,24,0.09495629114633074,0.040455372648889924,0.14945720964377154
reference,arrival_logloss,forms_evidence over actions_evidence,24,0.11185131318672566,0.04840354697849458,0.17529907939495673
reference,act_logloss,labels_evidence over actions_evidence,24,-0.0034085674221560856,-0.007985808910774213,0.0011686740664620414
reference,act_logloss,forms_evidence over actions_evidence,24,-0.0033620747083229975,-0.007740053575027864,0.0010159041583818686
reference,posterior_true_A,labels_evidence over actions_evidence,24,0.03446177804651878,-0.015340031128559799,0.08426358722159735
reference,posterior_true_A,forms_evidence over actions_evidence,24,0.04396591721597892,-0.015473479804263904,0.10340531423622175
reference,correct_A,labels_evidence over actions_evidence,24,0.08333333333333333,-0.08,0.24666666666666665
reference,correct_A,forms_evidence over actions_evidence,24,0.08333333333333333,-0.08,0.24666666666666665
reference,correct_B,labels_evidence over actions_evidence,24,0.08333333333333333,-0.029622132218660363,0.19628879888532702
reference,correct_B,forms_evidence over actions_evidence,24,0.041666666666666664,-0.10181951742140014,0.18515285075473345
attenuated,arrival_logloss,labels_evidence over actions_evidence,24,0.10806565026914587,0.06706268251787496,0.14906861802041677
attenuated,arrival_logloss,forms_evidence over actions_evidence,24,0.1327976816816804,0.08423317878089523,0.18136218458246559
attenuated,act_logloss,labels_evidence over actions_evidence,24,-0.0038854475560455687,-0.010497947496773288,0.00272705238468215
attenuated,act_logloss,forms_evidence over actions_evidence,24,-0.0028906571103171907,-0.00982660077665589,0.00404528655602151
attenuated,posterior_true_A,labels_evidence over actions_evidence,24,0.01425098680173291,-0.018679687206073915,0.047181660809539734
attenuated,posterior_true_A,forms_evidence over actions_evidence,24,0.020005619659258126,-0.012680539079960595,0.05269177839847684
attenuated,correct_A,labels_evidence over actions_evidence,24,-0.08333333333333333,-0.284819358549694,0.11815269188302731
attenuated,correct_A,forms_evidence over actions_evidence,24,-0.08333333333333333,-0.2466666666666667,0.08000000000000003
attenuated,correct_B,labels_evidence over actions_evidence,24,0.041666666666666664,-0.10181951742140014,0.18515285075473345
attenuated,correct_B,forms_evidence over actions_evidence,24,0.041666666666666664,-0.10181951742140014,0.18515285075473345
concession_cost,arrival_logloss,labels_evidence over actions_evidence,24,0.11421001067534914,0.0692308564263475,0.15918916492435076
concession_cost,arrival_logloss,forms_evidence over actions_evidence,24,0.18511008300369522,0.13546758361703604,0.2347525823903544
concession_cost,act_logloss,labels_evidence over actions_evidence,24,-0.0012897748871902761,-0.005105919098197813,0.002526369323817261
concession_cost,act_logloss,forms_evidence over actions_evidence,24,-0.00015877229600209597,-0.005458523244262981,0.0051409786522587896
concession_cost,posterior_true_A,labels_evidence over actions_evidence,24,-0.005303899515931742,-0.018008625816540277,0.007400826784676794
concession_cost,posterior_true_A,forms_evidence over actions_evidence,24,-0.003967497147051371,-0.018297054071827478,0.010362059777724735
concession_cost,correct_A,labels_evidence over actions_evidence,24,0.041666666666666664,-0.10181951742140014,0.18515285075473345
concession_cost,correct_A,forms_evidence over actions_evidence,24,0.041666666666666664,-0.10181951742140014,0.18515285075473345
concession_cost,correct_B,labels_evidence over actions_evidence,24,0.16666666666666666,0.01435754798741537,0.318975785345918
concession_cost,correct_B,forms_evidence over actions_evidence,24,0.125,-0.05440824630038529,0.3044082463003853
access_protection,arrival_logloss,labels_evidence over actions_evidence,24,0.07395238013788501,0.026364500532578737,0.12154025974319127
access_protection,arrival_logloss,forms_evidence over actions_evidence,24,0.11117355719414006,0.05927737521807999,0.16306973917020012
access_protection,act_logloss,labels_evidence over actions_evidence,24,0.003796896503335114,-0.00234734218413538,0.009941135190805608
access_protection,act_logloss,forms_evidence over actions_evidence,24,0.0036574236864813426,-0.001140147774247436,0.00845499514721012
access_protection,posterior_true_A,labels_evidence over actions_evidence,24,0.035111747991122794,-0.06341131776227613,0.1336348137445217
access_protection,posterior_true_A,forms_evidence over actions_evidence,24,0.03161242970376307,-0.03793109234174305,0.1011559517492692
access_protection,correct_A,labels_evidence over actions_evidence,24,-0.08333333333333333,-0.284819358549694,0.11815269188302731
access_protection,correct_A,forms_evidence over actions_evidence,24,0.0,-0.2043441257759333,0.2043441257759333
access_protection,correct_B,labels_evidence over actions_evidence,24,-0.041666666666666664,-0.18515285075473345,0.10181951742140014
access_protection,correct_B,forms_evidence over actions_evidence,24,-0.041666666666666664,-0.18515285075473345,0.10181951742140014
