world,mode,paths,posterior_true_A,correct_A,arrival_logloss,max_posterior_difference_from_main
0,actions_evidence,4,0.2237883284196027,0,0.452394065700149,0.0255273890541523
0,actions_evidence,32,0.2200983654338841,0,0.4491386456023851,0.0263294733169123
0,labels_evidence,4,0.2674226306081353,0,0.324215469962021,0.0212461193010387
0,labels_evidence,32,0.2496897234060064,0,0.2946818347144039,0.0065201874131771
1,actions_evidence,4,0.9933795332706377,1,0.556622726258687,0.005679905476542846
1,actions_evidence,32,0.9994447391707223,1,0.5124517419513407,0.015293982243239024
1,labels_evidence,4,0.9995749725687534,1,0.47866590320606667,0.033922558838636374
1,labels_evidence,32,0.9995227563803968,1,0.47924281744331143,0.054839389154338
2,actions_evidence,4,0.9709731822948385,1,0.7120534736552978,0.015285851233882736
2,actions_evidence,32,0.9818784443422951,1,0.6063446450276057,0.028356176284650383
2,labels_evidence,4,0.9849293943209162,1,0.4887711771613061,0.04788868142455778
2,labels_evidence,32,0.9843774926356592,1,0.462771357471119,0.022127641554225086
3,actions_evidence,4,0.7494646789546437,1,0.5344074084134438,0.10945253535112356
3,actions_evidence,32,0.7609580328200997,1,0.5120656488595788,0.025854665655766162
3,labels_evidence,4,0.49652708711590066,1,0.5018751668622591,0.07565189788171262
3,labels_evidence,32,0.4252506282775875,1,0.5075831595485677,0.04282886663488311
4,actions_evidence,4,0.24963871432415544,0,0.5157528331141267,0.05421444124234373
4,actions_evidence,32,0.2477005202503598,0,0.4656318818465213,0.01221936415048075
4,labels_evidence,4,0.16398801155068887,0,0.49005688933767416,0.013375480323551375
4,labels_evidence,32,0.17969216766420593,0,0.49803936555730494,0.045369940533272146
5,actions_evidence,4,0.254758186802614,0,0.5904924529295469,0.03401017064036653
5,actions_evidence,32,0.27942927966047615,0,0.582478851839203,0.013941948591251793
5,labels_evidence,4,0.289939959600485,0,0.38723544727099823,0.06487657563241567
5,labels_evidence,32,0.26452824849732137,0,0.41429314458997796,0.04685488217566158
6,actions_evidence,4,0.32929985164275943,0,0.471999605643312,0.13790257204803663
6,actions_evidence,32,0.319555465503613,0,0.49320442902568895,0.028662798357445257
6,labels_evidence,4,0.33187525450515476,0,0.3559070813963985,0.0612419526096272
6,labels_evidence,32,0.32994457672642025,0,0.36513406383163316,0.03774873087276995
7,actions_evidence,4,0.417398236955335,1,0.4476390329472717,0.1868669285314414
7,actions_evidence,32,0.6692763010764573,1,0.40251536619330947,0.05627494557120877
7,labels_evidence,4,0.7640694994649915,1,0.24733992541266947,0.00354537791061299
7,labels_evidence,32,0.7672899321365941,1,0.25199227863735896,0.003919945304737049
8,actions_evidence,4,0.974684730671376,1,0.5397935782101805,0.1204747957953679
8,actions_evidence,32,0.9851603546966335,1,0.5216345394466853,0.12403496156919588
8,labels_evidence,4,0.9964791909425276,1,0.6135833288440401,0.0007458148849465579
8,labels_evidence,32,0.9954521481135478,1,0.583856753170309,0.005092806347418044
9,actions_evidence,4,0.19963553010477897,0,0.5431094299205146,0.050914458348760544
9,actions_evidence,32,0.23317288918370277,0,0.5673688593405806,0.023597730664312783
9,labels_evidence,4,0.2850799637530198,0,0.5164524805048167,0.019968302569812052
9,labels_evidence,32,0.301878824451262,0,0.4871967232320224,0.0358394521622189
10,actions_evidence,4,0.24993527508896177,0,0.2903183530438961,0.00526789348416129
10,actions_evidence,32,0.25783819049064954,1,0.306260713303749,0.02000178734215921
10,labels_evidence,4,0.2393277041186946,0,0.20496012459351595,0.04769500441904312
10,labels_evidence,32,0.2244507057658548,0,0.219567592979358,0.060326788324702146
11,actions_evidence,4,0.3716574401029997,1,0.30997354440708297,0.005148428998294319
11,actions_evidence,32,0.3262584098220349,1,0.32119567078704725,0.02186631329639814
11,labels_evidence,4,0.128794224119742,0,0.3142478305261542,0.01455439596382057
11,labels_evidence,32,0.15534328906218023,0,0.3044714474717463,0.0033552646931056043
12,actions_evidence,4,0.47198226118586545,1,0.7069198487575997,0.048206017125598175
12,actions_evidence,32,0.3383252768882908,0,0.7353475873903447,0.03592037836262278
12,labels_evidence,4,0.7238278259640286,1,0.5909492776033978,0.027519970754337215
12,labels_evidence,32,0.7272222477337726,1,0.5825037608249491,0.039845935002401384
13,actions_evidence,4,0.25510898098259094,1,0.43000982892943534,0.006225543819904575
13,actions_evidence,32,0.24842829342672684,0,0.46951398258429783,0.02349655837112577
13,labels_evidence,4,0.16375038736110548,0,0.3429361912251285,0.04617526378318451
13,labels_evidence,32,0.19699884322290476,0,0.37853865344512205,0.016276886649469052
14,actions_evidence,4,0.21521481431239714,0,0.34562769438214375,0.03296759487659234
14,actions_evidence,32,0.21775397320651962,0,0.35613614168220137,0.015150571200747157
14,labels_evidence,4,0.17380126943312962,0,0.26769637566629784,0.010217267747469588
14,labels_evidence,32,0.16946650228268506,0,0.2710077056378428,0.017352979490539933
15,actions_evidence,4,0.2788411640564282,1,0.4758268919514473,0.03911687497498778
15,actions_evidence,32,0.26082560140637123,0,0.46713270252914874,0.01315254386778758
15,labels_evidence,4,0.29573127270509514,1,0.3245217643984661,0.01986079233975027
15,labels_evidence,32,0.27089728085171433,0,0.3363139516943914,0.00904897025511564
