condition,event,p_truth,gap
reference__reference__beta0.0,0,0.6792500000000001,0.3544285714285714
reference__reference__beta0.0,1,0.7234231898092433,0.309565378234852
reference__reference__beta0.0,2,0.7629573393384018,0.24807160316086047
reference__reference__beta0.0,3,0.7757941501970389,0.23524805343268188
reference__reference__beta0.0,4,0.7876698093566847,0.21571333361448392
reference__reference__beta0.0,5,0.7982407799469684,0.2049485185287563
reference__reference__beta0.0,6,0.8061791429150235,0.18986762937251128
reference__reference__beta0.0,7,0.815215343388127,0.18123320141973112
reference__reference__beta0.0,8,0.8223239676719929,0.1704694159260685
reference__reference__beta0.0,9,0.8299170366862908,0.16281917053956205
reference__reference__beta0.0,10,0.8352580719824056,0.15485619724135452
reference__reference__beta0.0,11,0.841014380859098,0.14862207629595448
reference__reference__beta0.0,12,0.8488425466677649,0.14122107604813214
reference__reference__beta0.0,13,0.8541975248416724,0.1363346433817516
reference__reference__beta0.0,14,0.85980450967611,0.13015811574611655
reference__reference__beta0.0,15,0.8624397809582617,0.12507973438048298
reference__reference__beta0.0,16,0.866991916846559,0.11981720399171891
reference__attenuated__beta0.0,0,0.6792500000000001,0.3544285714285714
reference__attenuated__beta0.0,1,0.7194201642609099,0.31541236271714856
reference__attenuated__beta0.0,2,0.7555880184445734,0.2570496663544625
reference__attenuated__beta0.0,3,0.7674553402402713,0.2459256948548328
reference__attenuated__beta0.0,4,0.7756196093766018,0.23306752893423963
reference__attenuated__beta0.0,5,0.7842037241797496,0.2242951771710566
reference__attenuated__beta0.0,6,0.7910199537086953,0.21312612317638435
reference__attenuated__beta0.0,7,0.7991626331072916,0.20523478030543255
reference__attenuated__beta0.0,8,0.804963861196315,0.1963141193966328
reference__attenuated__beta0.0,9,0.8109881597271805,0.18927002235844503
reference__attenuated__beta0.0,10,0.8148280640964123,0.18389983406144944
reference__attenuated__beta0.0,11,0.8196721491470996,0.1782833519547482
reference__attenuated__beta0.0,12,0.8256858618043653,0.1733685866992875
reference__attenuated__beta0.0,13,0.8303461757765838,0.16867872053800825
reference__attenuated__beta0.0,14,0.8341042546629028,0.16297275446063703
reference__attenuated__beta0.0,15,0.8372117677719548,0.16003846358472082
reference__attenuated__beta0.0,16,0.8412185294307458,0.15569431494966754
reference__concession_cost__beta0.0,0,0.6792500000000001,0.3544285714285714
reference__concession_cost__beta0.0,1,0.7234231898092433,0.309565378234852
reference__concession_cost__beta0.0,2,0.7592001554161412,0.23656021982044695
reference__concession_cost__beta0.0,3,0.773624531880568,0.22285736299193173
reference__concession_cost__beta0.0,4,0.7862454295462901,0.20697003579043105
reference__concession_cost__beta0.0,5,0.7985229314161912,0.19329480941957355
reference__concession_cost__beta0.0,6,0.8075164060758392,0.18093712907008386
reference__concession_cost__beta0.0,7,0.8179591681225586,0.17046755659692564
reference__concession_cost__beta0.0,8,0.8258159091755399,0.16032440549931692
reference__concession_cost__beta0.0,9,0.834127794006754,0.15071230743153108
reference__concession_cost__beta0.0,10,0.8392237754854049,0.1438330669821644
reference__concession_cost__beta0.0,11,0.8449431029715552,0.1364543079166873
reference__concession_cost__beta0.0,12,0.8523534214179865,0.1310506592923542
reference__concession_cost__beta0.0,13,0.8589118466498712,0.1245236108252059
reference__concession_cost__beta0.0,14,0.8635727378429383,0.11892018274396983
reference__concession_cost__beta0.0,15,0.8658952971322376,0.11322672004351712
reference__concession_cost__beta0.0,16,0.8714049012200124,0.10770802416969306
reference__access_protection__beta0.0,0,0.6792500000000001,0.3544285714285714
reference__access_protection__beta0.0,1,0.7234231898092433,0.309565378234852
reference__access_protection__beta0.0,2,0.7600932656376983,0.2505905128592755
reference__access_protection__beta0.0,3,0.7726259082660589,0.2374233996196092
reference__access_protection__beta0.0,4,0.7816453461290583,0.22258919571630992
reference__access_protection__beta0.0,5,0.7894915920547982,0.21334080298657926
reference__access_protection__beta0.0,6,0.7954097966369229,0.20116264025202163
reference__access_protection__beta0.0,7,0.8033659063753601,0.19118904472410309
reference__access_protection__beta0.0,8,0.8083169157964919,0.1827251676986408
reference__access_protection__beta0.0,9,0.815028687429887,0.17590192010809683
reference__access_protection__beta0.0,10,0.8196959077367223,0.16865586515249795
reference__access_protection__beta0.0,11,0.8259769852727838,0.16188930152890402
reference__access_protection__beta0.0,12,0.8308125944594572,0.1582852362532025
reference__access_protection__beta0.0,13,0.8354026446604714,0.15435056692935512
reference__access_protection__beta0.0,14,0.8400198672661842,0.14957437025239312
reference__access_protection__beta0.0,15,0.8421236423990567,0.1450570387335368
reference__access_protection__beta0.0,16,0.8453570928329629,0.14053553278617292
attenuated__reference__beta0.0,0,0.6792500000000001,0.3544285714285714
attenuated__reference__beta0.0,1,0.7188770383712472,0.3162534324895022
attenuated__reference__beta0.0,2,0.7574052586833888,0.2572286377827046
attenuated__reference__beta0.0,3,0.767056109512752,0.2491266459280419
attenuated__reference__beta0.0,4,0.7768717647167972,0.232705820677743
attenuated__reference__beta0.0,5,0.7849010130995601,0.22434064298093964
attenuated__reference__beta0.0,6,0.7913133977138178,0.2131764038337482
attenuated__reference__beta0.0,7,0.7971108255921181,0.20596217245576556
attenuated__reference__beta0.0,8,0.8026290245577818,0.19734398867053
attenuated__reference__beta0.0,9,0.8084568219699836,0.19150033132129804
attenuated__reference__beta0.0,10,0.8142461400283922,0.18304514959314158
attenuated__reference__beta0.0,11,0.8191607292500394,0.18071108909678435
attenuated__reference__beta0.0,12,0.8260380282042639,0.17637609801675308
attenuated__reference__beta0.0,13,0.830234237445925,0.17166513440903197
attenuated__reference__beta0.0,14,0.8348925843429272,0.1688301671658583
attenuated__reference__beta0.0,15,0.8382177249571007,0.16609845731330233
attenuated__reference__beta0.0,16,0.8420332979225661,0.1626041237032002
attenuated__attenuated__beta0.0,0,0.6792500000000001,0.3544285714285714
attenuated__attenuated__beta0.0,1,0.7148740128229137,0.32031265925414426
attenuated__attenuated__beta0.0,2,0.7496642509229439,0.2608024338280584
attenuated__attenuated__beta0.0,3,0.7574865719956193,0.25458482123526077
attenuated__attenuated__beta0.0,4,0.7633609528396543,0.24135042109253033
attenuated__attenuated__beta0.0,5,0.7682072031695117,0.23381244396331052
attenuated__attenuated__beta0.0,6,0.7730344853846579,0.22370104981705677
attenuated__attenuated__beta0.0,7,0.7774489261533091,0.21594283663980207
attenuated__attenuated__beta0.0,8,0.7820819872608517,0.20855441756254106
attenuated__attenuated__beta0.0,9,0.7857318542672089,0.20288598963638593
attenuated__attenuated__beta0.0,10,0.7894663845887613,0.19615246207739545
attenuated__attenuated__beta0.0,11,0.7927546344075823,0.19188546535105486
attenuated__attenuated__beta0.0,12,0.7973561707061102,0.1881514878486368
attenuated__attenuated__beta0.0,13,0.801092111841665,0.1845581752579096
attenuated__attenuated__beta0.0,14,0.8040580505673536,0.1805676765305255
attenuated__attenuated__beta0.0,15,0.806995380735026,0.17822379269501643
attenuated__attenuated__beta0.0,16,0.809765130068872,0.1754824901722602
attenuated__concession_cost__beta0.0,0,0.6792500000000001,0.3544285714285714
attenuated__concession_cost__beta0.0,1,0.7188770383712472,0.3162534324895022
attenuated__concession_cost__beta0.0,2,0.7533741870458491,0.24785267387907284
attenuated__concession_cost__beta0.0,3,0.764456247943311,0.23967711387346285
attenuated__concession_cost__beta0.0,4,0.7754290215209412,0.22669600778302773
attenuated__concession_cost__beta0.0,5,0.7854614946576487,0.21536628900541804
attenuated__concession_cost__beta0.0,6,0.793195239994483,0.20468000736708364
attenuated__concession_cost__beta0.0,7,0.8005153804122842,0.19576657076053347
attenuated__concession_cost__beta0.0,8,0.806851550951324,0.18808302325018342
attenuated__concession_cost__beta0.0,9,0.813310987463519,0.1801267695563591
attenuated__concession_cost__beta0.0,10,0.819094667124154,0.17332365399036473
attenuated__concession_cost__beta0.0,11,0.824034335670686,0.16857925831540393
attenuated__concession_cost__beta0.0,12,0.8310271230445939,0.1648462292877329
attenuated__concession_cost__beta0.0,13,0.8358664145368326,0.15882380911302557
attenuated__concession_cost__beta0.0,14,0.8403188084234102,0.15705955333169
attenuated__concession_cost__beta0.0,15,0.8434941061663719,0.1527946089005831
attenuated__concession_cost__beta0.0,16,0.8480951319576194,0.14886357576881964
attenuated__access_protection__beta0.0,0,0.6792500000000001,0.3544285714285714
attenuated__access_protection__beta0.0,1,0.7188770383712472,0.3162534324895022
attenuated__access_protection__beta0.0,2,0.7551522774136815,0.2589419822042687
attenuated__access_protection__beta0.0,3,0.7643980488517256,0.25070029470477895
attenuated__access_protection__beta0.0,4,0.7718809699811647,0.23862294985484403
attenuated__access_protection__beta0.0,5,0.7782287928016134,0.23021262176962506
attenuated__access_protection__beta0.0,6,0.7830948015980257,0.21940416672843474
attenuated__access_protection__beta0.0,7,0.7888274640197137,0.21136137890935355
attenuated__access_protection__beta0.0,8,0.7930037382346452,0.20378951292067837
attenuated__access_protection__beta0.0,9,0.7975614290927089,0.19877346001862664
attenuated__access_protection__beta0.0,10,0.8019467346497248,0.1920104028776504
attenuated__access_protection__beta0.0,11,0.8066998273988211,0.1879839036389622
attenuated__access_protection__beta0.0,12,0.811514853593268,0.1857389440580763
attenuated__access_protection__beta0.0,13,0.8147204621830072,0.18076551945118496
attenuated__access_protection__beta0.0,14,0.8186145448826624,0.1787088452077353
attenuated__access_protection__beta0.0,15,0.8207380640123292,0.17572645487907487
attenuated__access_protection__beta0.0,16,0.8236295519163118,0.17265231065591688
concession_cost__reference__beta0.0,0,0.6792500000000001,0.3544285714285714
concession_cost__reference__beta0.0,1,0.7212728425996188,0.30796394413759864
concession_cost__reference__beta0.0,2,0.7621722217838643,0.2396958927682789
concession_cost__reference__beta0.0,3,0.7754141544750514,0.22693092251775157
concession_cost__reference__beta0.0,4,0.7888048528760137,0.2045450842645451
concession_cost__reference__beta0.0,5,0.8010766809693312,0.19262768856383647
concession_cost__reference__beta0.0,6,0.8100334317864558,0.17636648578197678
concession_cost__reference__beta0.0,7,0.8182094743343413,0.16854582113044608
concession_cost__reference__beta0.0,8,0.8261215108584673,0.15512744159587755
concession_cost__reference__beta0.0,9,0.8335341088064517,0.14705859433103344
concession_cost__reference__beta0.0,10,0.8398249589936406,0.13642721614631392
concession_cost__reference__beta0.0,11,0.846077390070369,0.13073488391419497
concession_cost__reference__beta0.0,12,0.8540413550923981,0.12294635168146231
concession_cost__reference__beta0.0,13,0.8592723985262603,0.11864547249057884
concession_cost__reference__beta0.0,14,0.8669847170925313,0.11126533098158754
concession_cost__reference__beta0.0,15,0.872235233403143,0.10564337674289075
concession_cost__reference__beta0.0,16,0.8784983313554409,0.10045488014177997
concession_cost__attenuated__beta0.0,0,0.6792500000000001,0.3544285714285714
concession_cost__attenuated__beta0.0,1,0.7170260345731623,0.3126634542874608
concession_cost__attenuated__beta0.0,2,0.7542623991302602,0.2501602679129617
concession_cost__attenuated__beta0.0,3,0.7665972667336204,0.23834187845939317
concession_cost__attenuated__beta0.0,4,0.7758888022513365,0.22298826670085037
concession_cost__attenuated__beta0.0,5,0.7852386784368686,0.21290493653633347
concession_cost__attenuated__beta0.0,6,0.7934266005646906,0.20047296741373744
concession_cost__attenuated__beta0.0,7,0.8005093084121524,0.19334746445769452
concession_cost__attenuated__beta0.0,8,0.8071553058127297,0.1829986632337404
concession_cost__attenuated__beta0.0,9,0.8136910299586596,0.17632203786448417
concession_cost__attenuated__beta0.0,10,0.8186379246220188,0.16882577815737
concession_cost__attenuated__beta0.0,11,0.8240002212941352,0.16574086492178447
concession_cost__attenuated__beta0.0,12,0.830234513752029,0.1591638328055195
concession_cost__attenuated__beta0.0,13,0.8348248773413347,0.15525173420054508
concession_cost__attenuated__beta0.0,14,0.8396785525811887,0.15042798956189546
concession_cost__attenuated__beta0.0,15,0.8443927707711409,0.14707094685838956
concession_cost__attenuated__beta0.0,16,0.8489393791929261,0.1420635210199482
concession_cost__concession_cost__beta0.0,0,0.6792500000000001,0.3544285714285714
concession_cost__concession_cost__beta0.0,1,0.7212728425996188,0.30796394413759864
concession_cost__concession_cost__beta0.0,2,0.7589333429087433,0.22846175709588867
concession_cost__concession_cost__beta0.0,3,0.774178463488825,0.21543404148787818
concession_cost__concession_cost__beta0.0,4,0.7886728784363278,0.19550783278868825
concession_cost__concession_cost__beta0.0,5,0.8023812187565075,0.18058762849577206
concession_cost__concession_cost__beta0.0,6,0.812024501008111,0.1665138366796296
concession_cost__concession_cost__beta0.0,7,0.8212146797911934,0.15669464274351133
concession_cost__concession_cost__beta0.0,8,0.8295948224018764,0.14473852019872824
concession_cost__concession_cost__beta0.0,9,0.8378326108399724,0.1345726381918065
concession_cost__concession_cost__beta0.0,10,0.8443744858959278,0.1255429072714805
concession_cost__concession_cost__beta0.0,11,0.8509397524093315,0.11839475927995138
concession_cost__concession_cost__beta0.0,12,0.8596259236696951,0.11107716714093127
concession_cost__concession_cost__beta0.0,13,0.8660701264751888,0.1048785639541616
concession_cost__concession_cost__beta0.0,14,0.8726085444565042,0.09941603544049088
concession_cost__concession_cost__beta0.0,15,0.8769141855085764,0.09264303160356369
concession_cost__concession_cost__beta0.0,16,0.8831049293709374,0.08764117356459002
concession_cost__access_protection__beta0.0,0,0.6792500000000001,0.3544285714285714
concession_cost__access_protection__beta0.0,1,0.7212728425996188,0.30796394413759864
concession_cost__access_protection__beta0.0,2,0.758186919611592,0.24291607916677738
concession_cost__access_protection__beta0.0,3,0.771096708090249,0.22966029463902515
concession_cost__access_protection__beta0.0,4,0.781014131064729,0.2121977893393381
concession_cost__access_protection__beta0.0,5,0.7905456184360382,0.20247131499716645
concession_cost__access_protection__beta0.0,6,0.7971830600350533,0.18905200822495846
concession_cost__access_protection__beta0.0,7,0.8043231260537314,0.18031403481570885
concession_cost__access_protection__beta0.0,8,0.8101137824234433,0.1695433997412922
concession_cost__access_protection__beta0.0,9,0.8160604411864039,0.16198284207629482
concession_cost__access_protection__beta0.0,10,0.8208910245263749,0.1531467769742059
concession_cost__access_protection__beta0.0,11,0.828249901177603,0.14690875466243739
concession_cost__access_protection__beta0.0,12,0.8333358963754486,0.14116500719298627
concession_cost__access_protection__beta0.0,13,0.8376811889798323,0.13682207093105767
concession_cost__access_protection__beta0.0,14,0.8417753905533023,0.13119447699641962
concession_cost__access_protection__beta0.0,15,0.8456366749455633,0.12634239800863298
concession_cost__access_protection__beta0.0,16,0.849835538032466,0.12265530330090035
access_protection__reference__beta0.0,0,0.6792500000000001,0.3544285714285714
access_protection__reference__beta0.0,1,0.717898677472316,0.31527689288811955
access_protection__reference__beta0.0,2,0.7558819886117695,0.2548718601214761
access_protection__reference__beta0.0,3,0.7669059452089966,0.2453781940307157
access_protection__reference__beta0.0,4,0.7779872287118876,0.22646882433671042
access_protection__reference__beta0.0,5,0.7846546803623716,0.21797943466180836
access_protection__reference__beta0.0,6,0.7925883589991265,0.2052640891672878
access_protection__reference__beta0.0,7,0.7995232078685767,0.19752963153656627
access_protection__reference__beta0.0,8,0.8062785005751674,0.1869721645935461
access_protection__reference__beta0.0,9,0.8122291749758751,0.17945180791771564
access_protection__reference__beta0.0,10,0.8161212771445621,0.17118225808593054
access_protection__reference__beta0.0,11,0.8214162135212115,0.16510364748298134
access_protection__reference__beta0.0,12,0.8276495596536262,0.16025594094170315
access_protection__reference__beta0.0,13,0.8326436751079359,0.15527122733365
access_protection__reference__beta0.0,14,0.8374286544984643,0.1498658220650549
access_protection__reference__beta0.0,15,0.8405760893137063,0.14519886919805816
access_protection__reference__beta0.0,16,0.8451754176221773,0.13921692878524944
access_protection__attenuated__beta0.0,0,0.6792500000000001,0.3544285714285714
access_protection__attenuated__beta0.0,1,0.7158365770545027,0.3180310423268548
access_protection__attenuated__beta0.0,2,0.7515992592775048,0.2600870885767348
access_protection__attenuated__beta0.0,3,0.7614936467574029,0.25159154454053995
access_protection__attenuated__beta0.0,4,0.7694304391587657,0.23771481785695955
access_protection__attenuated__beta0.0,5,0.7750609984112627,0.23020237456243797
access_protection__attenuated__beta0.0,6,0.7814534537106204,0.21931019031216115
access_protection__attenuated__beta0.0,7,0.7872024551084499,0.21274615670412375
access_protection__attenuated__beta0.0,8,0.7929083213577228,0.2049462495701005
access_protection__attenuated__beta0.0,9,0.797739809901004,0.1991925899159122
access_protection__attenuated__beta0.0,10,0.8016510922302436,0.192942474276102
access_protection__attenuated__beta0.0,11,0.8056595040668532,0.18833725651936745
access_protection__attenuated__beta0.0,12,0.8100808463518686,0.1844051807568377
access_protection__attenuated__beta0.0,13,0.8142565303243053,0.18042341041569138
access_protection__attenuated__beta0.0,14,0.8173770894225947,0.17587886380956405
access_protection__attenuated__beta0.0,15,0.8203824508145496,0.1728349335561818
access_protection__attenuated__beta0.0,16,0.8242720815958573,0.16920193981794188
access_protection__concession_cost__beta0.0,0,0.6792500000000001,0.3544285714285714
access_protection__concession_cost__beta0.0,1,0.717898677472316,0.31527689288811955
access_protection__concession_cost__beta0.0,2,0.7524594103342235,0.24295995508875454
access_protection__concession_cost__beta0.0,3,0.7648011205563057,0.23168648897282967
access_protection__concession_cost__beta0.0,4,0.7768162795252215,0.21671541455219973
access_protection__concession_cost__beta0.0,5,0.7848726738996117,0.2050692469724857
access_protection__concession_cost__beta0.0,6,0.794156856480357,0.1933723254165941
access_protection__concession_cost__beta0.0,7,0.8012442920792052,0.18450777624892295
access_protection__concession_cost__beta0.0,8,0.8099341304633461,0.17445471212998115
access_protection__concession_cost__beta0.0,9,0.8165378093851516,0.16574082195839
access_protection__concession_cost__beta0.0,10,0.8199666564973703,0.15910619495426745
access_protection__concession_cost__beta0.0,11,0.8250491801875705,0.15163574069053687
access_protection__concession_cost__beta0.0,12,0.8319800513798862,0.14733302253970984
access_protection__concession_cost__beta0.0,13,0.8368186416212734,0.14058114154933293
access_protection__concession_cost__beta0.0,14,0.8408304623809304,0.13559984443350998
access_protection__concession_cost__beta0.0,15,0.8442316058739829,0.1300314190017568
access_protection__concession_cost__beta0.0,16,0.8500004858623657,0.12476623990923467
access_protection__access_protection__beta0.0,0,0.6792500000000001,0.3544285714285714
access_protection__access_protection__beta0.0,1,0.717898677472316,0.31527689288811955
access_protection__access_protection__beta0.0,2,0.7540951533129566,0.25572557970162635
access_protection__access_protection__beta0.0,3,0.7649594566498737,0.24559338698266758
access_protection__access_protection__beta0.0,4,0.7744410796737973,0.23008604902181534
access_protection__access_protection__beta0.0,5,0.7803360312806645,0.22205673437878237
access_protection__access_protection__beta0.0,6,0.7863326893914792,0.21029458075687546
access_protection__access_protection__beta0.0,7,0.7924514933361647,0.20243918301667194
access_protection__access_protection__beta0.0,8,0.7978123203759039,0.19367211616715221
access_protection__access_protection__beta0.0,9,0.8038243957434776,0.18627699567383496
access_protection__access_protection__beta0.0,10,0.8073478092250692,0.17924695629230997
access_protection__access_protection__beta0.0,11,0.8117130908267304,0.17311741765839006
access_protection__access_protection__beta0.0,12,0.8162148826157548,0.1696850413245631
access_protection__access_protection__beta0.0,13,0.8198469793508172,0.16520979116176063
access_protection__access_protection__beta0.0,14,0.8246037398677072,0.160306610027003
access_protection__access_protection__beta0.0,15,0.8274818065879412,0.15619722500254976
access_protection__access_protection__beta0.0,16,0.8314349081423789,0.150781866949002
reference__reference__beta1.0,0,0.6792500000000001,0.3544285714285714
reference__reference__beta1.0,1,0.7264287711819257,0.3052349195341473
reference__reference__beta1.0,2,0.7680056188689454,0.23591307823052876
reference__reference__beta1.0,3,0.7835626713624916,0.21763856478435076
reference__reference__beta1.0,4,0.7973764473210035,0.19534310310790087
reference__reference__beta1.0,5,0.8094251593426963,0.18375550070296026
reference__reference__beta1.0,6,0.8203286106193214,0.1665288600228159
reference__reference__beta1.0,7,0.8300921631021201,0.15685810828262295
reference__reference__beta1.0,8,0.8382705497277282,0.14634199154771996
reference__reference__beta1.0,9,0.8451319108676205,0.13988125238888013
reference__reference__beta1.0,10,0.8500728404003309,0.1319585647412169
reference__reference__beta1.0,11,0.8557528976417853,0.124991107448401
reference__reference__beta1.0,12,0.8634625115806948,0.11898502330403368
reference__reference__beta1.0,13,0.8683175535278452,0.11459693812186589
reference__reference__beta1.0,14,0.8726485861296526,0.10992342913514251
reference__reference__beta1.0,15,0.8777319804321063,0.10494289838988408
reference__reference__beta1.0,16,0.885278670169355,0.09863528024373389
reference__attenuated__beta1.0,0,0.6792500000000001,0.3544285714285714
reference__attenuated__beta1.0,1,0.7216874606198153,0.3116874860531875
reference__attenuated__beta1.0,2,0.7588142234980517,0.24934644075029025
reference__attenuated__beta1.0,3,0.7725116712659855,0.23333566277764992
reference__attenuated__beta1.0,4,0.7825521848873039,0.2186629811797914
reference__attenuated__beta1.0,5,0.7917098336572816,0.2102101387717127
reference__attenuated__beta1.0,6,0.7997034016268855,0.19755018062524526
reference__attenuated__beta1.0,7,0.8083988218301084,0.1888141228740141
reference__attenuated__beta1.0,8,0.8148346812778308,0.1820501560934672
reference__attenuated__beta1.0,9,0.8211866063730195,0.1750219316835168
reference__attenuated__beta1.0,10,0.8262842418473285,0.170013934262585
reference__attenuated__beta1.0,11,0.8316961310648566,0.16451893453314323
reference__attenuated__beta1.0,12,0.8377378086023392,0.16014237797784345
reference__attenuated__beta1.0,13,0.8423029026015134,0.15694378456561567
reference__attenuated__beta1.0,14,0.8461959071307336,0.1528278744278217
reference__attenuated__beta1.0,15,0.8500937341644215,0.14901902634998626
reference__attenuated__beta1.0,16,0.8549860142195532,0.1450378971483088
reference__concession_cost__beta1.0,0,0.6792500000000001,0.3544285714285714
reference__concession_cost__beta1.0,1,0.7264287711819257,0.3052349195341473
reference__concession_cost__beta1.0,2,0.7652221304110656,0.22622840375464853
reference__concession_cost__beta1.0,3,0.7821892878832893,0.20639909553203886
reference__concession_cost__beta1.0,4,0.7981991476399051,0.187692762854759
reference__concession_cost__beta1.0,5,0.8124972368346791,0.17356703111690852
reference__concession_cost__beta1.0,6,0.8254555025159475,0.15787930108218232
reference__concession_cost__beta1.0,7,0.836591981625723,0.14644957495405495
reference__concession_cost__beta1.0,8,0.8454322790752126,0.13659906365992544
reference__concession_cost__beta1.0,9,0.8540656970513548,0.12733311387594465
reference__concession_cost__beta1.0,10,0.8597434744970053,0.12038797800480729
reference__concession_cost__beta1.0,11,0.8661115462948393,0.11214511932752547
reference__concession_cost__beta1.0,12,0.8748986298218232,0.10518701095506344
reference__concession_cost__beta1.0,13,0.8799008948960848,0.1002268557457337
reference__concession_cost__beta1.0,14,0.8845413210076146,0.0958729630569815
reference__concession_cost__beta1.0,15,0.8889112014901056,0.09046139917012899
reference__concession_cost__beta1.0,16,0.8944627948431405,0.08589471442128234
reference__access_protection__beta1.0,0,0.6792500000000001,0.3544285714285714
reference__access_protection__beta1.0,1,0.7264287711819257,0.3052349195341473
reference__access_protection__beta1.0,2,0.7633092318334613,0.23820305006626918
reference__access_protection__beta1.0,3,0.7769419338200588,0.22031929056660748
reference__access_protection__beta1.0,4,0.7872376528866267,0.20394682727203542
reference__access_protection__beta1.0,5,0.7966988985413715,0.19422197437786484
reference__access_protection__beta1.0,6,0.8042119534824964,0.1806143119763681
reference__access_protection__beta1.0,7,0.813143124721912,0.1718120417944313
reference__access_protection__beta1.0,8,0.8178631027792813,0.16395001544267396
reference__access_protection__beta1.0,9,0.8255765968070803,0.15783453132971428
reference__access_protection__beta1.0,10,0.8298265397708021,0.15067376842581132
reference__access_protection__beta1.0,11,0.8361927170522926,0.14438522770111667
reference__access_protection__beta1.0,12,0.8413038122651504,0.14010231730998635
reference__access_protection__beta1.0,13,0.8459417269108814,0.1368321442609966
reference__access_protection__beta1.0,14,0.8508292884690621,0.13063247079717677
reference__access_protection__beta1.0,15,0.8538621399094298,0.12484856939570566
reference__access_protection__beta1.0,16,0.8579263703574006,0.12169009113597737
attenuated__reference__beta1.0,0,0.6792500000000001,0.3544285714285714
attenuated__reference__beta1.0,1,0.7209780137858098,0.3141200420937813
attenuated__reference__beta1.0,2,0.7611113668754634,0.24916108242224103
attenuated__reference__beta1.0,3,0.7717524556515473,0.2369923794355599
attenuated__reference__beta1.0,4,0.7836864047319504,0.21679354378218124
attenuated__reference__beta1.0,5,0.7925289214500244,0.2080638862213486
attenuated__reference__beta1.0,6,0.801576157173052,0.1961951892325235
attenuated__reference__beta1.0,7,0.8082556779492909,0.18908049387166365
attenuated__reference__beta1.0,8,0.8144624471162693,0.18143230607981417
attenuated__reference__beta1.0,9,0.8199476084310536,0.17543361055185522
attenuated__reference__beta1.0,10,0.8255363527808238,0.1678264665957958
attenuated__reference__beta1.0,11,0.8310482598426758,0.1645856478664326
attenuated__reference__beta1.0,12,0.8380911718048226,0.1611896619422593
attenuated__reference__beta1.0,13,0.8419963488078441,0.15741641590899424
attenuated__reference__beta1.0,14,0.8468482317179374,0.15496935415257299
attenuated__reference__beta1.0,15,0.8499741186424777,0.15207581679362317
attenuated__reference__beta1.0,16,0.8558007245010333,0.14769614955967664
attenuated__attenuated__beta1.0,0,0.6792500000000001,0.3544285714285714
attenuated__attenuated__beta1.0,1,0.7164489410726783,0.3182166718217633
attenuated__attenuated__beta1.0,2,0.751849389234144,0.2544725976034974
attenuated__attenuated__beta1.0,3,0.7600024298827748,0.24313093950102313
attenuated__attenuated__beta1.0,4,0.7673435876128861,0.22731675549674327
attenuated__attenuated__beta1.0,5,0.7732111463535901,0.21899139821390814
attenuated__attenuated__beta1.0,6,0.7787565250355662,0.20798695082382113
attenuated__attenuated__beta1.0,7,0.7840327143038126,0.2012771366118049
attenuated__attenuated__beta1.0,8,0.7886052206319841,0.19351201667259774
attenuated__attenuated__beta1.0,9,0.7925656541429579,0.18767601011359472
attenuated__attenuated__beta1.0,10,0.7967542752341672,0.18231860506943925
attenuated__attenuated__beta1.0,11,0.8005818647189691,0.17821096864676425
attenuated__attenuated__beta1.0,12,0.8054341768265789,0.17434766459900355
attenuated__attenuated__beta1.0,13,0.8090501683138418,0.17180682360242736
attenuated__attenuated__beta1.0,14,0.8120573390785292,0.16902103974290697
attenuated__attenuated__beta1.0,15,0.8147725164451252,0.16555591193687313
attenuated__attenuated__beta1.0,16,0.8185573294885682,0.1629039974498437
attenuated__concession_cost__beta1.0,0,0.6792500000000001,0.3544285714285714
attenuated__concession_cost__beta1.0,1,0.7209780137858098,0.3141200420937813
attenuated__concession_cost__beta1.0,2,0.757564995691638,0.24243161077270622
attenuated__concession_cost__beta1.0,3,0.7695724955997885,0.22873754174615898
attenuated__concession_cost__beta1.0,4,0.7835936294750661,0.21248792165444616
attenuated__concession_cost__beta1.0,5,0.7946868572642479,0.202024863123112
attenuated__concession_cost__beta1.0,6,0.8052080194818214,0.1910134091983917
attenuated__concession_cost__beta1.0,7,0.8130460011838923,0.18277335553066965
attenuated__concession_cost__beta1.0,8,0.8205785736487102,0.17491738324880543
attenuated__concession_cost__beta1.0,9,0.8276787047020668,0.16825998746099857
attenuated__concession_cost__beta1.0,10,0.8330330366131632,0.16124495919336856
attenuated__concession_cost__beta1.0,11,0.8385767819700127,0.15591829382687716
attenuated__concession_cost__beta1.0,12,0.845124263550787,0.15245380272396392
attenuated__concession_cost__beta1.0,13,0.8488776636835841,0.14843653716863014
attenuated__concession_cost__beta1.0,14,0.8531862830483691,0.14613113536100297
attenuated__concession_cost__beta1.0,15,0.8564443827971593,0.14133747288555393
attenuated__concession_cost__beta1.0,16,0.8619124050923883,0.13834374887276366
attenuated__access_protection__beta1.0,0,0.6792500000000001,0.3544285714285714
attenuated__access_protection__beta1.0,1,0.7209780137858098,0.3141200420937813
attenuated__access_protection__beta1.0,2,0.7577070553448041,0.24938798869917492
attenuated__access_protection__beta1.0,3,0.7671503215571602,0.2369597507310253
attenuated__access_protection__beta1.0,4,0.7759149033704678,0.2218778899557564
attenuated__access_protection__beta1.0,5,0.7830701472974569,0.21446502782228546
attenuated__access_protection__beta1.0,6,0.7901398955105234,0.20397438580022448
attenuated__access_protection__beta1.0,7,0.7961558427279446,0.19766956106958508
attenuated__access_protection__beta1.0,8,0.801003570806834,0.19040112936885423
attenuated__access_protection__beta1.0,9,0.8065568746439112,0.18500043292235652
attenuated__access_protection__beta1.0,10,0.8109513944935243,0.17973895118250352
attenuated__access_protection__beta1.0,11,0.8155722487840347,0.17639953896923316
attenuated__access_protection__beta1.0,12,0.8194927549168665,0.1734212539297407
attenuated__access_protection__beta1.0,13,0.8230250595908599,0.16960938049770075
attenuated__access_protection__beta1.0,14,0.8278053757296957,0.16719270414118761
attenuated__access_protection__beta1.0,15,0.8303444162857233,0.16343855336109042
attenuated__access_protection__beta1.0,16,0.8343968070515952,0.15971355411208352
concession_cost__reference__beta1.0,0,0.6792500000000001,0.3544285714285714
concession_cost__reference__beta1.0,1,0.7251694725590114,0.30264333829436585
concession_cost__reference__beta1.0,2,0.7686535425591849,0.2265419453113865
concession_cost__reference__beta1.0,3,0.7850320240420995,0.21060254412974203
concession_cost__reference__beta1.0,4,0.8015329140965,0.18396103994398955
concession_cost__reference__beta1.0,5,0.8160465223179617,0.17343603043800748
concession_cost__reference__beta1.0,6,0.8278536452916054,0.154090124797918
concession_cost__reference__beta1.0,7,0.8366303213633441,0.14389136233010896
concession_cost__reference__beta1.0,8,0.8444003121687108,0.1324994248538647
concession_cost__reference__beta1.0,9,0.8521010652066766,0.12518469955607683
concession_cost__reference__beta1.0,10,0.8584823380110058,0.11486973935051295
concession_cost__reference__beta1.0,11,0.8646184447619479,0.10899284616048477
concession_cost__reference__beta1.0,12,0.8731432856844871,0.10094731782394843
concession_cost__reference__beta1.0,13,0.8787739599116114,0.09594048782636952
concession_cost__reference__beta1.0,14,0.8845158040632437,0.09135635392099538
concession_cost__reference__beta1.0,15,0.8903462791480153,0.08705386550597728
concession_cost__reference__beta1.0,16,0.8959469673422845,0.08091751739147858
concession_cost__attenuated__beta1.0,0,0.6792500000000001,0.3544285714285714
concession_cost__attenuated__beta1.0,1,0.7201151601917731,0.30766151729314467
concession_cost__attenuated__beta1.0,2,0.7585923686735573,0.24266556958311303
concession_cost__attenuated__beta1.0,3,0.7730571769846938,0.22769656812129366
concession_cost__attenuated__beta1.0,4,0.7850269065130372,0.21051579346327104
concession_cost__attenuated__beta1.0,5,0.7968086865012081,0.20285558644386043
concession_cost__attenuated__beta1.0,6,0.8053569332088824,0.1900562084124058
concession_cost__attenuated__beta1.0,7,0.8137048499013324,0.18034512837400235
concession_cost__attenuated__beta1.0,8,0.8198963560495144,0.17124397640829592
concession_cost__attenuated__beta1.0,9,0.8264495903474229,0.16428301407905127
concession_cost__attenuated__beta1.0,10,0.8323994321851079,0.15674135521122784
concession_cost__attenuated__beta1.0,11,0.8384233107641008,0.15176422480458307
concession_cost__attenuated__beta1.0,12,0.8459864745167912,0.14505343274525717
concession_cost__attenuated__beta1.0,13,0.8509595332033728,0.1412944278142753
concession_cost__attenuated__beta1.0,14,0.8560096920487106,0.13661325505347424
concession_cost__attenuated__beta1.0,15,0.8608879713580652,0.13390653052429666
concession_cost__attenuated__beta1.0,16,0.8651230583599858,0.1302933833035012
concession_cost__concession_cost__beta1.0,0,0.6792500000000001,0.3544285714285714
concession_cost__concession_cost__beta1.0,1,0.7251694725590114,0.30264333829436585
concession_cost__concession_cost__beta1.0,2,0.7662995818703764,0.2169649704670544
concession_cost__concession_cost__beta1.0,3,0.7844139784006604,0.19996281969035176
concession_cost__concession_cost__beta1.0,4,0.8028322153830902,0.17690709779995298
concession_cost__concession_cost__beta1.0,5,0.8187929935546746,0.16298890155902632
concession_cost__concession_cost__beta1.0,6,0.8322956924748672,0.1452567247113128
concession_cost__concession_cost__beta1.0,7,0.8424542319689902,0.13313531659260433
concession_cost__concession_cost__beta1.0,8,0.851515861614241,0.12246881629383073
concession_cost__concession_cost__beta1.0,9,0.8612562077048926,0.11370418589191943
concession_cost__concession_cost__beta1.0,10,0.8675388866193798,0.10357042609918939
concession_cost__concession_cost__beta1.0,11,0.8750526027657043,0.09592570441382091
concession_cost__concession_cost__beta1.0,12,0.8848228920719419,0.08653264904418177
concession_cost__concession_cost__beta1.0,13,0.8900260994118913,0.08120268842903755
concession_cost__concession_cost__beta1.0,14,0.8952771805480365,0.07651817905328369
concession_cost__concession_cost__beta1.0,15,0.9006349050085315,0.07163308611114591
concession_cost__concession_cost__beta1.0,16,0.9065624712379776,0.06685996312069312
concession_cost__access_protection__beta1.0,0,0.6792500000000001,0.3544285714285714
concession_cost__access_protection__beta1.0,1,0.7251694725590114,0.30264333829436585
concession_cost__access_protection__beta1.0,2,0.7616134998873787,0.22973260803879617
concession_cost__access_protection__beta1.0,3,0.7753191674140858,0.2140061371676368
concession_cost__access_protection__beta1.0,4,0.7867533636058786,0.19475043944716766
concession_cost__access_protection__beta1.0,5,0.7990322926871023,0.1857175922043494
concession_cost__access_protection__beta1.0,6,0.8076420625320545,0.17003840918269394
concession_cost__access_protection__beta1.0,7,0.8165716271137079,0.15993848686624476
concession_cost__access_protection__beta1.0,8,0.8220763082793507,0.14922708484134764
concession_cost__access_protection__beta1.0,9,0.8296998900826515,0.14156408787758443
concession_cost__access_protection__beta1.0,10,0.8341188772607613,0.13302432435673495
concession_cost__access_protection__beta1.0,11,0.8404059876354415,0.127063283294878
concession_cost__access_protection__beta1.0,12,0.8457743640255296,0.12182682066002871
concession_cost__access_protection__beta1.0,13,0.8518278855026995,0.11657372682960677
concession_cost__access_protection__beta1.0,14,0.8564826311667662,0.11167590452739273
concession_cost__access_protection__beta1.0,15,0.8602286761509174,0.10651697696108843
concession_cost__access_protection__beta1.0,16,0.8652614566604914,0.10192388420677581
access_protection__reference__beta1.0,0,0.6792500000000001,0.3544285714285714
access_protection__reference__beta1.0,1,0.7202461814379599,0.3095904034969583
access_protection__reference__beta1.0,2,0.7594014910148342,0.242927004533919
access_protection__reference__beta1.0,3,0.771524140358552,0.22622598408665198
access_protection__reference__beta1.0,4,0.7836204165174471,0.2046404490096519
access_protection__reference__beta1.0,5,0.7908373316648294,0.19785005349621804
access_protection__reference__beta1.0,6,0.8005226098855018,0.18170203711093363
access_protection__reference__beta1.0,7,0.8074064337022522,0.17391528768608674
access_protection__reference__beta1.0,8,0.8156317495438519,0.16429307950837566
access_protection__reference__beta1.0,9,0.8208536401157452,0.1596392543750581
access_protection__reference__beta1.0,10,0.8251581255227723,0.15125591386852955
access_protection__reference__beta1.0,11,0.8288546474584023,0.14602560678867763
access_protection__reference__beta1.0,12,0.8358707416187674,0.1400913134281062
access_protection__reference__beta1.0,13,0.8398347924687083,0.13672209577300434
access_protection__reference__beta1.0,14,0.8449119902038471,0.13226390165784774
access_protection__reference__beta1.0,15,0.8474746941328801,0.1290527638844344
access_protection__reference__beta1.0,16,0.8537235372840756,0.12333175815124264
access_protection__attenuated__beta1.0,0,0.6792500000000001,0.3544285714285714
access_protection__attenuated__beta1.0,1,0.7177794401861131,0.3126395795840611
access_protection__attenuated__beta1.0,2,0.7545772698774694,0.25038061582509963
access_protection__attenuated__beta1.0,3,0.7654177942001485,0.23522711660347384
access_protection__attenuated__beta1.0,4,0.7741316126356246,0.21796220200186453
access_protection__attenuated__beta1.0,5,0.7797542917176811,0.2130404407265827
access_protection__attenuated__beta1.0,6,0.786264807837609,0.20114284703317548
access_protection__attenuated__beta1.0,7,0.7919249632192168,0.19433062858792358
access_protection__attenuated__beta1.0,8,0.7977486974094381,0.1886402747619091
access_protection__attenuated__beta1.0,9,0.8018283546552786,0.18399803952607913
access_protection__attenuated__beta1.0,10,0.80667453401241,0.17903444427569218
access_protection__attenuated__beta1.0,11,0.8107603880362856,0.17501018750495728
access_protection__attenuated__beta1.0,12,0.81533165216933,0.17158900068026872
access_protection__attenuated__beta1.0,13,0.8191257278029136,0.1677277227406953
access_protection__attenuated__beta1.0,14,0.8234345460752094,0.1622134500115098
access_protection__attenuated__beta1.0,15,0.826763779273753,0.1593334965887542
access_protection__attenuated__beta1.0,16,0.8316922742621651,0.15699943925390525
access_protection__concession_cost__beta1.0,0,0.6792500000000001,0.3544285714285714
access_protection__concession_cost__beta1.0,1,0.7202461814379599,0.3095904034969583
access_protection__concession_cost__beta1.0,2,0.7555951331902802,0.23269387402673908
access_protection__concession_cost__beta1.0,3,0.769102174754779,0.21425080118223674
access_protection__concession_cost__beta1.0,4,0.7824641536999059,0.19574802979036854
access_protection__concession_cost__beta1.0,5,0.7912629093287553,0.18584545106804934
access_protection__concession_cost__beta1.0,6,0.8023168153629412,0.17091878221498544
access_protection__concession_cost__beta1.0,7,0.8096233565374035,0.1622960971352239
access_protection__concession_cost__beta1.0,8,0.8169608046630742,0.15414737962417396
access_protection__concession_cost__beta1.0,9,0.8228925731341811,0.14700885978195988
access_protection__concession_cost__beta1.0,10,0.8263512038149357,0.14010759638119244
access_protection__concession_cost__beta1.0,11,0.8312133572457874,0.13318469712511904
access_protection__concession_cost__beta1.0,12,0.8379472418078183,0.12867421642709476
access_protection__concession_cost__beta1.0,13,0.8423717973185108,0.12287467403978947
access_protection__concession_cost__beta1.0,14,0.8468223228983748,0.11772845571267895
access_protection__concession_cost__beta1.0,15,0.8490137851185504,0.11342090448815154
access_protection__concession_cost__beta1.0,16,0.8542123823662262,0.10936650100653089
access_protection__access_protection__beta1.0,0,0.6792500000000001,0.3544285714285714
access_protection__access_protection__beta1.0,1,0.7202461814379599,0.3095904034969583
access_protection__access_protection__beta1.0,2,0.7568803021821379,0.2439255449166062
access_protection__access_protection__beta1.0,3,0.7686112686564408,0.22711840637178302
access_protection__access_protection__beta1.0,4,0.7784941810810101,0.20977857639509476
access_protection__access_protection__beta1.0,5,0.7850739552010432,0.2040955620279486
access_protection__access_protection__beta1.0,6,0.7922797657811935,0.19030093371599427
access_protection__access_protection__beta1.0,7,0.7985690161119274,0.18290983097059557
access_protection__access_protection__beta1.0,8,0.8038075084350643,0.17366830065210864
access_protection__access_protection__beta1.0,9,0.8097538594799394,0.16826938781295228
access_protection__access_protection__beta1.0,10,0.8136818699632888,0.1619373226214176
access_protection__access_protection__beta1.0,11,0.8177178422115183,0.15655939617383546
access_protection__access_protection__beta1.0,12,0.8222245334725781,0.15317969540912493
access_protection__access_protection__beta1.0,13,0.8259892693176398,0.14992955819241377
access_protection__access_protection__beta1.0,14,0.8308244822420287,0.14406483899874933
access_protection__access_protection__beta1.0,15,0.8336596788731717,0.14049072564505763
access_protection__access_protection__beta1.0,16,0.8382814863137117,0.13621205864792468
reference__reference__verificationIG,0,0.6792500000000001,0.3544285714285714
reference__reference__verificationIG,1,0.7241050522810786,0.3084535537622094
reference__reference__verificationIG,2,0.7640605451482912,0.2473806240218521
reference__reference__verificationIG,3,0.7777730212989659,0.23434885598537436
reference__reference__verificationIG,4,0.7899837730986933,0.21399770602761808
reference__reference__verificationIG,5,0.8006238007624767,0.20262341081621224
reference__reference__verificationIG,6,0.8093625397247264,0.18662356717703665
reference__reference__verificationIG,7,0.8186350804150165,0.17776511118373076
reference__reference__verificationIG,8,0.8268426896193938,0.16620258586725714
reference__reference__verificationIG,9,0.834577597948704,0.15877150690247716
reference__reference__verificationIG,10,0.8400139525233464,0.15092608387327
reference__reference__verificationIG,11,0.8472823140735217,0.1432460540465969
reference__reference__verificationIG,12,0.8554560338949966,0.135813349555196
reference__reference__verificationIG,13,0.8599594144930965,0.13115529659126116
reference__reference__verificationIG,14,0.8646717700384395,0.1259206403826126
reference__reference__verificationIG,15,0.8672440617216504,0.12088263606443371
reference__reference__verificationIG,16,0.8726796337222383,0.11494831586230489
access_protection__access_protection__verificationIG,0,0.6792500000000001,0.3544285714285714
access_protection__access_protection__verificationIG,1,0.7183364975379577,0.3146449054973947
access_protection__access_protection__verificationIG,2,0.7544844132077769,0.2552702167341361
access_protection__access_protection__verificationIG,3,0.765092770303251,0.24517824196542862
access_protection__access_protection__verificationIG,4,0.7745196638752242,0.22907353175725598
access_protection__access_protection__verificationIG,5,0.7806405421916722,0.2211660340830631
access_protection__access_protection__verificationIG,6,0.7870233342038673,0.20839638169951052
access_protection__access_protection__verificationIG,7,0.7932009521032095,0.20060475614961232
access_protection__access_protection__verificationIG,8,0.7989289920635229,0.1913926620919379
access_protection__access_protection__verificationIG,9,0.8048821177196078,0.1833984220807341
access_protection__access_protection__verificationIG,10,0.8086584348503217,0.1762876755628281
access_protection__access_protection__verificationIG,11,0.8130253846781572,0.17042002119395444
access_protection__access_protection__verificationIG,12,0.8179919341858374,0.1665221841651834
access_protection__access_protection__verificationIG,13,0.8218368399189485,0.1621941656928277
access_protection__access_protection__verificationIG,14,0.8266304402264641,0.15751313353857052
access_protection__access_protection__verificationIG,15,0.82982814912653,0.15352232971720675
access_protection__access_protection__verificationIG,16,0.8333019936834013,0.14869111199380716
concession_cost__reference__verificationIG,0,0.6792500000000001,0.3544285714285714
concession_cost__reference__verificationIG,1,0.7230813963886512,0.3063044600722237
concession_cost__reference__verificationIG,2,0.7648116795361646,0.23868903307016373
concession_cost__reference__verificationIG,3,0.7787913033239631,0.22511232325606317
concession_cost__reference__verificationIG,4,0.7925726541127947,0.20223532768738775
concession_cost__reference__verificationIG,5,0.8056281089336758,0.18973293631997565
concession_cost__reference__verificationIG,6,0.815784010489075,0.1722959402914438
concession_cost__reference__verificationIG,7,0.8243693922160041,0.1637622864121234
concession_cost__reference__verificationIG,8,0.8323788873104895,0.15019224524796565
concession_cost__reference__verificationIG,9,0.8404233099164214,0.14128003883197662
concession_cost__reference__verificationIG,10,0.8463111653478574,0.13128161194660826
concession_cost__reference__verificationIG,11,0.8543609048153495,0.12548244780639833
concession_cost__reference__verificationIG,12,0.8629391221529769,0.11710734233233883
concession_cost__reference__verificationIG,13,0.8681636213602869,0.11243007365120955
concession_cost__reference__verificationIG,14,0.8744957921719321,0.10599163157076212
concession_cost__reference__verificationIG,15,0.8797873563001388,0.10086899370596467
concession_cost__reference__verificationIG,16,0.8861111310429305,0.0950515192782244
concession_cost__reference__reassure,0,0.6792500000000001,0.3544285714285714
concession_cost__reference__reassure,1,0.7251694725590114,0.30264333829436585
concession_cost__reference__reassure,2,0.7686535425591849,0.2265419453113865
concession_cost__reference__reassure,3,0.7850320240420995,0.21060254412974203
concession_cost__reference__reassure,4,0.8015329140965,0.18396103994398955
concession_cost__reference__reassure,5,0.8160465223179617,0.17343603043800748
concession_cost__reference__reassure,6,0.8278536452916054,0.154090124797918
concession_cost__reference__reassure,7,0.8366303213633441,0.14389136233010896
concession_cost__reference__reassure,8,0.832477077704276,0.17182369823253787
concession_cost__reference__reassure,9,0.8408365198105336,0.159163530718519
concession_cost__reference__reassure,10,0.8472878616545483,0.14728816046571247
concession_cost__reference__reassure,11,0.8541749467573586,0.1389828991577461
concession_cost__reference__reassure,12,0.8628450594985916,0.1289246012005952
concession_cost__reference__reassure,13,0.8680052729114839,0.12311656967784532
concession_cost__reference__reassure,14,0.8750773912901445,0.11555619156120886
concession_cost__reference__reassure,15,0.8793625564582515,0.11080214008058649
concession_cost__reference__reassure,16,0.8862391380565064,0.10180833751877047
concession_cost__reference__sham,0,0.6792500000000001,0.3544285714285714
concession_cost__reference__sham,1,0.7251694725590114,0.30264333829436585
concession_cost__reference__sham,2,0.7686535425591849,0.2265419453113865
concession_cost__reference__sham,3,0.7850320240420995,0.21060254412974203
concession_cost__reference__sham,4,0.8015329140965,0.18396103994398955
concession_cost__reference__sham,5,0.8160465223179617,0.17343603043800748
concession_cost__reference__sham,6,0.8278536452916054,0.154090124797918
concession_cost__reference__sham,7,0.8366303213633441,0.14389136233010896
concession_cost__reference__sham,8,0.832477077704276,0.17182369823253787
concession_cost__reference__sham,9,0.8418175638610514,0.15926058995860004
concession_cost__reference__sham,10,0.849701109635264,0.14538000292373995
concession_cost__reference__sham,11,0.8557907095594424,0.1371412664976871
concession_cost__reference__sham,12,0.8648309004694912,0.1260669464665414
concession_cost__reference__sham,13,0.8693048212626666,0.12039563956494473
concession_cost__reference__sham,14,0.8770068184548413,0.11168236755773867
concession_cost__reference__sham,15,0.8818730127697441,0.10679564575224054
concession_cost__reference__sham,16,0.8884371809572269,0.09811412359760785
concession_cost__reference__silence,0,0.6792500000000001,0.3544285714285714
concession_cost__reference__silence,1,0.7251694725590114,0.30264333829436585
concession_cost__reference__silence,2,0.7686535425591849,0.2265419453113865
concession_cost__reference__silence,3,0.7850320240420995,0.21060254412974203
concession_cost__reference__silence,4,0.8015329140965,0.18396103994398955
concession_cost__reference__silence,5,0.8160465223179617,0.17343603043800748
concession_cost__reference__silence,6,0.8278536452916054,0.154090124797918
concession_cost__reference__silence,7,0.8366303213633441,0.14389136233010896
concession_cost__reference__silence,8,0.832477077704276,0.17182369823253787
concession_cost__reference__silence,9,0.8418175638610514,0.15926058995860004
concession_cost__reference__silence,10,0.849701109635264,0.14538000292373995
concession_cost__reference__silence,11,0.8557907095594424,0.1371412664976871
concession_cost__reference__silence,12,0.8648309004694912,0.1260669464665414
concession_cost__reference__silence,13,0.8693048212626666,0.12039563956494473
concession_cost__reference__silence,14,0.8770068184548413,0.11168236755773867
concession_cost__reference__silence,15,0.8818730127697441,0.10679564575224054
concession_cost__reference__silence,16,0.8884371809572269,0.09811412359760785
concession_cost__reference__remove_cost,0,0.6792500000000001,0.3544285714285714
concession_cost__reference__remove_cost,1,0.7251694725590114,0.30264333829436585
concession_cost__reference__remove_cost,2,0.7686535425591849,0.2265419453113865
concession_cost__reference__remove_cost,3,0.7850320240420995,0.21060254412974203
concession_cost__reference__remove_cost,4,0.8015329140965,0.18396103994398955
concession_cost__reference__remove_cost,5,0.8160465223179617,0.17343603043800748
concession_cost__reference__remove_cost,6,0.8278536452916054,0.154090124797918
concession_cost__reference__remove_cost,7,0.8366303213633441,0.14389136233010896
concession_cost__reference__remove_cost,8,0.8444003121687108,0.1324994248538647
concession_cost__reference__remove_cost,9,0.8519804947195472,0.12569245049337946
concession_cost__reference__remove_cost,10,0.8570000108158008,0.11694111400582544
concession_cost__reference__remove_cost,11,0.8627067359706716,0.11092398080433775
concession_cost__reference__remove_cost,12,0.8706826429708053,0.10435387701193113
concession_cost__reference__remove_cost,13,0.8752939480537694,0.10010056929267509
concession_cost__reference__remove_cost,14,0.8807800947813744,0.09593520445753025
concession_cost__reference__remove_cost,15,0.8851892262763406,0.09194852872569205
concession_cost__reference__remove_cost,16,0.8917415039217865,0.08688988500816805
concession_cost__reference__remove_gamma,0,0.6792500000000001,0.3544285714285714
concession_cost__reference__remove_gamma,1,0.7251694725590114,0.30264333829436585
concession_cost__reference__remove_gamma,2,0.7686535425591849,0.2265419453113865
concession_cost__reference__remove_gamma,3,0.7850320240420995,0.21060254412974203
concession_cost__reference__remove_gamma,4,0.8015329140965,0.18396103994398955
concession_cost__reference__remove_gamma,5,0.8160465223179617,0.17343603043800748
concession_cost__reference__remove_gamma,6,0.8278536452916054,0.154090124797918
concession_cost__reference__remove_gamma,7,0.8366303213633441,0.14389136233010896
concession_cost__reference__remove_gamma,8,0.8444003121687108,0.1324994248538647
concession_cost__reference__remove_gamma,9,0.8521010652066766,0.12518469955607683
concession_cost__reference__remove_gamma,10,0.8584823380110058,0.11486973935051295
concession_cost__reference__remove_gamma,11,0.8646184447619479,0.10899284616048477
concession_cost__reference__remove_gamma,12,0.8731432856844871,0.10094731782394843
concession_cost__reference__remove_gamma,13,0.8787739599116114,0.09594048782636952
concession_cost__reference__remove_gamma,14,0.8845158040632437,0.09135635392099538
concession_cost__reference__remove_gamma,15,0.8903462791480153,0.08705386550597728
concession_cost__reference__remove_gamma,16,0.8959469673422845,0.08091751739147858
concession_cost__reference__force_open,0,0.6792500000000001,0.3544285714285714
concession_cost__reference__force_open,1,0.7251694725590114,0.30264333829436585
concession_cost__reference__force_open,2,0.7686535425591849,0.2265419453113865
concession_cost__reference__force_open,3,0.7850320240420995,0.21060254412974203
concession_cost__reference__force_open,4,0.8015329140965,0.18396103994398955
concession_cost__reference__force_open,5,0.8160465223179617,0.17343603043800748
concession_cost__reference__force_open,6,0.8278536452916054,0.154090124797918
concession_cost__reference__force_open,7,0.8366303213633441,0.14389136233010896
concession_cost__reference__force_open,8,0.8469781015236953,0.1312230575454709
concession_cost__reference__force_open,9,0.858881821489738,0.12051389584173555
concession_cost__reference__force_open,10,0.8676155029886509,0.10786408258306078
concession_cost__reference__force_open,11,0.8760239961755254,0.1002195026681021
concession_cost__reference__force_open,12,0.8889791291530589,0.08765503270252865
concession_cost__reference__force_open,13,0.8970550238617027,0.08292035670741713
concession_cost__reference__force_open,14,0.904883430936462,0.07514991105376183
concession_cost__reference__force_open,15,0.912061746756268,0.06924152255601008
concession_cost__reference__force_open,16,0.9219522542707589,0.061158539451959086
access_protection__access_protection__reassure,0,0.6792500000000001,0.3544285714285714
access_protection__access_protection__reassure,1,0.7202461814379599,0.3095904034969583
access_protection__access_protection__reassure,2,0.7568803021821379,0.2439255449166062
access_protection__access_protection__reassure,3,0.7686112686564408,0.22711840637178302
access_protection__access_protection__reassure,4,0.7784941810810101,0.20977857639509476
access_protection__access_protection__reassure,5,0.7850739552010432,0.2040955620279486
access_protection__access_protection__reassure,6,0.7922797657811935,0.19030093371599427
access_protection__access_protection__reassure,7,0.7985690161119274,0.18290983097059557
access_protection__access_protection__reassure,8,0.7950823701421962,0.21591618017767322
access_protection__access_protection__reassure,9,0.8026215817607366,0.20572971658465627
access_protection__access_protection__reassure,10,0.8069564095620139,0.19589063188591932
access_protection__access_protection__reassure,11,0.8118546443707803,0.18822570128994023
access_protection__access_protection__reassure,12,0.8185107231465154,0.180330167459128
access_protection__access_protection__reassure,13,0.8230192548653766,0.17457369750290577
access_protection__access_protection__reassure,14,0.8287671178171911,0.16392313195520078
access_protection__access_protection__reassure,15,0.8320006888372241,0.15921412671883928
access_protection__access_protection__reassure,16,0.8371079209474549,0.15056635817509578
access_protection__access_protection__sham,0,0.6792500000000001,0.3544285714285714
access_protection__access_protection__sham,1,0.7202461814379599,0.3095904034969583
access_protection__access_protection__sham,2,0.7568803021821379,0.2439255449166062
access_protection__access_protection__sham,3,0.7686112686564408,0.22711840637178302
access_protection__access_protection__sham,4,0.7784941810810101,0.20977857639509476
access_protection__access_protection__sham,5,0.7850739552010432,0.2040955620279486
access_protection__access_protection__sham,6,0.7922797657811935,0.19030093371599427
access_protection__access_protection__sham,7,0.7985690161119274,0.18290983097059557
access_protection__access_protection__sham,8,0.7950823701421962,0.21591618017767322
access_protection__access_protection__sham,9,0.8024498519745573,0.20588272217142864
access_protection__access_protection__sham,10,0.8068684967458565,0.19602262816544933
access_protection__access_protection__sham,11,0.8117087006680134,0.18833353193461916
access_protection__access_protection__sham,12,0.8182284162529011,0.18041036038776428
access_protection__access_protection__sham,13,0.8227533177456047,0.17462560424678653
access_protection__access_protection__sham,14,0.8283485433331682,0.1641264902938935
access_protection__access_protection__sham,15,0.8315947676688181,0.1593943321632474
access_protection__access_protection__sham,16,0.8366807032572654,0.1506325509167228
access_protection__access_protection__silence,0,0.6792500000000001,0.3544285714285714
access_protection__access_protection__silence,1,0.7202461814379599,0.3095904034969583
access_protection__access_protection__silence,2,0.7568803021821379,0.2439255449166062
access_protection__access_protection__silence,3,0.7686112686564408,0.22711840637178302
access_protection__access_protection__silence,4,0.7784941810810101,0.20977857639509476
access_protection__access_protection__silence,5,0.7850739552010432,0.2040955620279486
access_protection__access_protection__silence,6,0.7922797657811935,0.19030093371599427
access_protection__access_protection__silence,7,0.7985690161119274,0.18290983097059557
access_protection__access_protection__silence,8,0.7950823701421962,0.21591618017767322
access_protection__access_protection__silence,9,0.8024498519745573,0.20588272217142864
access_protection__access_protection__silence,10,0.8068684967458565,0.19602262816544933
access_protection__access_protection__silence,11,0.8117087006680134,0.18833353193461916
access_protection__access_protection__silence,12,0.8182284162529011,0.18041036038776428
access_protection__access_protection__silence,13,0.8227533177456047,0.17462560424678653
access_protection__access_protection__silence,14,0.8283485433331682,0.1641264902938935
access_protection__access_protection__silence,15,0.8315947676688181,0.1593943321632474
access_protection__access_protection__silence,16,0.8366807032572654,0.1506325509167228
access_protection__access_protection__remove_cost,0,0.6792500000000001,0.3544285714285714
access_protection__access_protection__remove_cost,1,0.7202461814379599,0.3095904034969583
access_protection__access_protection__remove_cost,2,0.7568803021821379,0.2439255449166062
access_protection__access_protection__remove_cost,3,0.7686112686564408,0.22711840637178302
access_protection__access_protection__remove_cost,4,0.7784941810810101,0.20977857639509476
access_protection__access_protection__remove_cost,5,0.7850739552010432,0.2040955620279486
access_protection__access_protection__remove_cost,6,0.7922797657811935,0.19030093371599427
access_protection__access_protection__remove_cost,7,0.7985690161119274,0.18290983097059557
access_protection__access_protection__remove_cost,8,0.8038075084350643,0.17366830065210864
access_protection__access_protection__remove_cost,9,0.8097538594799394,0.16826938781295228
access_protection__access_protection__remove_cost,10,0.8136818699632888,0.1619373226214176
access_protection__access_protection__remove_cost,11,0.8177178422115183,0.15655939617383546
access_protection__access_protection__remove_cost,12,0.8222245334725781,0.15317969540912493
access_protection__access_protection__remove_cost,13,0.8259892693176398,0.14992955819241377
access_protection__access_protection__remove_cost,14,0.8308244822420287,0.14406483899874933
access_protection__access_protection__remove_cost,15,0.8336596788731717,0.14049072564505763
access_protection__access_protection__remove_cost,16,0.8382814863137117,0.13621205864792468
access_protection__access_protection__remove_gamma,0,0.6792500000000001,0.3544285714285714
access_protection__access_protection__remove_gamma,1,0.7202461814379599,0.3095904034969583
access_protection__access_protection__remove_gamma,2,0.7568803021821379,0.2439255449166062
access_protection__access_protection__remove_gamma,3,0.7686112686564408,0.22711840637178302
access_protection__access_protection__remove_gamma,4,0.7784941810810101,0.20977857639509476
access_protection__access_protection__remove_gamma,5,0.7850739552010432,0.2040955620279486
access_protection__access_protection__remove_gamma,6,0.7922797657811935,0.19030093371599427
access_protection__access_protection__remove_gamma,7,0.7985690161119274,0.18290983097059557
access_protection__access_protection__remove_gamma,8,0.8081962939488528,0.17088043152473295
access_protection__access_protection__remove_gamma,9,0.8190080986978797,0.16191299767956638
access_protection__access_protection__remove_gamma,10,0.8257850607843743,0.15232858996789628
access_protection__access_protection__remove_gamma,11,0.8330798916760105,0.14414771573849652
access_protection__access_protection__remove_gamma,12,0.8430518213834605,0.1370652299110013
access_protection__access_protection__remove_gamma,13,0.8495248442969827,0.13364115325403994
access_protection__access_protection__remove_gamma,14,0.8555818179030903,0.1266962795413659
access_protection__access_protection__remove_gamma,15,0.8619441276202919,0.11966383527596315
access_protection__access_protection__remove_gamma,16,0.8708515871385359,0.11215944011156116
access_protection__access_protection__force_open,0,0.6792500000000001,0.3544285714285714
access_protection__access_protection__force_open,1,0.7202461814379599,0.3095904034969583
access_protection__access_protection__force_open,2,0.7568803021821379,0.2439255449166062
access_protection__access_protection__force_open,3,0.7686112686564408,0.22711840637178302
access_protection__access_protection__force_open,4,0.7784941810810101,0.20977857639509476
access_protection__access_protection__force_open,5,0.7850739552010432,0.2040955620279486
access_protection__access_protection__force_open,6,0.7922797657811935,0.19030093371599427
access_protection__access_protection__force_open,7,0.7985690161119274,0.18290983097059557
access_protection__access_protection__force_open,8,0.8094313082083925,0.16976977277173738
access_protection__access_protection__force_open,9,0.8225944552737867,0.1570203312124342
access_protection__access_protection__force_open,10,0.8313308988008289,0.14447572980854628
access_protection__access_protection__force_open,11,0.8408868504227457,0.13473977860182745
access_protection__access_protection__force_open,12,0.8545319015391698,0.12426726512012194
access_protection__access_protection__force_open,13,0.8625221007470256,0.1169913931414464
access_protection__access_protection__force_open,14,0.8712272721482609,0.10742554551354244
access_protection__access_protection__force_open,15,0.8800701843941915,0.10002643902089264
access_protection__access_protection__force_open,16,0.8914284148780731,0.09175030459175092
reference__reference__no_gate,0,0.6792500000000001,0.3544285714285714
reference__reference__no_gate,1,0.7288620548074659,0.3005006425955717
reference__reference__no_gate,2,0.7759593715258736,0.22899821133617945
reference__reference__no_gate,3,0.7951380307366728,0.20743115329866452
reference__reference__no_gate,4,0.8129915191856544,0.18475016283000315
reference__reference__no_gate,5,0.8292539164534035,0.16915136859090885
reference__reference__no_gate,6,0.8449857525827613,0.14722510873902803
reference__reference__no_gate,7,0.8582404228362142,0.13314041796341475
reference__reference__no_gate,8,0.8694336626492724,0.12240439695001834
reference__reference__no_gate,9,0.8771590020504219,0.11501408705526575
reference__reference__no_gate,10,0.8844706671399292,0.1073795237362168
reference__reference__no_gate,11,0.8907273252524711,0.10110004027934757
reference__reference__no_gate,12,0.9012765822827862,0.09133038285799414
reference__reference__no_gate,13,0.9088120838603103,0.08426041674768084
reference__reference__no_gate,14,0.9148373148301705,0.07714691785263877
reference__reference__no_gate,15,0.9216902076145049,0.07163546961893985
reference__reference__no_gate,16,0.9284762618048105,0.06606305004949536
access_protection__access_protection__no_gate,0,0.6792500000000001,0.3544285714285714
access_protection__access_protection__no_gate,1,0.728729068913309,0.2991401784467704
access_protection__access_protection__no_gate,2,0.7754499188066725,0.2258140166772073
access_protection__access_protection__no_gate,3,0.7919891039598649,0.20674010993220376
access_protection__access_protection__no_gate,4,0.8084588304203622,0.184403654918395
access_protection__access_protection__no_gate,5,0.8226817883219596,0.1701692568683909
access_protection__access_protection__no_gate,6,0.8364040791939479,0.15098613748639822
access_protection__access_protection__no_gate,7,0.8492934187828489,0.13958471847071996
access_protection__access_protection__no_gate,8,0.8592440257635353,0.12720702021881267
access_protection__access_protection__no_gate,9,0.8672823929569893,0.1196045696743857
access_protection__access_protection__no_gate,10,0.873519987211404,0.11193449527909655
access_protection__access_protection__no_gate,11,0.8800334343597931,0.10548518136943522
access_protection__access_protection__no_gate,12,0.8903225237227642,0.09704572259497672
access_protection__access_protection__no_gate,13,0.8976408830135351,0.08946855887778259
access_protection__access_protection__no_gate,14,0.9035406177088336,0.0820572642889141
access_protection__access_protection__no_gate,15,0.9089097707929339,0.07668110470937514
access_protection__access_protection__no_gate,16,0.9160201543733776,0.07104705827370496
